nome_arquivo;codigo_acervo;catalogo_número_de_tombo;catalogo_identificação_museológica;catalogo_nome_da_coleção;catalogo_descrição;nome_sem_extensao;titulo_colecao;descricao;palavras_chave;projeto;cidade;estado;pais;data_criacao;data_modificacao_xmp;data_metadados_xmp;fabricante_camera;modelo_camera;numero_serie_camera;lente;numero_serie_lente;arquivo_original;arquivo_raw;formato;extensao;largura_pixels;altura_pixels;orientacao_imagem;proporcao;megapixels;modo_cor;quantidade_frames;resolucao_x;resolucao_y;tamanho_bytes;tamanho_kb;tamanho_mb;data_modificacao_arquivo;catalogo_identificação_local;catalogo_material_suporte;catalogo_técnica;catalogo_função;catalogo_quantidade_de_componentes;catalogo_grafismos;catalogo_dimensões;catalogo_estado_de_conservação;catalogo_inscrições_e_marcas;catalogo_localização;catalogo_autor_artesão;catalogo_povo;catalogo_auto_denominação;catalogo_aldeia;catalogo_data_de_coleta;catalogo_data_de_fabricação;catalogo_cedente;catalogo_coletor;catalogo_forma_de_aquisição;catalogo_data_de_entrada_no_mn;catalogo_data_de_tombamento;catalogo_status;catalogo_situação;catalogo_histórico_administrativo;catalogo_histórico_de_exposições;catalogo_documentação;catalogo_bibliografia;catalogo_notas_gerais
MN 003-33.jpg;MNSEE.003.0012;MNSEE.003.0012;Maracá;003. Guarani-Kaiowá – Tekoha em litígio;Com fios de lã aglomerados, rosa e marrom. Formato oval e alongado.;MN 003-33;Coleção Guarani Kaiowá - Tekohá em litígio - 2020.;"Maracá/ Mbaraká. Instrumento musical e ritualístico. Artesã Micaela Vargas. Aldeia Kurusu-Amba (Jguapiré) - Mato Grosso do Sul, Brasil. Dimensões: A-34cm; L-9cm. Acervo do Setor de Etnologia e Etnografia, Museu Nacional/UFRJ. Coleção Guarani Kaiowá - Tekohá em litígio, doada em 2020.";Aldeia Jaguapiré | Etnologia | Guarani Kaiowá | MS | Maracá | Mato Grosso do Sul | Tonico Benites | cabaça | indígena brasileiro;Projeto de Reconstrução do Setor de Etnologia e Etnografia do Museu Nacional/ UFRJ.;;;;2021-05-20T10:44:20.00;2022-11-05T21:33:03-03:00;2022-11-05T21:33:03-03:00;NIKON CORPORATION;NIKON D800;3038633;60.0 mm f/2.8;;DSC_0460.NEF;MN 003-33.dng;JPEG;.jpg;3717;7126;vertical;0.5216;26.49;RGB;1;300.0;300.0;6587720;6433.32;6.28;2022-11-06 00:33:04.799099684;Mbaraka;Cabaça;;Religioso || Ritualistico;1;;"A-34cm; L-9cm; P- 83g";;;;Micaela Vargas (idosa com mais de 80 anos);Guarani Kaiowá ;Pai-Tavyterã;Aldeia Kurusu-Amba (Jaguapiré) -MS;2019.12;2009;Tonico Benites ;Tonico Benites;Doação;2020.01.21;2021.04.26;Física - Museu Nacional ;Reserva Técnica;Enviada para tratamento de anóxia no dia 24 de janeiro de 2020, retornou dia 10 de fevereiro de 2021. Recebido no Colégio Pedro II - Campus Tijuca. ;;;Catalogação participativa realizada com o Prof.Dr. Tonico Benites emjaneiro de 2020. Aconteceu no Hosto Botânico do Museu Nacinal/UFRJ. Além do Tonico, estavam presentes Paula de Aguiar, Renata Valente e Vinicius Santos.;"O formato mais ou menos oval não faz diferença,  o importante é quem usou, onde usou, em que momento. Usado para ""esfriar"" situações.  "
MN 003-34.jpg;MNSEE.003.0012;MNSEE.003.0012;Maracá;003. Guarani-Kaiowá – Tekoha em litígio;Com fios de lã aglomerados, rosa e marrom. Formato oval e alongado.;MN 003-34;Coleção Guarani Kaiowá - Tekohá em litígio - 2020.;"Maracá/ Mbaraká. Instrumento musical e ritualístico. Artesã Micaela Vargas. Aldeia Kurusu-Amba (Jguapiré) - Mato Grosso do Sul, Brasil. Dimensões: A-34cm; L-9cm. Acervo do Setor de Etnologia e Etnografia, Museu Nacional/UFRJ. Coleção Guarani Kaiowá - Tekohá em litígio, doada em 2020.";Aldeia Jaguapiré | Etnologia | Guarani Kaiowá | MS | Maracá | Mato Grosso do Sul | Tonico Benites | cabaça | indígena brasileiro;Projeto de Reconstrução do Setor de Etnologia e Etnografia do Museu Nacional/ UFRJ.;;;;2021-05-20T10:53:28.70;2022-11-05T21:33:04-03:00;2022-11-05T21:33:04-03:00;NIKON CORPORATION;NIKON D800;3038633;60.0 mm f/2.8;;DSC_0462.NEF;MN 003-34.dng;JPEG;.jpg;3717;7126;vertical;0.5216;26.49;RGB;1;300.0;300.0;6460729;6309.31;6.16;2022-11-06 00:33:05.080347776;Mbaraka;Cabaça;;Religioso || Ritualistico;1;;"A-34cm; L-9cm; P- 83g";;;;Micaela Vargas (idosa com mais de 80 anos);Guarani Kaiowá ;Pai-Tavyterã;Aldeia Kurusu-Amba (Jaguapiré) -MS;2019.12;2009;Tonico Benites ;Tonico Benites;Doação;2020.01.21;2021.04.26;Física - Museu Nacional ;Reserva Técnica;Enviada para tratamento de anóxia no dia 24 de janeiro de 2020, retornou dia 10 de fevereiro de 2021. Recebido no Colégio Pedro II - Campus Tijuca. ;;;Catalogação participativa realizada com o Prof.Dr. Tonico Benites emjaneiro de 2020. Aconteceu no Hosto Botânico do Museu Nacinal/UFRJ. Além do Tonico, estavam presentes Paula de Aguiar, Renata Valente e Vinicius Santos.;"O formato mais ou menos oval não faz diferença,  o importante é quem usou, onde usou, em que momento. Usado para ""esfriar"" situações.  "
MN 003-83.jpg;MNSEE.003.0001;MNSEE.003.0001;Peneira;003. Guarani-Kaiowá – Tekoha em litígio;A peneira possui uma separação em cruz no centro, ela ajuda na delimitação de quadrantes e na divisão entre grãos mais finos. Preparação de alimentos e bebidas fermentadas.;MN 003-83;Coleção Guarani Kaiowá - Tekohá em litígio - 2020.;"Peneira/ Yrupẽ. A peneira possui uma separação em cruz no centro, ela ajuda na delimitação de quadrantes e na divisão entre grãos mais finos. Artesã Micaela Vargas. Aldeia Kurusu-Amba (Jguapiré) -  Mato Grosso do Sul, Brasil. Dimensões: A-16cm; D-45cm. Acervo do Setor de Etnologia e Etnografia, Museu Nacional/UFRJ. Coleção Guarani Kaiowá - Tekohá em litígio, doada em 2020.";Aldeia Jaguapiré | Etnologia | Guarani Kaiowá | MNSEE.003.0001 | MS | Mato Grosso do Sul | Peneira | Taquara | Tonico Benites | Yrupẽ | indígena brasileiro;Projeto de Reconstrução do Setor de Etnologia e Etnografia do Museu Nacional/ UFRJ.;;;;2021-04-28T10:25:07.20-03:00;2022-11-05T19:10:58-03:00;2022-11-05T19:10:58-03:00;Canon;Canon EOS 5D Mark IV;3,82037E+11;EF24-105mm f/3.5-5.6 IS STM;000002643f;_N5A4849.CR2;MN 003-83.dng;JPEG;.jpg;4480;5735;vertical;0.7812;25.69;RGB;1;300.0;300.0;12609068;12313.54;12.02;2022-11-05 22:11:00.252080917;Yrupẽ;Fibras vegetais || Taquara || Madeira de cedro;Trançado;Utilitário;1;;"A-16cm; D- 45cm";;;;Micaela Vargas (idosa com mais de 80 anos);Guarani Kaiowá ;Pai-Tavyterã;Aldeia Kurusu-Amba (Jaguapiré) -MS;2019.12;2019.11;Tonico Benites ;Tonico Benites;Doação;2020.01.21;2021.04.26;Física - Museu Nacional ;Reserva Técnica;Enviada para tratamento de anóxia no dia 24 de janeiro de 2020, retornou dia 10 de fevereiro de 2021. Recebido no Colégio Pedro II - Campus Tijuca. ;;;Catalogação participativa realizada com o Prof.Dr. Tonico Benites emjaneiro de 2020. Aconteceu no Hosto Botânico do Museu Nacinal/UFRJ. Além do Tonico, estavam presentes Paula de Aguiar, Renata Valente e Vinicius Santos.;A peneira foi feita para ser doada ao Museu Nacional. Levou três meses para ser feita entre colher e a confecção. A taquara é escassa ou ausente, por isso já não muito utilizado para a confecção. 
MN 003-84.jpg;MNSEE.003.0001;MNSEE.003.0001;Peneira;003. Guarani-Kaiowá – Tekoha em litígio;A peneira possui uma separação em cruz no centro, ela ajuda na delimitação de quadrantes e na divisão entre grãos mais finos. Preparação de alimentos e bebidas fermentadas.;MN 003-84;Coleção Guarani Kaiowá - Tekohá em litígio - 2020.;"Peneira/ Yrupẽ. A peneira possui uma separação em cruz no centro, ela ajuda na delimitação de quadrantes e na divisão entre grãos mais finos. Artesã Micaela Vargas. Aldeia Kurusu-Amba (Jguapiré) -  Mato Grosso do Sul, Brasil. Dimensões: A-16cm; D-45cm. Acervo do Setor de Etnologia e Etnografia, Museu Nacional/UFRJ. Coleção Guarani Kaiowá - Tekohá em litígio, doada em 2020.";Aldeia Jaguapiré | Etnologia | Guarani Kaiowá | MNSEE.003.0001 | MS | Mato Grosso do Sul | Peneira | Taquara | Tonico Benites | Yrupẽ | indígena brasileiro;Projeto de Reconstrução do Setor de Etnologia e Etnografia do Museu Nacional/ UFRJ.;;;;2021-04-28T10:25:51.99-03:00;2022-11-05T19:11:00-03:00;2022-11-05T19:11-03:00;Canon;Canon EOS 5D Mark IV;3,82037E+11;EF24-105mm f/3.5-5.6 IS STM;000002643f;_N5A4850.CR2;MN 003-84.dng;JPEG;.jpg;4480;4865;vertical;0.9209;21.8;RGB;1;300.0;300.0;11771687;11495.79;11.23;2022-11-05 22:11:03.218151093;Yrupẽ;Fibras vegetais || Taquara || Madeira de cedro;Trançado;Utilitário;1;;"A-16cm; D- 45cm";;;;Micaela Vargas (idosa com mais de 80 anos);Guarani Kaiowá ;Pai-Tavyterã;Aldeia Kurusu-Amba (Jaguapiré) -MS;2019.12;2019.11;Tonico Benites ;Tonico Benites;Doação;2020.01.21;2021.04.26;Física - Museu Nacional ;Reserva Técnica;Enviada para tratamento de anóxia no dia 24 de janeiro de 2020, retornou dia 10 de fevereiro de 2021. Recebido no Colégio Pedro II - Campus Tijuca. ;;;Catalogação participativa realizada com o Prof.Dr. Tonico Benites emjaneiro de 2020. Aconteceu no Hosto Botânico do Museu Nacinal/UFRJ. Além do Tonico, estavam presentes Paula de Aguiar, Renata Valente e Vinicius Santos.;A peneira foi feita para ser doada ao Museu Nacional. Levou três meses para ser feita entre colher e a confecção. A taquara é escassa ou ausente, por isso já não muito utilizado para a confecção. 
MN 003-85.jpg;MNSEE.003.0001;MNSEE.003.0001;Peneira;003. Guarani-Kaiowá – Tekoha em litígio;A peneira possui uma separação em cruz no centro, ela ajuda na delimitação de quadrantes e na divisão entre grãos mais finos. Preparação de alimentos e bebidas fermentadas.;MN 003-85;Coleção Guarani Kaiowá - Tekohá em litígio - 2020.;"Peneira/ Yrupẽ. A peneira possui uma separação em cruz no centro, ela ajuda na delimitação de quadrantes e na divisão entre grãos mais finos. Artesã Micaela Vargas. Aldeia Kurusu-Amba (Jguapiré) -  Mato Grosso do Sul, Brasil. Dimensões: A-16cm; D-45cm. Acervo do Setor de Etnologia e Etnografia, Museu Nacional/UFRJ. Coleção Guarani Kaiowá - Tekohá em litígio, doada em 2020.";Aldeia Jaguapiré | Etnologia | Guarani Kaiowá | MNSEE.003.0001 | MS | Mato Grosso do Sul | Peneira | Taquara | Tonico Benites | Yrupẽ | indígena brasileiro;Projeto de Reconstrução do Setor de Etnologia e Etnografia do Museu Nacional/ UFRJ.;;;;2021-04-28T10:27:33.57-03:00;2022-11-05T19:11:03-03:00;2022-11-05T19:11:03-03:00;Canon;Canon EOS 5D Mark IV;3,82037E+11;EF24-105mm f/3.5-5.6 IS STM;000002643f;_N5A4852.CR2;MN 003-85.dng;JPEG;.jpg;3978;4865;vertical;0.8177;19.35;RGB;1;300.0;300.0;4827588;4714.44;4.6;2022-11-05 22:11:05.684556484;Yrupẽ;Fibras vegetais || Taquara || Madeira de cedro;Trançado;Utilitário;1;;"A-16cm; D- 45cm";;;;Micaela Vargas (idosa com mais de 80 anos);Guarani Kaiowá ;Pai-Tavyterã;Aldeia Kurusu-Amba (Jaguapiré) -MS;2019.12;2019.11;Tonico Benites ;Tonico Benites;Doação;2020.01.21;2021.04.26;Física - Museu Nacional ;Reserva Técnica;Enviada para tratamento de anóxia no dia 24 de janeiro de 2020, retornou dia 10 de fevereiro de 2021. Recebido no Colégio Pedro II - Campus Tijuca. ;;;Catalogação participativa realizada com o Prof.Dr. Tonico Benites emjaneiro de 2020. Aconteceu no Hosto Botânico do Museu Nacinal/UFRJ. Além do Tonico, estavam presentes Paula de Aguiar, Renata Valente e Vinicius Santos.;A peneira foi feita para ser doada ao Museu Nacional. Levou três meses para ser feita entre colher e a confecção. A taquara é escassa ou ausente, por isso já não muito utilizado para a confecção. 
MN 003-86.jpg;MNSEE.003.0001;MNSEE.003.0001;Peneira;003. Guarani-Kaiowá – Tekoha em litígio;A peneira possui uma separação em cruz no centro, ela ajuda na delimitação de quadrantes e na divisão entre grãos mais finos. Preparação de alimentos e bebidas fermentadas.;MN 003-86;Coleção Guarani Kaiowá - Tekohá em litígio - 2020.;"Peneira/ Yrupẽ. A peneira possui uma separação em cruz no centro, ela ajuda na delimitação de quadrantes e na divisão entre grãos mais finos. Artesã Micaela Vargas. Aldeia Kurusu-Amba (Jguapiré) -  Mato Grosso do Sul, Brasil. Dimensões: A-16cm; D-45cm. Acervo do Setor de Etnologia e Etnografia, Museu Nacional/UFRJ. Coleção Guarani Kaiowá - Tekohá em litígio, doada em 2020.";Aldeia Jaguapiré | Etnologia | Guarani Kaiowá | MNSEE.003.0001 | MS | Mato Grosso do Sul | Peneira | Taquara | Tonico Benites | Yrupẽ | indígena brasileiro;Projeto de Reconstrução do Setor de Etnologia e Etnografia do Museu Nacional/ UFRJ.;;;;2021-04-28T10:30:41.00-03:00;2022-11-05T19:11:06-03:00;2022-11-05T19:11:06-03:00;Canon;Canon EOS 5D Mark IV;3,82037E+11;EF24-105mm f/3.5-5.6 IS STM;000002643f;_N5A4854.CR2;MN 003-86.dng;JPEG;.jpg;4480;4999;vertical;0.8962;22.4;RGB;1;300.0;300.0;11450340;11181.97;10.92;2022-11-05 22:11:08.346441507;Yrupẽ;Fibras vegetais || Taquara || Madeira de cedro;Trançado;Utilitário;1;;"A-16cm; D- 45cm";;;;Micaela Vargas (idosa com mais de 80 anos);Guarani Kaiowá ;Pai-Tavyterã;Aldeia Kurusu-Amba (Jaguapiré) -MS;2019.12;2019.11;Tonico Benites ;Tonico Benites;Doação;2020.01.21;2021.04.26;Física - Museu Nacional ;Reserva Técnica;Enviada para tratamento de anóxia no dia 24 de janeiro de 2020, retornou dia 10 de fevereiro de 2021. Recebido no Colégio Pedro II - Campus Tijuca. ;;;Catalogação participativa realizada com o Prof.Dr. Tonico Benites emjaneiro de 2020. Aconteceu no Hosto Botânico do Museu Nacinal/UFRJ. Além do Tonico, estavam presentes Paula de Aguiar, Renata Valente e Vinicius Santos.;A peneira foi feita para ser doada ao Museu Nacional. Levou três meses para ser feita entre colher e a confecção. A taquara é escassa ou ausente, por isso já não muito utilizado para a confecção. 
MN 003-87.jpg;MNSEE.003.0001;MNSEE.003.0001;Peneira;003. Guarani-Kaiowá – Tekoha em litígio;A peneira possui uma separação em cruz no centro, ela ajuda na delimitação de quadrantes e na divisão entre grãos mais finos. Preparação de alimentos e bebidas fermentadas.;MN 003-87;Coleção Guarani Kaiowá - Tekohá em litígio - 2020.;"Peneira/ Yrupẽ. A peneira possui uma separação em cruz no centro, ela ajuda na delimitação de quadrantes e na divisão entre grãos mais finos. Artesã Micaela Vargas. Aldeia Kurusu-Amba (Jguapiré) -  Mato Grosso do Sul, Brasil. Dimensões: A-16cm; D-45cm. Acervo do Setor de Etnologia e Etnografia, Museu Nacional/UFRJ. Coleção Guarani Kaiowá - Tekohá em litígio, doada em 2020.";Aldeia Jaguapiré | Etnologia | Guarani Kaiowá | MNSEE.003.0001 | MS | Mato Grosso do Sul | Peneira | Taquara | Tonico Benites | Yrupẽ | indígena brasileiro;Projeto de Reconstrução do Setor de Etnologia e Etnografia do Museu Nacional/ UFRJ.;;;;2021-04-28T10:33:21.55-03:00;2022-11-05T19:11:19-03:00;2022-11-05T19:11:19-03:00;Canon;Canon EOS 5D Mark IV;3,82037E+11;EF24-105mm f/3.5-5.6 IS STM;000002643f;_N5A4858.CR2;MN 003-87.dng;JPEG;.jpg;6392;4175;horizontal;1.531;26.69;RGB;1;300.0;300.0;10180732;9942.12;9.71;2022-11-05 22:11:21.989963770;Yrupẽ;Fibras vegetais || Taquara || Madeira de cedro;Trançado;Utilitário;1;;"A-16cm; D- 45cm";;;;Micaela Vargas (idosa com mais de 80 anos);Guarani Kaiowá ;Pai-Tavyterã;Aldeia Kurusu-Amba (Jaguapiré) -MS;2019.12;2019.11;Tonico Benites ;Tonico Benites;Doação;2020.01.21;2021.04.26;Física - Museu Nacional ;Reserva Técnica;Enviada para tratamento de anóxia no dia 24 de janeiro de 2020, retornou dia 10 de fevereiro de 2021. Recebido no Colégio Pedro II - Campus Tijuca. ;;;Catalogação participativa realizada com o Prof.Dr. Tonico Benites emjaneiro de 2020. Aconteceu no Hosto Botânico do Museu Nacinal/UFRJ. Além do Tonico, estavam presentes Paula de Aguiar, Renata Valente e Vinicius Santos.;A peneira foi feita para ser doada ao Museu Nacional. Levou três meses para ser feita entre colher e a confecção. A taquara é escassa ou ausente, por isso já não muito utilizado para a confecção. 
MN 003-88.jpg;MNSEE.003.0002;MNSEE.003.0002;Abanador;003. Guarani-Kaiowá – Tekoha em litígio;Abano com uma haste rígida que estrutura a peça. Dessa haste segue as folhas da palmeira que trançadas, formam o corpo da peneira. Na ponta, possui uma corda azul arrematando o trançado. ;MN 003-88;Coleção Guarani Kaiowá - Tekohá em litígio - 2020.;"Abanador/Tepeká feito com fibras vegetais trançadas. Artesã Micaela Vargas, Aldeia Kurusu-Amba (Jguapiré) - Mato Grosso do Sul, Brasil. Dimensões: A-23cm; L-40cm. Acervo do Setor de Etnologia e Etnografia, Museu Nacional/UFRJ. Coleção Guarani Kaiowá - Tekohá em litígio, doada em 2020.";Aldeia Kurusu-Amba (Jguapiré) | Etnologia | Guarani Kaiowá | MNSEE.003.0002 | MS | Mato Grosso do Sul | Tepeká | Tonico Benites | indígena brasileiro;Projeto de Reconstrução do Setor de Etnologia e Etnografia do Museu Nacional/ UFRJ.;;;;2021-04-28T10:40:03.00-03:00;2022-11-05T19:11:13-03:00;2022-11-05T19:11:13-03:00;Canon;Canon EOS 5D Mark IV;3,82037E+11;EF24-105mm f/3.5-5.6 IS STM;000002643f;_N5A4859.CR2;MN 003-88.dng;JPEG;.jpg;5417;4480;horizontal;12.092;24.27;RGB;1;300.0;300.0;8130741;7940.18;7.75;2022-11-05 22:11:14.418206692;Tapekua;Fibras vegetais ;Trançado;Utilitário || Conforto doméstico ;1;;"A-23cm; L- 40cm";;;;Micaela Vargas (idosa com mais de 80 anos);Guarani Kaiowá ;Pai-Tavyterã;Aldeia Kurusu-Amba (Jaguapiré) -MS;2019.12;2019.12;Tonico Benites ;Tonico Benites;Doação;2020.01.21;2021.04.26;Física - Museu Nacional ;Reserva Técnica;Enviada para tratamento de anóxia no dia 24 de janeiro de 2020, retornou dia 10 de fevereiro de 2021. Recebido no Colégio Pedro II - Campus Tijuca. ;;;Catalogação participativa realizada com o Prof.Dr. Tonico Benites emjaneiro de 2020. Aconteceu no Hosto Botânico do Museu Nacinal/UFRJ. Além do Tonico, estavam presentes Paula de Aguiar, Renata Valente e Vinicius Santos.;Palmeira típica da floresta, usada para abanar o fogo e para o conforto pessoal também. 
MN 003-89.jpg;MNSEE.003.0002;MNSEE.003.0002;Abanador;003. Guarani-Kaiowá – Tekoha em litígio;Abano com uma haste rígida que estrutura a peça. Dessa haste segue as folhas da palmeira que trançadas, formam o corpo da peneira. Na ponta, possui uma corda azul arrematando o trançado. ;MN 003-89;Coleção Guarani Kaiowá - Tekohá em litígio - 2020.;"Abanador/Tepeká feito com fibras vegetais trançadas. Artesã Micaela Vargas, Aldeia Kurusu-Amba (Jguapiré) - Mato Grosso do Sul, Brasil. Dimensões: A-23cm; L-40cm. Acervo do Setor de Etnologia e Etnografia, Museu Nacional/UFRJ. Coleção Guarani Kaiowá - Tekohá em litígio, doada em 2020.";Aldeia Kurusu-Amba (Jguapiré) | Etnologia | Guarani Kaiowá | MNSEE.003.0002 | MS | Mato Grosso do Sul | Tepeká | Tonico Benites | indígena brasileiro;Projeto de Reconstrução do Setor de Etnologia e Etnografia do Museu Nacional/ UFRJ.;;;;2021-04-28T10:50:31.99-03:00;2022-11-05T19:11:12-03:00;2022-11-05T19:11:12-03:00;Canon;Canon EOS 5D Mark IV;3,82037E+11;EF24-105mm f/3.5-5.6 IS STM;000002643f;_N5A4863.CR2;MN 003-89.dng;JPEG;.jpg;6145;4304;horizontal;14.277;26.45;RGB;1;300.0;300.0;14081773;13751.73;13.43;2022-11-05 22:11:14.009299994;Tapekua;Fibras vegetais ;Trançado;Utilitário || Conforto doméstico ;1;;"A-23cm; L- 40cm";;;;Micaela Vargas (idosa com mais de 80 anos);Guarani Kaiowá ;Pai-Tavyterã;Aldeia Kurusu-Amba (Jaguapiré) -MS;2019.12;2019.12;Tonico Benites ;Tonico Benites;Doação;2020.01.21;2021.04.26;Física - Museu Nacional ;Reserva Técnica;Enviada para tratamento de anóxia no dia 24 de janeiro de 2020, retornou dia 10 de fevereiro de 2021. Recebido no Colégio Pedro II - Campus Tijuca. ;;;Catalogação participativa realizada com o Prof.Dr. Tonico Benites emjaneiro de 2020. Aconteceu no Hosto Botânico do Museu Nacinal/UFRJ. Além do Tonico, estavam presentes Paula de Aguiar, Renata Valente e Vinicius Santos.;Palmeira típica da floresta, usada para abanar o fogo e para o conforto pessoal também. 
MN 003-90.jpg;MNSEE.003.0002;MNSEE.003.0002;Abanador;003. Guarani-Kaiowá – Tekoha em litígio;Abano com uma haste rígida que estrutura a peça. Dessa haste segue as folhas da palmeira que trançadas, formam o corpo da peneira. Na ponta, possui uma corda azul arrematando o trançado. ;MN 003-90;Coleção Guarani Kaiowá - Tekohá em litígio - 2020.;"Abanador/Tepeká feito com fibras vegetais trançadas. Artesã Micaela Vargas, Aldeia Kurusu-Amba (Jguapiré) - Mato Grosso do Sul, Brasil. Dimensões: A-23cm; L-40cm. Acervo do Setor de Etnologia e Etnografia, Museu Nacional/UFRJ. Coleção Guarani Kaiowá - Tekohá em litígio, doada em 2020.";Aldeia Kurusu-Amba (Jguapiré) | Etnologia | Guarani Kaiowá | MNSEE.003.0002 | MS | Mato Grosso do Sul | Tepeká | Tonico Benites | indígena brasileiro;Projeto de Reconstrução do Setor de Etnologia e Etnografia do Museu Nacional/ UFRJ.;;;;2021-04-28T10:51:01.35-03:00;2022-11-05T19:11:22-03:00;2022-11-05T19:11:22-03:00;Canon;Canon EOS 5D Mark IV;3,82037E+11;EF24-105mm f/3.5-5.6 IS STM;000002643f;_N5A4864.CR2;MN 003-90.dng;JPEG;.jpg;6145;4304;horizontal;14.277;26.45;RGB;1;300.0;300.0;15241430;14884.21;14.54;2022-11-05 22:11:25.343997478;Tapekua;Fibras vegetais ;Trançado;Utilitário || Conforto doméstico ;1;;"A-23cm; L- 40cm";;;;Micaela Vargas (idosa com mais de 80 anos);Guarani Kaiowá ;Pai-Tavyterã;Aldeia Kurusu-Amba (Jaguapiré) -MS;2019.12;2019.12;Tonico Benites ;Tonico Benites;Doação;2020.01.21;2021.04.26;Física - Museu Nacional ;Reserva Técnica;Enviada para tratamento de anóxia no dia 24 de janeiro de 2020, retornou dia 10 de fevereiro de 2021. Recebido no Colégio Pedro II - Campus Tijuca. ;;;Catalogação participativa realizada com o Prof.Dr. Tonico Benites emjaneiro de 2020. Aconteceu no Hosto Botânico do Museu Nacinal/UFRJ. Além do Tonico, estavam presentes Paula de Aguiar, Renata Valente e Vinicius Santos.;Palmeira típica da floresta, usada para abanar o fogo e para o conforto pessoal também. 
MN 003-93.jpg;MNSEE.003.0003;MNSEE.003.0003;Borduna;003. Guarani-Kaiowá – Tekoha em litígio;Com a madeira ainda verde, é feita a decoração por meio de queima, com a casca e sem a casca. São faixas claras e escuras alternadas variando entre 8 a 12 cm. Nesse objeto específico a decoração é resultado da queima, mas há quem use urucum na decoração. ;MN 003-93;Coleção Guarani Kaiowá - Tekohá em litígio - 2020.;"Borduna/Yvyra. Arma contundente feita de madeira dura usada para bordoar. Artesão Valdir Mendes. Aldeia Guaiviry - Mato Grosso do Sul, Brasil. Dimensões: A-89cm; D-5cm. Acervo do Setor de Etnologia e Etnografia, Museu Nacional/UFRJ. Coleção Guarani Kaiowá - Tekohá em litígio, doada em 2020.";Aldeia Guaiviry | Borduna | Etnologia | MNSEE.003.0003 | MS | Mato Grosso do Sul | Tonico Benites | Yvyra | indígena brasileiro;Projeto de Reconstrução do Setor de Etnologia e Etnografia do Museu Nacional/ UFRJ.;;;;2021-04-30T14:34:28.90;2022-11-05T19:11:34-03:00;2022-11-05T19:11:34-03:00;NIKON CORPORATION;NIKON D800;3038633;60.0 mm f/2.8;;DSC_8989.NEF;MN 003-93.dng;JPEG;.jpg;3918;7218;vertical;0.5428;28.28;RGB;1;300.0;300.0;5459842;5331.88;5.21;2022-11-05 22:11:36.071319580;Yvyra-para;Madeira ;Talhado;Arma || Retomada;1;;"A-89cm; D-5cm";;;;Valdir Mendes;Guarani Kaiowá ;Pai-Tavyterã;Aldeia Guaiviry - MS;2019.12;2011.10;Tonico Benites ;Tonico Benites;Doação;2020.01.21;2021.04.26;Física - Museu Nacional ;Reserva Técnica;Enviada para tratamento de anóxia no dia 24 de janeiro de 2020, retornou dia 10 de fevereiro de 2021. Recebido no Colégio Pedro II - Campus Tijuca. ;;;Catalogação participativa realizada com o Prof.Dr. Tonico Benites emjaneiro de 2020. Aconteceu no Hosto Botânico do Museu Nacinal/UFRJ. Além do Tonico, estavam presentes Paula de Aguiar, Renata Valente e Vinicius Santos.;A borduna começou a ser utilizada no final da década de 1970 - 1980na retomada do território. É feita de madeira de cedro, sendo considerada uma árvore sagrada. É um objeto pessoal, cada guerreiro costuma ter o seu para guerra, proteção e espantar mal espíritos. 
MN 003-94.jpg;MNSEE.003.0003;MNSEE.003.0003;Borduna;003. Guarani-Kaiowá – Tekoha em litígio;Com a madeira ainda verde, é feita a decoração por meio de queima, com a casca e sem a casca. São faixas claras e escuras alternadas variando entre 8 a 12 cm. Nesse objeto específico a decoração é resultado da queima, mas há quem use urucum na decoração. ;MN 003-94;Coleção Guarani Kaiowá - Tekohá em litígio - 2020.;"Borduna/Yvyra. Arma contundente feita de madeira dura usada para bordoar. Artesão Valdir Mendes. Aldeia Guaiviry - Mato Grosso do Sul, Brasil. Dimensões: A-89cm; D-5cm. Acervo do Setor de Etnologia e Etnografia, Museu Nacional/UFRJ. Coleção Guarani Kaiowá - Tekohá em litígio, doada em 2020.";Aldeia Guaiviry | Borduna | Etnologia | MNSEE.003.0003 | MS | Mato Grosso do Sul | Tonico Benites | Yvyra | indígena brasileiro;Projeto de Reconstrução do Setor de Etnologia e Etnografia do Museu Nacional/ UFRJ.;;;;2021-04-29T09:42:40.99-03:00;2022-11-05T19:11:44-03:00;2022-11-05T19:11:44-03:00;Canon;Canon EOS 5D Mark IV;3,82037E+11;EF24-105mm f/3.5-5.6 IS STM;000002643f;_N5A5010.CR2;;JPEG;.jpg;3576;6588;vertical;0.5428;23.56;RGB;1;300.0;300.0;2955420;2886.15;2.82;2022-11-05 22:11:45.598844290;Yvyra-para;Madeira ;Talhado;Arma || Retomada;1;;"A-89cm; D-5cm";;;;Valdir Mendes;Guarani Kaiowá ;Pai-Tavyterã;Aldeia Guaiviry - MS;2019.12;2011.10;Tonico Benites ;Tonico Benites;Doação;2020.01.21;2021.04.26;Física - Museu Nacional ;Reserva Técnica;Enviada para tratamento de anóxia no dia 24 de janeiro de 2020, retornou dia 10 de fevereiro de 2021. Recebido no Colégio Pedro II - Campus Tijuca. ;;;Catalogação participativa realizada com o Prof.Dr. Tonico Benites emjaneiro de 2020. Aconteceu no Hosto Botânico do Museu Nacinal/UFRJ. Além do Tonico, estavam presentes Paula de Aguiar, Renata Valente e Vinicius Santos.;A borduna começou a ser utilizada no final da década de 1970 - 1980na retomada do território. É feita de madeira de cedro, sendo considerada uma árvore sagrada. É um objeto pessoal, cada guerreiro costuma ter o seu para guerra, proteção e espantar mal espíritos. 
MN 003-95.jpg;MNSEE.003.0003;MNSEE.003.0003;Borduna;003. Guarani-Kaiowá – Tekoha em litígio;Com a madeira ainda verde, é feita a decoração por meio de queima, com a casca e sem a casca. São faixas claras e escuras alternadas variando entre 8 a 12 cm. Nesse objeto específico a decoração é resultado da queima, mas há quem use urucum na decoração. ;MN 003-95;Coleção Guarani Kaiowá - Tekohá em litígio - 2020.;"Borduna/Yvyra. Arma contundente feita de madeira dura usada para bordoar. Artesão Valdir Mendes. Aldeia Guaiviry - Mato Grosso do Sul, Brasil. Dimensões: A-89cm; D-5cm. Acervo do Setor de Etnologia e Etnografia, Museu Nacional/UFRJ. Coleção Guarani Kaiowá - Tekohá em litígio, doada em 2020.";Aldeia Guaiviry | Borduna | Etnologia | MNSEE.003.0003 | MS | Mato Grosso do Sul | Tonico Benites | Yvyra | indígena brasileiro;Projeto de Reconstrução do Setor de Etnologia e Etnografia do Museu Nacional/ UFRJ.;;;;2021-04-29T09:43:32.29-03:00;2022-11-05T19:11:33-03:00;2022-11-05T19:11:33-03:00;Canon;Canon EOS 5D Mark IV;3,82037E+11;EF24-105mm f/3.5-5.6 IS STM;000002643f;_N5A5011.CR2;MN 003-95.dng;JPEG;.jpg;3576;6588;vertical;0.5428;23.56;RGB;1;300.0;300.0;3842654;3752.59;3.66;2022-11-05 22:11:35.042069197;Yvyra-para;Madeira ;Talhado;Arma || Retomada;1;;"A-89cm; D-5cm";;;;Valdir Mendes;Guarani Kaiowá ;Pai-Tavyterã;Aldeia Guaiviry - MS;2019.12;2011.10;Tonico Benites ;Tonico Benites;Doação;2020.01.21;2021.04.26;Física - Museu Nacional ;Reserva Técnica;Enviada para tratamento de anóxia no dia 24 de janeiro de 2020, retornou dia 10 de fevereiro de 2021. Recebido no Colégio Pedro II - Campus Tijuca. ;;;Catalogação participativa realizada com o Prof.Dr. Tonico Benites emjaneiro de 2020. Aconteceu no Hosto Botânico do Museu Nacinal/UFRJ. Além do Tonico, estavam presentes Paula de Aguiar, Renata Valente e Vinicius Santos.;A borduna começou a ser utilizada no final da década de 1970 - 1980na retomada do território. É feita de madeira de cedro, sendo considerada uma árvore sagrada. É um objeto pessoal, cada guerreiro costuma ter o seu para guerra, proteção e espantar mal espíritos. 
MN 003-96.jpg;MNSEE.003.0004;MNSEE.003.0004;Borduna;003. Guarani-Kaiowá – Tekoha em litígio;Cedro retirado da floresta e talhado em fração.  Instrumento de ataque em retomada das terras, se diferencia do Yvyra-Pará que também serve para proteção. É um bastão já com múltiplas pontas cerradas. Possui uma corda para que possa carregar junto ao corpo e cruzada no peito. Uso realizado principalmente por homens. ;MN 003-96;Coleção Guarani Kaiowá - Tekohá em litígio - 2020.;"Borduna/Tamangá Poxi. Talhado em secção, instrumento de ataque usado na retomada das terras indígenas Guarani Kaiowá. Artesão Nísio Gomes. Aldeia Guaiviry - Mato Grosso do Sul, Brasil. Dimensões: A-94cm; D-5cm. Acervo do Setor de Etnologia e Etnografia, Museu Nacional/UFRJ. Coleção Guarani Kaiowá - Tekohá em litígio, doada em 2020.";Aldeia Guaiviry | Borduna | Etnologia | MNSEE.003.0004 | MS | Mato Grosso do Sul | Tamangá Poxi | Tonico Benites | indígena brasileiro;Projeto de Reconstrução do Setor de Etnologia e Etnografia do Museu Nacional/ UFRJ.;;;;2021-04-29T09:51:49.61-03:00;2022-11-05T19:11:40-03:00;2022-11-05T19:11:40-03:00;Canon;Canon EOS 5D Mark IV;3,82037E+11;EF24-105mm f/3.5-5.6 IS STM;000002643f;_N5A5014.CR2;MN 003-96.dng;JPEG;.jpg;3626;5902;vertical;0.6144;21.4;RGB;1;300.0;300.0;3518152;3435.7;3.36;2022-11-05 22:11:41.903724670;Tamanga-poxy;Madeira ;Talhado;Arma || Retomada;1;;"A-94cm; D-5cm; P- 867g";;;;Nísio Gomes;Guarani Kaiowá ;Pai-Tavyterã;Aldeia Guaiviry - MS;2019.12;2003.05;Tonico Benites ;Tonico Benites;Doação;2020.01.21;2021.04.26;Física - Museu Nacional ;Reserva Técnica;Enviada para tratamento de anóxia no dia 24 de janeiro de 2020, retornou dia 10 de fevereiro de 2021. Recebido no Colégio Pedro II - Campus Tijuca. ;;;Catalogação participativa realizada com o Prof.Dr. Tonico Benites emjaneiro de 2020. Aconteceu no Hosto Botânico do Museu Nacinal/UFRJ. Além do Tonico, estavam presentes Paula de Aguiar, Renata Valente e Vinicius Santos.;Foi utilizado na primeira retomada de Guaiviry. Nísio fez para o primeiro Terra Livre em Brasília (acampamento). Nísio estava com esse instrumento no dia em que foi assassinado.
MN 003-97.jpg;MNSEE.003.0004;MNSEE.003.0004;Borduna;003. Guarani-Kaiowá – Tekoha em litígio;Cedro retirado da floresta e talhado em fração.  Instrumento de ataque em retomada das terras, se diferencia do Yvyra-Pará que também serve para proteção. É um bastão já com múltiplas pontas cerradas. Possui uma corda para que possa carregar junto ao corpo e cruzada no peito. Uso realizado principalmente por homens. ;MN 003-97;Coleção Guarani Kaiowá - Tekohá em litígio - 2020.;"Borduna/Tamangá Poxi. Talhado em secção, instrumento de ataque usado na retomada das terras indígenas Guarani Kaiowá. Artesão Nísio Gomes. Aldeia Guaiviry - Mato Grosso do Sul, Brasil. Dimensões: A-94cm; D-5cm. Acervo do Setor de Etnologia e Etnografia, Museu Nacional/UFRJ. Coleção Guarani Kaiowá - Tekohá em litígio, doada em 2020.";Aldeia Guaiviry | Borduna | Etnologia | MNSEE.003.0004 | MS | Mato Grosso do Sul | Tamangá Poxi | Tonico Benites | indígena brasileiro;Projeto de Reconstrução do Setor de Etnologia e Etnografia do Museu Nacional/ UFRJ.;;;;2021-04-29T09:52:34.61-03:00;2022-11-05T19:11:46-03:00;2022-11-05T19:11:46-03:00;Canon;Canon EOS 5D Mark IV;3,82037E+11;EF24-105mm f/3.5-5.6 IS STM;000002643f;_N5A5015.CR2;MN 003-97.dng;JPEG;.jpg;3626;5902;vertical;0.6144;21.4;RGB;1;300.0;300.0;3793403;3704.5;3.62;2022-11-05 22:11:48.063256264;Tamanga-poxy;Madeira ;Talhado;Arma || Retomada;1;;"A-94cm; D-5cm; P- 867g";;;;Nísio Gomes;Guarani Kaiowá ;Pai-Tavyterã;Aldeia Guaiviry - MS;2019.12;2003.05;Tonico Benites ;Tonico Benites;Doação;2020.01.21;2021.04.26;Física - Museu Nacional ;Reserva Técnica;Enviada para tratamento de anóxia no dia 24 de janeiro de 2020, retornou dia 10 de fevereiro de 2021. Recebido no Colégio Pedro II - Campus Tijuca. ;;;Catalogação participativa realizada com o Prof.Dr. Tonico Benites emjaneiro de 2020. Aconteceu no Hosto Botânico do Museu Nacinal/UFRJ. Além do Tonico, estavam presentes Paula de Aguiar, Renata Valente e Vinicius Santos.;Foi utilizado na primeira retomada de Guaiviry. Nísio fez para o primeiro Terra Livre em Brasília (acampamento). Nísio estava com esse instrumento no dia em que foi assassinado.
MN 003-102.jpg;MNSEE.003.0005;MNSEE.003.0005;Borduna;003. Guarani-Kaiowá – Tekoha em litígio;Cedro talhado em três secções, um punhal e uma ponta afiada. As secções garantem que a mão não escorregue e seja mais difícil ser desarmado. Formato de flecha com uma corda para prender junto ao corpo.;MN 003-102;Coleção Guarani Kaiowá - Tekohá em litígio - 2020.;"Borduna/ Tamangá. Arma contundente feita de madeira dura usada para bordoar. Artesão Maculino Fernandes. Aldeia Kurusu-Amba (Jguapiré) - Mato Grosso do Sul, Brasil. Dimensões: A-71cm; L-4cm. Acervo do Setor de Etnologia e Etnografia, Museu Nacional/UFRJ. Coleção Guarani Kaiowá - Tekohá em litígio, doada em 2020.";Aldeia Kurusu-Amba | Borduna | Etnologia | Jguapiré | MNSEE.003.0005 | MS | Mato Grosso do Sul | Tamangá | Tonico Benites | indígena brasileiro;Projeto de Reconstrução do Setor de Etnologia e Etnografia do Museu Nacional/ UFRJ.;;;;2021-04-29T10:18:19.65-03:00;2022-11-05T19:12:05-03:00;2022-11-05T19:12:05-03:00;Canon;Canon EOS 5D Mark IV;3,82037E+11;EF24-105mm f/3.5-5.6 IS STM;000002643f;_N5A5023.CR2;MN 003-102.dng;JPEG;.jpg;3777;5953;vertical;0.6345;22.48;RGB;1;300.0;300.0;4383439;4280.7;4.18;2022-11-05 22:12:07.068443775;Tamanga;Madeira ;Talhado;Arma || Retomada;1;;"A-71cm; L-4cm";;;;Maculino Fernandes;Guarani Kaiowá ;Pai-Tavyterã;Aldeia Kurusu-Amba (Jaguapiré) -MS;2019.12;1992.04;Tonico Benites ;Tonico Benites;Doação;2020.01.21;2021.04.26;Física - Museu Nacional ;Reserva Técnica;Enviada para tratamento de anóxia no dia 24 de janeiro de 2020, retornou dia 10 de fevereiro de 2021. Recebido no Colégio Pedro II - Campus Tijuca. ;;;Catalogação participativa realizada com o Prof.Dr. Tonico Benites emjaneiro de 2020. Aconteceu no Hosto Botânico do Museu Nacinal/UFRJ. Além do Tonico, estavam presentes Paula de Aguiar, Renata Valente e Vinicius Santos.;Usada para retomada da aldeia Jaguapiré em 1992.
MN 003-103.jpg;MNSEE.003.0005;MNSEE.003.0005;Borduna;003. Guarani-Kaiowá – Tekoha em litígio;Cedro talhado em três secções, um punhal e uma ponta afiada. As secções garantem que a mão não escorregue e seja mais difícil ser desarmado. Formato de flecha com uma corda para prender junto ao corpo.;MN 003-103;Coleção Guarani Kaiowá - Tekohá em litígio - 2020.;"Borduna/ Tamangá. Arma contundente feita de madeira dura usada para bordoar. Artesão Maculino Fernandes. Aldeia Kurusu-Amba (Jguapiré) - Mato Grosso do Sul, Brasil. Dimensões: A-71cm; L-4cm. Acervo do Setor de Etnologia e Etnografia, Museu Nacional/UFRJ. Coleção Guarani Kaiowá - Tekohá em litígio, doada em 2020.";Aldeia Kurusu-Amba | Borduna | Etnologia | Jguapiré | MNSEE.003.0005 | MS | Mato Grosso do Sul | Tamangá | Tonico Benites | indígena brasileiro;Projeto de Reconstrução do Setor de Etnologia e Etnografia do Museu Nacional/ UFRJ.;;;;2021-04-29T10:19:06.45-03:00;2022-11-05T19:12:09-03:00;2022-11-05T19:12:09-03:00;Canon;Canon EOS 5D Mark IV;3,82037E+11;EF24-105mm f/3.5-5.6 IS STM;000002643f;_N5A5024.CR2;MN 003-103.dng;JPEG;.jpg;3777;5953;vertical;0.6345;22.48;RGB;1;300.0;300.0;4162004;4064.46;3.97;2022-11-05 22:12:12.158840895;Tamanga;Madeira ;Talhado;Arma || Retomada;1;;"A-71cm; L-4cm";;;;Maculino Fernandes;Guarani Kaiowá ;Pai-Tavyterã;Aldeia Kurusu-Amba (Jaguapiré) -MS;2019.12;1992.04;Tonico Benites ;Tonico Benites;Doação;2020.01.21;2021.04.26;Física - Museu Nacional ;Reserva Técnica;Enviada para tratamento de anóxia no dia 24 de janeiro de 2020, retornou dia 10 de fevereiro de 2021. Recebido no Colégio Pedro II - Campus Tijuca. ;;;Catalogação participativa realizada com o Prof.Dr. Tonico Benites emjaneiro de 2020. Aconteceu no Hosto Botânico do Museu Nacinal/UFRJ. Além do Tonico, estavam presentes Paula de Aguiar, Renata Valente e Vinicius Santos.;Usada para retomada da aldeia Jaguapiré em 1992.
MN 003-104.jpg;MNSEE.003.0005;MNSEE.003.0005;Borduna;003. Guarani-Kaiowá – Tekoha em litígio;Cedro talhado em três secções, um punhal e uma ponta afiada. As secções garantem que a mão não escorregue e seja mais difícil ser desarmado. Formato de flecha com uma corda para prender junto ao corpo.;MN 003-104;Coleção Guarani Kaiowá - Tekohá em litígio - 2020.;"Borduna/ Tamangá. Arma contundente feita de madeira dura usada para bordoar. Artesão Maculino Fernandes. Aldeia Kurusu-Amba (Jguapiré) - Mato Grosso do Sul, Brasil. Dimensões: A-71cm; L-4cm. Acervo do Setor de Etnologia e Etnografia, Museu Nacional/UFRJ. Coleção Guarani Kaiowá - Tekohá em litígio, doada em 2020.";Aldeia Kurusu-Amba | Borduna | Etnologia | Jguapiré | MNSEE.003.0005 | MS | Mato Grosso do Sul | Tamangá | Tonico Benites | indígena brasileiro;Projeto de Reconstrução do Setor de Etnologia e Etnografia do Museu Nacional/ UFRJ.;;;;2021-04-29T10:19:28.95-03:00;2022-11-05T19:12:11-03:00;2022-11-05T19:12:11-03:00;Canon;Canon EOS 5D Mark IV;3,82037E+11;EF24-105mm f/3.5-5.6 IS STM;000002643f;_N5A5025.CR2;MN 003-104.dng;JPEG;.jpg;3777;5953;vertical;0.6345;22.48;RGB;1;300.0;300.0;4377850;4275.24;4.18;2022-11-05 22:12:13.390545845;Tamanga;Madeira ;Talhado;Arma || Retomada;1;;"A-71cm; L-4cm";;;;Maculino Fernandes;Guarani Kaiowá ;Pai-Tavyterã;Aldeia Kurusu-Amba (Jaguapiré) -MS;2019.12;1992.04;Tonico Benites ;Tonico Benites;Doação;2020.01.21;2021.04.26;Física - Museu Nacional ;Reserva Técnica;Enviada para tratamento de anóxia no dia 24 de janeiro de 2020, retornou dia 10 de fevereiro de 2021. Recebido no Colégio Pedro II - Campus Tijuca. ;;;Catalogação participativa realizada com o Prof.Dr. Tonico Benites emjaneiro de 2020. Aconteceu no Hosto Botânico do Museu Nacinal/UFRJ. Além do Tonico, estavam presentes Paula de Aguiar, Renata Valente e Vinicius Santos.;Usada para retomada da aldeia Jaguapiré em 1992.
MN 003-105.jpg;MNSEE.003.0005;MNSEE.003.0005;Borduna;003. Guarani-Kaiowá – Tekoha em litígio;Cedro talhado em três secções, um punhal e uma ponta afiada. As secções garantem que a mão não escorregue e seja mais difícil ser desarmado. Formato de flecha com uma corda para prender junto ao corpo.;MN 003-105;Coleção Guarani Kaiowá - Tekohá em litígio - 2020.;"Borduna/ Tamangá. Arma contundente feita de madeira dura usada para bordoar. Artesão Maculino Fernandes. Aldeia Kurusu-Amba (Jguapiré) - Mato Grosso do Sul, Brasil. Dimensões: A-71cm; L-4cm. Acervo do Setor de Etnologia e Etnografia, Museu Nacional/UFRJ. Coleção Guarani Kaiowá - Tekohá em litígio, doada em 2020.";Aldeia Kurusu-Amba | Borduna | Etnologia | Jguapiré | MNSEE.003.0005 | MS | Mato Grosso do Sul | Tamangá | Tonico Benites | indígena brasileiro;Projeto de Reconstrução do Setor de Etnologia e Etnografia do Museu Nacional/ UFRJ.;;;;2021-04-29T10:19:58.69-03:00;2022-11-05T19:12:14-03:00;2022-11-05T19:12:14-03:00;Canon;Canon EOS 5D Mark IV;3,82037E+11;EF24-105mm f/3.5-5.6 IS STM;000002643f;_N5A5026.CR2;MN 003-105.dng;JPEG;.jpg;3777;5953;vertical;0.6345;22.48;RGB;1;300.0;300.0;4431184;4327.33;4.23;2022-11-05 22:12:16.044445515;Tamanga;Madeira ;Talhado;Arma || Retomada;1;;"A-71cm; L-4cm";;;;Maculino Fernandes;Guarani Kaiowá ;Pai-Tavyterã;Aldeia Kurusu-Amba (Jaguapiré) -MS;2019.12;1992.04;Tonico Benites ;Tonico Benites;Doação;2020.01.21;2021.04.26;Física - Museu Nacional ;Reserva Técnica;Enviada para tratamento de anóxia no dia 24 de janeiro de 2020, retornou dia 10 de fevereiro de 2021. Recebido no Colégio Pedro II - Campus Tijuca. ;;;Catalogação participativa realizada com o Prof.Dr. Tonico Benites emjaneiro de 2020. Aconteceu no Hosto Botânico do Museu Nacinal/UFRJ. Além do Tonico, estavam presentes Paula de Aguiar, Renata Valente e Vinicius Santos.;Usada para retomada da aldeia Jaguapiré em 1992.
MN 003-106.jpg;MNSEE.003.0006;MNSEE.003.0006;Borduna;003. Guarani-Kaiowá – Tekoha em litígio;Talhado em secção e em formado de flecha. Madeira avermelhada feita de bajueira ou próximo ao pau-brasil.;MN 003-106;Coleção Guarani Kaiowá - Tekohá em litígio - 2020.;"Borduna/ Tamangá . Talhado em secção e em formato de flecha, feita de madeira dura usadas para bordoar. Artesão Ezequiel. Aldeia Guvyrá Cambé'y - Mato Grosso do Sul, Brasil. Dimensões: A-89cm; D-7cm. Acervo do Setor de Etnologia e Etnografia, Museu Nacional/UFRJ. Coleção Guarani Kaiowá - Tekohá em litígio, doada em 2020.";Aldeia Guvyrá Cambé'y | Borduna | Etnologia | MNSEE.003.0006 | MS | Mato Grosso do Sul | Tamangá | Tonico Benites | indígena brasileiro;Projeto de Reconstrução do Setor de Etnologia e Etnografia do Museu Nacional/ UFRJ.;;;;2021-04-30T14:37:07.10;2022-11-05T19:12:22-03:00;2022-11-05T19:12:22-03:00;NIKON CORPORATION;NIKON D800;3038633;60.0 mm f/2.8;;DSC_8990.NEF;;JPEG;.jpg;4285;7087;vertical;0.6046;30.37;RGB;1;300.0;300.0;4160711;4063.19;3.97;2022-11-05 22:12:23.742863894;Tamanga;Madeira ;Talhado;Arma || Retomada;1;;"A-89cm; D-7cm";;;;Ezequiel;Guarani Kaiowá ;Pai-Tavyterã;Guvyrá Cambé'y - MS;2019.12;2005;Tonico Benites ;Tonico Benites;Doação;2020.01.21;2021.04.26;Física - Museu Nacional ;Reserva Técnica;Enviada para tratamento de anóxia no dia 24 de janeiro de 2020, retornou dia 10 de fevereiro de 2021. Recebido no Colégio Pedro II - Campus Tijuca. ;;;Catalogação participativa realizada com o Prof.Dr. Tonico Benites emjaneiro de 2020. Aconteceu no Hosto Botânico do Museu Nacinal/UFRJ. Além do Tonico, estavam presentes Paula de Aguiar, Renata Valente e Vinicius Santos.;Instrumento utilizado na retomada de Yta'y , hoje está no Cambay. Também chamada de Hu'y guaçu (flexa grande). 
MN 003-107.jpg;MNSEE.003.0006;MNSEE.003.0006;Borduna;003. Guarani-Kaiowá – Tekoha em litígio;Talhado em secção e em formado de flecha. Madeira avermelhada feita de bajueira ou próximo ao pau-brasil.;MN 003-107;Coleção Guarani Kaiowá - Tekohá em litígio - 2020.;"Borduna/ Tamangá . Talhado em secção e em formato de flecha, feita de madeira dura usadas para bordoar. Artesão Ezequiel. Aldeia Guvyrá Cambé'y - Mato Grosso do Sul, Brasil. Dimensões: A-89cm; D-7cm. Acervo do Setor de Etnologia e Etnografia, Museu Nacional/UFRJ. Coleção Guarani Kaiowá - Tekohá em litígio, doada em 2020.";Aldeia Guvyrá Cambé'y | Borduna | Etnologia | MNSEE.003.0006 | MS | Mato Grosso do Sul | Tamangá | Tonico Benites | indígena brasileiro;Projeto de Reconstrução do Setor de Etnologia e Etnografia do Museu Nacional/ UFRJ.;;;;2021-04-30T14:38:42.30;2022-11-05T19:12:42-03:00;2022-11-05T19:12:42-03:00;NIKON CORPORATION;NIKON D800;3038633;60.0 mm f/2.8;;DSC_8992.NEF;;JPEG;.jpg;4285;7087;vertical;0.6046;30.37;RGB;1;300.0;300.0;3483422;3401.78;3.32;2022-11-05 22:12:44.453492403;Tamanga;Madeira ;Talhado;Arma || Retomada;1;;"A-89cm; D-7cm";;;;Ezequiel;Guarani Kaiowá ;Pai-Tavyterã;Guvyrá Cambé'y - MS;2019.12;2005;Tonico Benites ;Tonico Benites;Doação;2020.01.21;2021.04.26;Física - Museu Nacional ;Reserva Técnica;Enviada para tratamento de anóxia no dia 24 de janeiro de 2020, retornou dia 10 de fevereiro de 2021. Recebido no Colégio Pedro II - Campus Tijuca. ;;;Catalogação participativa realizada com o Prof.Dr. Tonico Benites emjaneiro de 2020. Aconteceu no Hosto Botânico do Museu Nacinal/UFRJ. Além do Tonico, estavam presentes Paula de Aguiar, Renata Valente e Vinicius Santos.;Instrumento utilizado na retomada de Yta'y , hoje está no Cambay. Também chamada de Hu'y guaçu (flexa grande). 
MN 003-26.jpg;MNSEE.003.0007;MNSEE.003.0007;Flecha ;003. Guarani-Kaiowá – Tekoha em litígio;A peça é constituída por duas partes, a ponta se separa e em alguns casos é feita de metal. O corpo da flecha tem amarrações em algodão e área de encaixe.;MN 003-26;Coleção Guarani Kaiowá - Tekohá em litígio - 2020.;"Flecha/ Hu'y.  Foi usada na retomada de 2006 de Itay e Cambiy como arma. Artesão Ricardo (pai do Ezequiel). Aldeia Itay - Mato Grosso do Sul, Brasil. Dimensões: A-110cm; D-2cm. Acervo do Setor de Etnologia e Etnografia, Museu Nacional/UFRJ. Coleção Guarani Kaiowá - Tekohá em litígio, doada em 2020.";Aldeia Itay | Etnologia | Flecha | Hu'y | MNSEE.003.0007 | MS | Mato Grosso do Sul | Tonico Benites | indígena brasileiro;Projeto de Reconstrução do Setor de Etnologia e Etnografia do Museu Nacional/ UFRJ.;;;;2021-04-30T14:43:57.30;2022-11-05T19:07:07-03:00;2022-11-05T19:07:07-03:00;NIKON CORPORATION;NIKON D800;3038633;60.0 mm f/2.8;;DSC_8994.NEF;;JPEG;.jpg;3424;7360;vertical;0.4652;25.2;RGB;1;300.0;300.0;3269276;3192.65;3.12;2022-11-05 22:07:08.420886040;Hu'y;Madeira ;Talhado;Arma || Retomada;1;;"A-110cm; D-2cm";;;;Ricardo (pai do Ezequiel);Guarani Kaiowá ;Pai-Tavyterã;Aldeia Itay - MS;2019.12;2006;Tonico Benites ;Tonico Benites;Doação;2020.01.21;2021.04.26;Física - Museu Nacional ;Reserva Técnica;Enviada para tratamento de anóxia no dia 24 de janeiro de 2020, retornou dia 10 de fevereiro de 2021. Recebido no Colégio Pedro II - Campus Tijuca. ;;;Catalogação participativa realizada com o Prof.Dr. Tonico Benites emjaneiro de 2020. Aconteceu no Hosto Botânico do Museu Nacinal/UFRJ. Além do Tonico, estavam presentes Paula de Aguiar, Renata Valente e Vinicius Santos.;O item foi utilizado na retomada de 2006  de Itay e Cambiy como arma. É utilizada em conjunto com o arco, mas este não foi encontrado. Na região não tem mais taquara que costuma ser usada para flechas. 
MN 003-27.jpg;MNSEE.003.0007;MNSEE.003.0007;Flecha ;003. Guarani-Kaiowá – Tekoha em litígio;A peça é constituída por duas partes, a ponta se separa e em alguns casos é feita de metal. O corpo da flecha tem amarrações em algodão e área de encaixe.;MN 003-27;Coleção Guarani Kaiowá - Tekohá em litígio - 2020.;"Flecha/ Hu'y.  Foi usada na retomada de 2006 de Itay e Cambiy como arma. Artesão Ricardo (pai do Ezequiel). Aldeia Itay - Mato Grosso do Sul, Brasil. Dimensões: A-110cm; D-2cm. Acervo do Setor de Etnologia e Etnografia, Museu Nacional/UFRJ. Coleção Guarani Kaiowá - Tekohá em litígio, doada em 2020.";Aldeia Itay | Etnologia | Flecha | Hu'y | MNSEE.003.0007 | MS | Mato Grosso do Sul | Tonico Benites | indígena brasileiro;Projeto de Reconstrução do Setor de Etnologia e Etnografia do Museu Nacional/ UFRJ.;;;;2021-04-30T14:46:02.20;2022-11-05T19:07:21-03:00;2022-11-05T19:07:21-03:00;NIKON CORPORATION;NIKON D800;3038633;60.0 mm f/2.8;;DSC_8995.NEF;;JPEG;.jpg;3424;7360;vertical;0.4652;25.2;RGB;1;300.0;300.0;2525758;2466.56;2.41;2022-11-05 22:07:24.334343910;Hu'y;Madeira ;Talhado;Arma || Retomada;1;;"A-110cm; D-2cm";;;;Ricardo (pai do Ezequiel);Guarani Kaiowá ;Pai-Tavyterã;Aldeia Itay - MS;2019.12;2006;Tonico Benites ;Tonico Benites;Doação;2020.01.21;2021.04.26;Física - Museu Nacional ;Reserva Técnica;Enviada para tratamento de anóxia no dia 24 de janeiro de 2020, retornou dia 10 de fevereiro de 2021. Recebido no Colégio Pedro II - Campus Tijuca. ;;;Catalogação participativa realizada com o Prof.Dr. Tonico Benites emjaneiro de 2020. Aconteceu no Hosto Botânico do Museu Nacinal/UFRJ. Além do Tonico, estavam presentes Paula de Aguiar, Renata Valente e Vinicius Santos.;O item foi utilizado na retomada de 2006  de Itay e Cambiy como arma. É utilizada em conjunto com o arco, mas este não foi encontrado. Na região não tem mais taquara que costuma ser usada para flechas. 
MN 003-98.jpg;MNSEE.003.0008;MNSEE.003.0008;Arco;003. Guarani-Kaiowá – Tekoha em litígio;Material feita para ser doado ao Museu Nacional com madeira de peroba. A corda do arco é feita de fibra de caraguatá. ;MN 003-98;Coleção Guarani Kaiowá - Tekohá em litígio - 2020.;"Arco/Guyrapa. Arco feito de peroba e a corda de fibra de caraguatá. Artesão João Souza. Aldeia Kurusu-Amba (Jguapiré) - Mato Grosso do Sul, Brasil. Dimensões: A-113cm; L-8cm. Acervo do Setor de Etnologia e Etnografia, Museu Nacional/UFRJ. Coleção Guarani Kaiowá - Tekohá em litígio, doada em 2020.";Aldeia Kurusu-Amba (Jguapiré) | Arco | Etnologia | Guyrapa | MNSEE.003.0008 | MS | Mato Grosso do Sul | Tonico Benites | indígena brasileiro;Projeto de Reconstrução do Setor de Etnologia e Etnografia do Museu Nacional/ UFRJ.;;;;2021-04-29T10:04:34.00-03:00;2022-11-05T19:11:50-03:00;2022-11-05T19:11:50-03:00;Canon;Canon EOS 5D Mark IV;3,82037E+11;EF24-105mm f/3.5-5.6 IS STM;000002643f;_N5A5019.CR2;MN 003-98.dng;JPEG;.jpg;3660;6204;vertical;0.5899;22.71;RGB;1;300.0;300.0;3283269;3206.32;3.13;2022-11-05 22:11:52.004723310;Guyrapa;Madeira ;Talhado;Arma || Retomada;1;;"A-113cm; L-8cm";;;;João Souza;Guarani Kaiowá ;Pai-Tavyterã;Aldeia Kurusu-Amba (Jaguapiré) -MS;2019.12;2019.12;Tonico Benites ;Tonico Benites;Doação;2020.01.21;2021.04.26;Física - Museu Nacional ;Reserva Técnica;Enviada para tratamento de anóxia no dia 24 de janeiro de 2020, retornou dia 10 de fevereiro de 2021. Recebido no Colégio Pedro II - Campus Tijuca. ;;;Catalogação participativa realizada com o Prof.Dr. Tonico Benites emjaneiro de 2020. Aconteceu no Hosto Botânico do Museu Nacinal/UFRJ. Além do Tonico, estavam presentes Paula de Aguiar, Renata Valente e Vinicius Santos.;Madeira de peroba não quebra fácil usada para arcos (guajuira). A flecha não foi feita porque na sua confecção é usada a Taquara e não havia essa madeira. Demorou-se um mês para ser feita. 
MN 003-99.jpg;MNSEE.003.0008;MNSEE.003.0008;Arco;003. Guarani-Kaiowá – Tekoha em litígio;Material feita para ser doado ao Museu Nacional com madeira de peroba. A corda do arco é feita de fibra de caraguatá. ;MN 003-99;Coleção Guarani Kaiowá - Tekohá em litígio - 2020.;"Arco/Guyrapa. Arco feito de peroba e a corda de fibra de caraguatá. Artesão João Souza. Aldeia Kurusu-Amba (Jguapiré) - Mato Grosso do Sul, Brasil. Dimensões: A-113cm; L-8cm. Acervo do Setor de Etnologia e Etnografia, Museu Nacional/UFRJ. Coleção Guarani Kaiowá - Tekohá em litígio, doada em 2020.";Aldeia Kurusu-Amba (Jguapiré) | Arco | Etnologia | Guyrapa | MNSEE.003.0008 | MS | Mato Grosso do Sul | Tonico Benites | indígena brasileiro;Projeto de Reconstrução do Setor de Etnologia e Etnografia do Museu Nacional/ UFRJ.;;;;2021-04-29T10:08:33.51-03:00;2022-11-05T19:11:54-03:00;2022-11-05T19:11:54-03:00;Canon;Canon EOS 5D Mark IV;3,82037E+11;EF24-105mm f/3.5-5.6 IS STM;000002643f;_N5A5020.CR2;;JPEG;.jpg;3660;6204;vertical;0.5899;22.71;RGB;1;300.0;300.0;2368782;2313.26;2.26;2022-11-05 22:11:56.114730597;Guyrapa;Madeira ;Talhado;Arma || Retomada;1;;"A-113cm; L-8cm";;;;João Souza;Guarani Kaiowá ;Pai-Tavyterã;Aldeia Kurusu-Amba (Jaguapiré) -MS;2019.12;2019.12;Tonico Benites ;Tonico Benites;Doação;2020.01.21;2021.04.26;Física - Museu Nacional ;Reserva Técnica;Enviada para tratamento de anóxia no dia 24 de janeiro de 2020, retornou dia 10 de fevereiro de 2021. Recebido no Colégio Pedro II - Campus Tijuca. ;;;Catalogação participativa realizada com o Prof.Dr. Tonico Benites emjaneiro de 2020. Aconteceu no Hosto Botânico do Museu Nacinal/UFRJ. Além do Tonico, estavam presentes Paula de Aguiar, Renata Valente e Vinicius Santos.;Madeira de peroba não quebra fácil usada para arcos (guajuira). A flecha não foi feita porque na sua confecção é usada a Taquara e não havia essa madeira. Demorou-se um mês para ser feita. 
MN 003-100.jpg;MNSEE.003.0009;MNSEE.003.0009;Arco;003. Guarani-Kaiowá – Tekoha em litígio;Madeira clara de peroba ou guajuíra, com corda feita de fibra vegetal, sem adorno . Arco que lança badoque, usado para abater pássaro, lagarto e macaco. ;MN 003-100;Coleção Guarani Kaiowá - Tekohá em litígio - 2020.;"Bodoque/Guyrapa. Arco utilizado para atirar bolas de barro endurecidas ao fogo, colocadas em um invólucro de pano entre as cordas do arco. Artesão João Souza. Aldeia Kurusu-Amba (Jaguapiré) - Mato Grosso do Sul, Brasil. Dimensões: A-93cm; L-9cm. Acervo do Setor de Etnologia e Etnografia, Museu Nacional/UFRJ. Coleção Guarani Kaiowá - Tekohá em litígio, doada em 2020.";Aldeia Kurusu-Amba (Jguapiré) | Bodoque | Etnologia | Guyrapa | MNSEE.003.0009 | MS | Mato Grosso do Sul | Tonico Benites | indígena brasileiro;Projeto de Reconstrução do Setor de Etnologia e Etnografia do Museu Nacional/ UFRJ.;;;;2021-04-29T10:10:26.34-03:00;2022-11-05T19:11:58-03:00;2022-11-05T19:11:58-03:00;Canon;Canon EOS 5D Mark IV;3,82037E+11;EF24-105mm f/3.5-5.6 IS STM;000002643f;_N5A5021.CR2;;JPEG;.jpg;3660;6204;vertical;0.5899;22.71;RGB;1;300.0;300.0;2946960;2877.89;2.81;2022-11-05 22:11:59.862708807;Guyrapape;Madeira ;Talhado;Arma || Caça;1;;"A-93cm; L-9cm";;;;João Souza;Guarani Kaiowá ;Pai-Tavyterã;Aldeia Kurusu-Amba (Jaguapiré) -MS;2019.12;2019.12;Tonico Benites ;Tonico Benites;Doação;2020.01.21;2021.04.26;Física - Museu Nacional ;Reserva Técnica;Enviada para tratamento de anóxia no dia 24 de janeiro de 2020, retornou dia 10 de fevereiro de 2021. Recebido no Colégio Pedro II - Campus Tijuca. ;;;Catalogação participativa realizada com o Prof.Dr. Tonico Benites emjaneiro de 2020. Aconteceu no Hosto Botânico do Museu Nacinal/UFRJ. Além do Tonico, estavam presentes Paula de Aguiar, Renata Valente e Vinicius Santos.;
MN 003-101.jpg;MNSEE.003.0009;MNSEE.003.0009;Arco;003. Guarani-Kaiowá – Tekoha em litígio;Madeira clara de peroba ou guajuíra, com corda feita de fibra vegetal, sem adorno . Arco que lança badoque, usado para abater pássaro, lagarto e macaco. ;MN 003-101;Coleção Guarani Kaiowá - Tekohá em litígio - 2020.;"Bodoque/Guyrapa. Arco utilizado para atirar bolas de barro endurecidas ao fogo, colocadas em um invólucro de pano entre as cordas do arco. Artesão João Souza. Aldeia Kurusu-Amba (Jaguapiré) - Mato Grosso do Sul, Brasil. Dimensões: A-93cm; L-9cm. Acervo do Setor de Etnologia e Etnografia, Museu Nacional/UFRJ. Coleção Guarani Kaiowá - Tekohá em litígio, doada em 2020.";Aldeia Kurusu-Amba (Jguapiré) | Bodoque | Etnologia | Guyrapa | MNSEE.003.0009 | MS | Mato Grosso do Sul | Tonico Benites | indígena brasileiro;Projeto de Reconstrução do Setor de Etnologia e Etnografia do Museu Nacional/ UFRJ.;;;;2021-04-29T10:10:57.44-03:00;2022-11-05T19:12:02-03:00;2022-11-05T19:12:02-03:00;Canon;Canon EOS 5D Mark IV;3,82037E+11;EF24-105mm f/3.5-5.6 IS STM;000002643f;_N5A5022.CR2;;JPEG;.jpg;3660;6204;vertical;0.5899;22.71;RGB;1;300.0;300.0;2657011;2594.74;2.53;2022-11-05 22:12:03.705437899;Guyrapape;Madeira ;Talhado;Arma || Caça;1;;"A-93cm; L-9cm";;;;João Souza;Guarani Kaiowá ;Pai-Tavyterã;Aldeia Kurusu-Amba (Jaguapiré) -MS;2019.12;2019.12;Tonico Benites ;Tonico Benites;Doação;2020.01.21;2021.04.26;Física - Museu Nacional ;Reserva Técnica;Enviada para tratamento de anóxia no dia 24 de janeiro de 2020, retornou dia 10 de fevereiro de 2021. Recebido no Colégio Pedro II - Campus Tijuca. ;;;Catalogação participativa realizada com o Prof.Dr. Tonico Benites emjaneiro de 2020. Aconteceu no Hosto Botânico do Museu Nacinal/UFRJ. Além do Tonico, estavam presentes Paula de Aguiar, Renata Valente e Vinicius Santos.;
MN 003-76.jpg;MNSEE.003.0010;MNSEE.003.0010;Arco de boca ;003. Guarani-Kaiowá – Tekoha em litígio;Feito de cedro e fibra de caraguatá, guembe pi. Decorado com ferro queimado. Instrumento de corda única, composto por dois arcos que se cruzam. Instrumento representa um casal apaixonado e os arcos o homem e uma mulher. A caixa de ressonância, que amplia o som, é a boca do executante. Ele segura a vara entre os dentes ou deixa vibrar a corda na abertura da cavidade da boca com a vara voltada para fora. A corda é friccionada por outro arco, de pequenas dimensões.;MN 003-76;Coleção Guarani Kaiowá - Tekohá em litígio - 2020.;"Arco musical/ Guirá-paï. Arco musical.  Artesão João Souza. Aldeia Kurusu-Amba (Jguapiré) - Mato Grosso do Sul, Brasil. Dimensões: A-31cm; L- 0,6 cm; L-9cm (com corda). Acervo do Setor de Etnologia e Etnografia, Museu Nacional/UFRJ. Coleção Guarani Kaiowá - Tekohá em litígio, doada em 2020.";Aldeia Jaguapiré | Arco musical | Etnologia | Guarani Kaiowá | Guirá-paï | MNSEE.003.0010 | MS | Mato Grosso do Sul | Tonico Benites | indígena brasileiro;Projeto de Reconstrução do Setor de Etnologia e Etnografia do Museu Nacional/ UFRJ.;;;;2021-04-28T12:01:56.26-03:00;2022-11-05T19:10:31-03:00;2022-11-05T19:10:31-03:00;Canon;Canon EOS 5D Mark IV;3,82037E+11;EF24-105mm f/3.5-5.6 IS STM;000002643f;_N5A4902.CR2;MN 003-76.dng;JPEG;.jpg;5875;4233;horizontal;13.879;24.87;RGB;1;300.0;300.0;7358502;7186.04;7.02;2022-11-05 22:10:34.812089205;Yvyra-pa'i;Madeira ;Talhado;Religioso || Ritualistico;2;;"A-31cm; L- 0,6 cm; L-9cm (com corda)";;;;João Souza;Guarani Kaiowá ;Pai-Tavyterã;Aldeia Kurusu-Amba (Jaguapiré) -MS;2019.12;2019.12;Tonico Benites ;Tonico Benites;Doação;2020.01.21;2021.04.26;Física - Museu Nacional ;Reserva Técnica;Enviada para tratamento de anóxia no dia 24 de janeiro de 2020, retornou dia 10 de fevereiro de 2021. Recebido no Colégio Pedro II - Campus Tijuca. ;;;Catalogação participativa realizada com o Prof.Dr. Tonico Benites emjaneiro de 2020. Aconteceu no Hosto Botânico do Museu Nacinal/UFRJ. Além do Tonico, estavam presentes Paula de Aguiar, Renata Valente e Vinicius Santos.;Tiram o caraguatá da florestam molham e torneiam (dão forma). A forma de usar é com a acústica da boca. Com os dois arcos esfrega-se os fios. 
MN 003-77.jpg;MNSEE.003.0010;MNSEE.003.0010;Arco de boca ;003. Guarani-Kaiowá – Tekoha em litígio;Feito de cedro e fibra de caraguatá, guembe pi. Decorado com ferro queimado. Instrumento de corda única, composto por dois arcos que se cruzam. Instrumento representa um casal apaixonado e os arcos o homem e uma mulher. A caixa de ressonância, que amplia o som, é a boca do executante. Ele segura a vara entre os dentes ou deixa vibrar a corda na abertura da cavidade da boca com a vara voltada para fora. A corda é friccionada por outro arco, de pequenas dimensões.;MN 003-77;Coleção Guarani Kaiowá - Tekohá em litígio - 2020.;"Arco musical/ Guirá-paï. Arco musical.  Artesão João Souza. Aldeia Kurusu-Amba (Jguapiré) - Mato Grosso do Sul, Brasil. Dimensões: A-31cm; L- 0,6 cm; L-9cm (com corda). Acervo do Setor de Etnologia e Etnografia, Museu Nacional/UFRJ. Coleção Guarani Kaiowá - Tekohá em litígio, doada em 2020.";Aldeia Jaguapiré | Arco musical | Etnologia | Guarani Kaiowá | Guirá-paï | MNSEE.003.0010 | MS | Mato Grosso do Sul | Tonico Benites | indígena brasileiro;Projeto de Reconstrução do Setor de Etnologia e Etnografia do Museu Nacional/ UFRJ.;;;;2021-04-28T12:06:58.00-03:00;2022-11-05T19:10:50-03:00;2022-11-05T19:10:50-03:00;Canon;Canon EOS 5D Mark IV;3,82037E+11;EF24-105mm f/3.5-5.6 IS STM;000002643f;_N5A4903.CR2;MN 003-77.dng;JPEG;.jpg;6157;4234;horizontal;14.542;26.07;RGB;1;300.0;300.0;7643292;7464.15;7.29;2022-11-05 22:10:52.462906599;Yvyra-pa'i;Madeira ;Talhado;Religioso || Ritualistico;2;;"A-31cm; L- 0,6 cm; L-9cm (com corda)";;;;João Souza;Guarani Kaiowá ;Pai-Tavyterã;Aldeia Kurusu-Amba (Jaguapiré) -MS;2019.12;2019.12;Tonico Benites ;Tonico Benites;Doação;2020.01.21;2021.04.26;Física - Museu Nacional ;Reserva Técnica;Enviada para tratamento de anóxia no dia 24 de janeiro de 2020, retornou dia 10 de fevereiro de 2021. Recebido no Colégio Pedro II - Campus Tijuca. ;;;Catalogação participativa realizada com o Prof.Dr. Tonico Benites emjaneiro de 2020. Aconteceu no Hosto Botânico do Museu Nacinal/UFRJ. Além do Tonico, estavam presentes Paula de Aguiar, Renata Valente e Vinicius Santos.;Tiram o caraguatá da florestam molham e torneiam (dão forma). A forma de usar é com a acústica da boca. Com os dois arcos esfrega-se os fios. 
MN 003-41.jpg;MNSEE.003.0011;MNSEE.003.0011;Maracá;003. Guarani-Kaiowá – Tekoha em litígio;Possui um cordão colorido com fios de lã aglomerados. É atravessado por um pedaço de madeira (cedro). Se usa nos rituais religiosos para se comunicar com as famílias de outros lugares e é também uma forma de proteção. ;MN 003-41;Coleção Guarani Kaiowá - Tekohá em litígio - 2020.;"Maracá / Mbaraká. Instrumento musical e ritualístico. Artesã Odúlia Gomes. Aldeia Guaiviry - Mato Grosso do Sul, Brasil. Dimensões: (maracá)  A-72cm; L-12cm, (cordão) A- 35cm. Acervo do Setor de Etnologia e Etnografia, Museu Nacional/UFRJ. Coleção Guarani Kaiowá - Tekohá em litígio, doada em 2020.";Aldeia Guaiviry | Etnologia | Guarani Kaiowá | MNSEE.003.0011 | MS | Maracá | Mato Grosso do Sul | Tonico Benites | indígena brasileiro;Projeto de Reconstrução do Setor de Etnologia e Etnografia do Museu Nacional/ UFRJ.;;;;2021-05-20T10:32:06.10;2022-11-05T19:08:05-03:00;2022-11-05T19:08:05-03:00;NIKON CORPORATION;NIKON D800;3038633;60.0 mm f/2.8;;DSC_0456.NEF;MN 003-41.dng;JPEG;.jpg;3534;6925;vertical;0.5103;24.47;RGB;1;300.0;300.0;5972037;5832.07;5.7;2022-11-05 22:08:06.590367794;Mbaraka;Cabaça;;Religioso || Ritualistico;1;;"(maracá) A-72cm; L-12cm; (cordão) A- 35cm";;;;Odúlia Gomes (falecida);Guarani Kaiowá ;Pai-Tavyterã;Aldeia Guaiviry - MS;2019.12;1970;Tonico Benites ;Tonico Benites;Doação;2020.01.21;2021.04.26;Física - Museu Nacional ;Reserva Técnica;Enviada para tratamento de anóxia no dia 24 de janeiro de 2020, retornou dia 10 de fevereiro de 2021. Recebido no Colégio Pedro II - Campus Tijuca. ;;;Catalogação participativa realizada com o Prof.Dr. Tonico Benites emjaneiro de 2020. Aconteceu no Hosto Botânico do Museu Nacinal/UFRJ. Além do Tonico, estavam presentes Paula de Aguiar, Renata Valente e Vinicius Santos.;Pega a cabaça pequena, quando madura retira-se a semente e coloca outras sementes da floresta e enfeita-se com adornos. Já tem mais de 50 anos. Os adornos ao entorno tem significado de raios e trovões. Foi utilizado na luta pela terra do Guaiviry. É o instrumento mais popular entre os Guarani. Pertenceu a Odúlia Gomes (Guaiviry), uma rezadeira, esposa de Nísio. 
MN 003-42.jpg;MNSEE.003.0011;MNSEE.003.0011;Maracá;003. Guarani-Kaiowá – Tekoha em litígio;Possui um cordão colorido com fios de lã aglomerados. É atravessado por um pedaço de madeira (cedro). Se usa nos rituais religiosos para se comunicar com as famílias de outros lugares e é também uma forma de proteção. ;MN 003-42;Coleção Guarani Kaiowá - Tekohá em litígio - 2020.;"Maracá / Mbaraká. Instrumento musical e ritualístico. Artesã Odúlia Gomes. Aldeia Guaiviry - Mato Grosso do Sul, Brasil. Dimensões: (maracá)  A-72cm; L-12cm, (cordão) A- 35cm. Acervo do Setor de Etnologia e Etnografia, Museu Nacional/UFRJ. Coleção Guarani Kaiowá - Tekohá em litígio, doada em 2020.";Aldeia Guaiviry | Etnologia | Guarani Kaiowá | MNSEE.003.0011 | MS | Maracá | Mato Grosso do Sul | Tonico Benites | indígena brasileiro;Projeto de Reconstrução do Setor de Etnologia e Etnografia do Museu Nacional/ UFRJ.;;;;2021-05-20T10:34:27.40;2022-11-05T19:07:56-03:00;2022-11-05T19:07:56-03:00;NIKON CORPORATION;NIKON D800;3038633;60.0 mm f/2.8;;DSC_0457.NEF;MN 003-42.dng;JPEG;.jpg;3534;6925;vertical;0.5103;24.47;RGB;1;300.0;300.0;5855422;5718.19;5.58;2022-11-05 22:07:59.010638714;Mbaraka;Cabaça;;Religioso || Ritualistico;1;;"(maracá) A-72cm; L-12cm; (cordão) A- 35cm";;;;Odúlia Gomes (falecida);Guarani Kaiowá ;Pai-Tavyterã;Aldeia Guaiviry - MS;2019.12;1970;Tonico Benites ;Tonico Benites;Doação;2020.01.21;2021.04.26;Física - Museu Nacional ;Reserva Técnica;Enviada para tratamento de anóxia no dia 24 de janeiro de 2020, retornou dia 10 de fevereiro de 2021. Recebido no Colégio Pedro II - Campus Tijuca. ;;;Catalogação participativa realizada com o Prof.Dr. Tonico Benites emjaneiro de 2020. Aconteceu no Hosto Botânico do Museu Nacinal/UFRJ. Além do Tonico, estavam presentes Paula de Aguiar, Renata Valente e Vinicius Santos.;Pega a cabaça pequena, quando madura retira-se a semente e coloca outras sementes da floresta e enfeita-se com adornos. Já tem mais de 50 anos. Os adornos ao entorno tem significado de raios e trovões. Foi utilizado na luta pela terra do Guaiviry. É o instrumento mais popular entre os Guarani. Pertenceu a Odúlia Gomes (Guaiviry), uma rezadeira, esposa de Nísio. 
MN 003-35.jpg;MNSEE.003.0013;MNSEE.003.0013;Maracá;003. Guarani-Kaiowá – Tekoha em litígio;Com fios de lã aglomerados marrom. ;MN 003-35;Coleção Guarani Kaiowá - Tekohá em litígio - 2020.;"Maracá/ Mbaraká. Instrumento musical e ritualístico. Artesã Neusa Conciança, Aldeia Guyra Kabiy - Mato Grosso do Sul, Brasil. Dimensões: A-20cm; L-9cm. Acervo do Setor de Etnologia e Etnografia, Museu Nacional/UFRJ. Coleção Guarani Kaiowá - Tekohá em litígio, doada em 2020.";Aldeia Guyra Kabiy | Etnologia | Guarani Kaiowá | MNSEE.003.0013 | MS | Maracá | Mato Grosso do Sul | Tonico Benites | cabaça | indígena brasileiro;Projeto de Reconstrução do Setor de Etnologia e Etnografia do Museu Nacional/ UFRJ.;;;;2021-05-20T10:59:55.60;2022-11-05T19:07:35-03:00;2022-11-05T19:07:35-03:00;NIKON CORPORATION;NIKON D800;3038633;60.0 mm f/2.8;;DSC_0463.NEF;MN 003-35.dng;JPEG;.jpg;3809;6082;vertical;0.6263;23.17;RGB;1;300.0;300.0;6704439;6547.3;6.39;2022-11-05 22:07:38.933310509;Mbaraka;Cabaça;;Religioso || Ritualistico;1;;"A-20cm; L-9cm; P- 56g";;;;Neusa Conciança (rezadora);Guarani Kaiowá ;Pai-Tavyterã;Aldeia Guyra Kabiy - MS;2019.12;2006;Tonico Benites ;Tonico Benites;Doação;2020.01.21;2021.04.26;Física - Museu Nacional ;Reserva Técnica;Enviada para tratamento de anóxia no dia 24 de janeiro de 2020, retornou dia 10 de fevereiro de 2021. Recebido no Colégio Pedro II - Campus Tijuca. ;;;Catalogação participativa realizada com o Prof.Dr. Tonico Benites emjaneiro de 2020. Aconteceu no Hosto Botânico do Museu Nacinal/UFRJ. Além do Tonico, estavam presentes Paula de Aguiar, Renata Valente e Vinicius Santos.;Usados na retomada de Guyra kambiy.
MN 003-36.jpg;MNSEE.003.0013;MNSEE.003.0013;Maracá;003. Guarani-Kaiowá – Tekoha em litígio;Com fios de lã aglomerados marrom. ;MN 003-36;Coleção Guarani Kaiowá - Tekohá em litígio - 2020.;"Maracá/ Mbaraká. Instrumento musical e ritualístico. Artesã Neusa Conciança, Aldeia Guyra Kabiy - Mato Grosso do Sul, Brasil. Dimensões: A-20cm; L-9cm. Acervo do Setor de Etnologia e Etnografia, Museu Nacional/UFRJ. Coleção Guarani Kaiowá - Tekohá em litígio, doada em 2020.";Aldeia Guyra Kabiy | Etnologia | Guarani Kaiowá | MNSEE.003.0013 | MS | Maracá | Mato Grosso do Sul | Tonico Benites | cabaça | indígena brasileiro;Projeto de Reconstrução do Setor de Etnologia e Etnografia do Museu Nacional/ UFRJ.;;;;2021-05-20T11:03:04.40;2022-11-05T19:07:42-03:00;2022-11-05T19:07:42-03:00;NIKON CORPORATION;NIKON D800;3038633;60.0 mm f/2.8;;DSC_0464.NEF;MN 003-36.dng;JPEG;.jpg;3809;6082;vertical;0.6263;23.17;RGB;1;300.0;300.0;6766898;6608.3;6.45;2022-11-05 22:07:44.236133575;Mbaraka;Cabaça;;Religioso || Ritualistico;1;;"A-20cm; L-9cm; P- 56g";;;;Neusa Conciança (rezadora);Guarani Kaiowá ;Pai-Tavyterã;Aldeia Guyra Kabiy - MS;2019.12;2006;Tonico Benites ;Tonico Benites;Doação;2020.01.21;2021.04.26;Física - Museu Nacional ;Reserva Técnica;Enviada para tratamento de anóxia no dia 24 de janeiro de 2020, retornou dia 10 de fevereiro de 2021. Recebido no Colégio Pedro II - Campus Tijuca. ;;;Catalogação participativa realizada com o Prof.Dr. Tonico Benites emjaneiro de 2020. Aconteceu no Hosto Botânico do Museu Nacinal/UFRJ. Além do Tonico, estavam presentes Paula de Aguiar, Renata Valente e Vinicius Santos.;Usados na retomada de Guyra kambiy.
MN 003-37.jpg;MNSEE.003.0013;MNSEE.003.0013;Maracá;003. Guarani-Kaiowá – Tekoha em litígio;Com fios de lã aglomerados marrom. ;MN 003-37;Coleção Guarani Kaiowá - Tekohá em litígio - 2020.;"Maracá/ Mbaraká. Instrumento musical e ritualístico. Artesã Neusa Conciança, Aldeia Guyra Kabiy - Mato Grosso do Sul, Brasil. Dimensões: A-20cm; L-9cm. Acervo do Setor de Etnologia e Etnografia, Museu Nacional/UFRJ. Coleção Guarani Kaiowá - Tekohá em litígio, doada em 2020.";Aldeia Guyra Kabiy | Etnologia | Guarani Kaiowá | MNSEE.003.0013 | MS | Maracá | Mato Grosso do Sul | Tonico Benites | cabaça | indígena brasileiro;Projeto de Reconstrução do Setor de Etnologia e Etnografia do Museu Nacional/ UFRJ.;;;;2021-05-20T11:04:03.60;2022-11-05T19:07:38-03:00;2022-11-05T19:07:38-03:00;NIKON CORPORATION;NIKON D800;3038633;60.0 mm f/2.8;;DSC_0466.NEF;MN 003-37.dng;JPEG;.jpg;3809;6082;vertical;0.6263;23.17;RGB;1;300.0;300.0;6377500;6228.03;6.08;2022-11-05 22:07:40.260761738;Mbaraka;Cabaça;;Religioso || Ritualistico;1;;"A-20cm; L-9cm; P- 56g";;;;Neusa Conciança (rezadora);Guarani Kaiowá ;Pai-Tavyterã;Aldeia Guyra Kabiy - MS;2019.12;2006;Tonico Benites ;Tonico Benites;Doação;2020.01.21;2021.04.26;Física - Museu Nacional ;Reserva Técnica;Enviada para tratamento de anóxia no dia 24 de janeiro de 2020, retornou dia 10 de fevereiro de 2021. Recebido no Colégio Pedro II - Campus Tijuca. ;;;Catalogação participativa realizada com o Prof.Dr. Tonico Benites emjaneiro de 2020. Aconteceu no Hosto Botânico do Museu Nacinal/UFRJ. Além do Tonico, estavam presentes Paula de Aguiar, Renata Valente e Vinicius Santos.;Usados na retomada de Guyra kambiy.
MN 003-28.jpg;MNSEE.003.0014;MNSEE.003.0014;Maracá;003. Guarani-Kaiowá – Tekoha em litígio;Com fios de lã aglomerados marrom. ;MN 003-28;Coleção Guarani Kaiowá - Tekohá em litígio - 2020.;"Maracá/ Mbaraká. Instrumento musical e ritualístico. Artesã Neusa Conciança. Aldeia Guyra Kabiy - Mato Grosso do Sul, Brasil. Dimensões: A-26cm; L-12cm. Acervo do Setor de Etnologia e Etnografia, Museu Nacional/UFRJ. Coleção Guarani Kaiowá - Tekohá em litígio, doada em 2020.";Aldeia Guyra Kabiy | Etnologia | Guarani Kaiowá | MNSEE.003.0014 | MS | Maracá | Mato Grosso do Sul | Neusa Conciança | Tonico Benites | cabaça | indígena brasileiro;Projeto de Reconstrução do Setor de Etnologia e Etnografia do Museu Nacional/ UFRJ.;;;;2021-05-20T10:24:34.30;2022-11-05T19:07:06-03:00;2022-11-05T19:07:06-03:00;NIKON CORPORATION;NIKON D800;3038633;60.0 mm f/2.8;;DSC_0453.NEF;MN 003-28.dng;JPEG;.jpg;4267;6577;vertical;0.6488;28.06;RGB;1;300.0;300.0;6813079;6653.4;6.5;2022-11-05 22:07:08.342098236;Mbaraka;Cabaça;;Religioso || Ritualistico;1;;"A-26cm; L- 12cm";;;;Neusa Conciança (rezadora);Guarani Kaiowá ;Pai-Tavyterã;Aldeia Guyra Kabiy - MS;2019.12;2006;Tonico Benites ;Tonico Benites;Doação;2020.01.21;2021.04.26;Física - Museu Nacional ;Reserva Técnica;Enviada para tratamento de anóxia no dia 24 de janeiro de 2020, retornou dia 10 de fevereiro de 2021. Recebido no Colégio Pedro II - Campus Tijuca. ;;;Catalogação participativa realizada com o Prof.Dr. Tonico Benites emjaneiro de 2020. Aconteceu no Hosto Botânico do Museu Nacinal/UFRJ. Além do Tonico, estavam presentes Paula de Aguiar, Renata Valente e Vinicius Santos.;Usados na retomada de Guyra kambiy.
MN 003-29.jpg;MNSEE.003.0014;MNSEE.003.0014;Maracá;003. Guarani-Kaiowá – Tekoha em litígio;Com fios de lã aglomerados marrom. ;MN 003-29;Coleção Guarani Kaiowá - Tekohá em litígio - 2020.;"Maracá/ Mbaraká. Instrumento musical e ritualístico. Artesã Neusa Conciança. Aldeia Guyra Kabiy - Mato Grosso do Sul, Brasil. Dimensões: A-26cm; L-12cm. Acervo do Setor de Etnologia e Etnografia, Museu Nacional/UFRJ. Coleção Guarani Kaiowá - Tekohá em litígio, doada em 2020.";Aldeia Guyra Kabiy | Etnologia | Guarani Kaiowá | MNSEE.003.0014 | MS | Maracá | Mato Grosso do Sul | Neusa Conciança | Tonico Benites | cabaça | indígena brasileiro;Projeto de Reconstrução do Setor de Etnologia e Etnografia do Museu Nacional/ UFRJ.;;;;2021-05-20T10:27:27.30;2022-11-05T19:07:06-03:00;2022-11-05T19:07:06-03:00;NIKON CORPORATION;NIKON D800;3038633;60.0 mm f/2.8;;DSC_0454.NEF;MN 003-29.dng;JPEG;.jpg;4267;6577;vertical;0.6488;28.06;RGB;1;300.0;300.0;7069327;6903.64;6.74;2022-11-05 22:07:08.141632557;Mbaraka;Cabaça;;Religioso || Ritualistico;1;;"A-26cm; L- 12cm";;;;Neusa Conciança (rezadora);Guarani Kaiowá ;Pai-Tavyterã;Aldeia Guyra Kabiy - MS;2019.12;2006;Tonico Benites ;Tonico Benites;Doação;2020.01.21;2021.04.26;Física - Museu Nacional ;Reserva Técnica;Enviada para tratamento de anóxia no dia 24 de janeiro de 2020, retornou dia 10 de fevereiro de 2021. Recebido no Colégio Pedro II - Campus Tijuca. ;;;Catalogação participativa realizada com o Prof.Dr. Tonico Benites emjaneiro de 2020. Aconteceu no Hosto Botânico do Museu Nacinal/UFRJ. Além do Tonico, estavam presentes Paula de Aguiar, Renata Valente e Vinicius Santos.;Usados na retomada de Guyra kambiy.
MN 003-30.jpg;MNSEE.003.0014;MNSEE.003.0014;Maracá;003. Guarani-Kaiowá – Tekoha em litígio;Com fios de lã aglomerados marrom. ;MN 003-30;Coleção Guarani Kaiowá - Tekohá em litígio - 2020.;"Maracá/ Mbaraká. Instrumento musical e ritualístico. Artesã Neusa Conciança. Aldeia Guyra Kabiy - Mato Grosso do Sul, Brasil. Dimensões: A-26cm; L-12cm. Acervo do Setor de Etnologia e Etnografia, Museu Nacional/UFRJ. Coleção Guarani Kaiowá - Tekohá em litígio, doada em 2020.";Aldeia Guyra Kabiy | Etnologia | Guarani Kaiowá | MNSEE.003.0014 | MS | Maracá | Mato Grosso do Sul | Neusa Conciança | Tonico Benites | cabaça | indígena brasileiro;Projeto de Reconstrução do Setor de Etnologia e Etnografia do Museu Nacional/ UFRJ.;;;;2021-05-20T10:29:52.80;2022-11-05T19:07:18-03:00;2022-11-05T19:07:18-03:00;NIKON CORPORATION;NIKON D800;3038633;60.0 mm f/2.8;;DSC_0455.NEF;MN 003-30.dng;JPEG;.jpg;4267;6577;vertical;0.6488;28.06;RGB;1;300.0;300.0;6814513;6654.8;6.5;2022-11-05 22:07:20.278187037;Mbaraka;Cabaça;;Religioso || Ritualistico;1;;"A-26cm; L- 12cm";;;;Neusa Conciança (rezadora);Guarani Kaiowá ;Pai-Tavyterã;Aldeia Guyra Kabiy - MS;2019.12;2006;Tonico Benites ;Tonico Benites;Doação;2020.01.21;2021.04.26;Física - Museu Nacional ;Reserva Técnica;Enviada para tratamento de anóxia no dia 24 de janeiro de 2020, retornou dia 10 de fevereiro de 2021. Recebido no Colégio Pedro II - Campus Tijuca. ;;;Catalogação participativa realizada com o Prof.Dr. Tonico Benites emjaneiro de 2020. Aconteceu no Hosto Botânico do Museu Nacinal/UFRJ. Além do Tonico, estavam presentes Paula de Aguiar, Renata Valente e Vinicius Santos.;Usados na retomada de Guyra kambiy.
MN 003-31.jpg;MNSEE.003.0015;MNSEE.003.0015;Maracá;003. Guarani-Kaiowá – Tekoha em litígio;Com fios de lã aglomerados marrom. ;MN 003-31;Coleção Guarani Kaiowá - Tekohá em litígio - 2020.;"Maracá/ Mbaraká. Instrumento musical e ritualístico. Artesã Neusa Conciança. Aldeia Guyra Kabiy - Mato Grosso do Sul, Brasil. Dimensões: A-29cm; L-12cm. Acervo do Setor de Etnologia e Etnografia, Museu Nacional/UFRJ. Coleção Guarani Kaiowá - Tekohá em litígio, doada em 2020.";Aldeia Guyra Kabiy | Etnologia | Guarani Kaiowá | MNSEE.003.0015 | MS | Maracá | Mato Grosso do Sul | Tonico Benites | cabaça | indígena brasileiro;Projeto de Reconstrução do Setor de Etnologia e Etnografia do Museu Nacional/ UFRJ.;;;;2021-05-20T10:07:52.70;2022-11-05T19:07:17-03:00;2022-11-05T19:07:17-03:00;NIKON CORPORATION;NIKON D800;3038633;60.0 mm f/2.8;;DSC_0450.NEF;MN 003-31.dng;JPEG;.jpg;4285;6815;vertical;0.6288;29.2;RGB;1;300.0;300.0;7100553;6934.13;6.77;2022-11-05 22:07:19.187103748;Mbaraka;Cabaça;;Religioso || Ritualistico;1;;"A-29cm; L-12cm";;;;Neusa Conciança (rezadora);Guarani Kaiowá ;Pai-Tavyterã;Aldeia Guyra Kabiy - MS;2019.12;2006;Tonico Benites ;Tonico Benites;Doação;2020.01.21;2021.04.26;Física - Museu Nacional ;Reserva Técnica;Enviada para tratamento de anóxia no dia 24 de janeiro de 2020, retornou dia 10 de fevereiro de 2021. Recebido no Colégio Pedro II - Campus Tijuca. ;;;Catalogação participativa realizada com o Prof.Dr. Tonico Benites emjaneiro de 2020. Aconteceu no Hosto Botânico do Museu Nacinal/UFRJ. Além do Tonico, estavam presentes Paula de Aguiar, Renata Valente e Vinicius Santos.;Usados na retomada de Guyra kambiy.
MN 003-32.jpg;MNSEE.003.0015;MNSEE.003.0015;Maracá;003. Guarani-Kaiowá – Tekoha em litígio;Com fios de lã aglomerados marrom. ;MN 003-32;Coleção Guarani Kaiowá - Tekohá em litígio - 2020.;"Maracá/ Mbaraká. Instrumento musical e ritualístico. Artesã Neusa Conciança. Aldeia Guyra Kabiy - Mato Grosso do Sul, Brasil. Dimensões: A-29cm; L-12cm. Acervo do Setor de Etnologia e Etnografia, Museu Nacional/UFRJ. Coleção Guarani Kaiowá - Tekohá em litígio, doada em 2020.";Aldeia Guyra Kabiy | Etnologia | Guarani Kaiowá | MNSEE.003.0015 | MS | Maracá | Mato Grosso do Sul | Tonico Benites | cabaça | indígena brasileiro;Projeto de Reconstrução do Setor de Etnologia e Etnografia do Museu Nacional/ UFRJ.;;;;2021-05-20T10:17:15.50;2022-11-05T19:07:28-03:00;2022-11-05T19:07:28-03:00;NIKON CORPORATION;NIKON D800;3038633;60.0 mm f/2.8;;DSC_0451.NEF;MN 003-32.dng;JPEG;.jpg;4285;6815;vertical;0.6288;29.2;RGB;1;300.0;300.0;6403835;6253.75;6.11;2022-11-05 22:07:30.225590229;Mbaraka;Cabaça;;Religioso || Ritualistico;1;;"A-29cm; L-12cm";;;;Neusa Conciança (rezadora);Guarani Kaiowá ;Pai-Tavyterã;Aldeia Guyra Kabiy - MS;2019.12;2006;Tonico Benites ;Tonico Benites;Doação;2020.01.21;2021.04.26;Física - Museu Nacional ;Reserva Técnica;Enviada para tratamento de anóxia no dia 24 de janeiro de 2020, retornou dia 10 de fevereiro de 2021. Recebido no Colégio Pedro II - Campus Tijuca. ;;;Catalogação participativa realizada com o Prof.Dr. Tonico Benites emjaneiro de 2020. Aconteceu no Hosto Botânico do Museu Nacinal/UFRJ. Além do Tonico, estavam presentes Paula de Aguiar, Renata Valente e Vinicius Santos.;Usados na retomada de Guyra kambiy.
MN 003-38.jpg;MNSEE.003.0016;MNSEE.003.0016;Maracá;003. Guarani-Kaiowá – Tekoha em litígio;Formato oval e alongado adornado com plumas amarelas e rosas. ;MN 003-38;Coleção Guarani Kaiowá - Tekohá em litígio - 2020.;"Maracá/ Mbaraká. Instrumento musical e ritualístico. Artesã Germano Lima. Aldeia Guyra Kabiy - Mato Grosso do Sul, Brasil. Dimensões: A- 26cm; L- 7cm. Acervo do Setor de Etnologia e Etnografia, Museu Nacional/UFRJ. Coleção Guarani Kaiowá - Tekohá em litígio, doada em 2020.";Aldeia Guyra Kabiy | Etnologia | Guarani Kaiowá | MNSEE.003.0016 | MS | Maracá | Mato Grosso do Sul | Tonico Benites | cabaça | indígena brasileiro;Projeto de Reconstrução do Setor de Etnologia e Etnografia do Museu Nacional/ UFRJ.;;;;2021-05-20T11:06:22.60;2022-11-05T19:07:46-03:00;2022-11-05T19:07:46-03:00;NIKON CORPORATION;NIKON D800;3038633;60.0 mm f/2.8;;DSC_0468.NEF;MN 003-38.dng;JPEG;.jpg;3882;6852;vertical;0.5665;26.6;RGB;1;300.0;300.0;10009263;9774.67;9.55;2022-11-05 22:07:48.245414734;Mbaraka;Cabaça;;Religioso || Ritualistico;1;;"A- 26cm; L- 7cm";;;;Germano Lima ;Guarani Kaiowá ;Pai-Tavyterã;Aldeia Guyra Kabiy - MS;2019.12;2017;Tonico Benites ;Tonico Benites;Doação;2020.01.21;2021.04.26;Física - Museu Nacional ;Reserva Técnica;Enviada para tratamento de anóxia no dia 24 de janeiro de 2020, retornou dia 10 de fevereiro de 2021. Recebido no Colégio Pedro II - Campus Tijuca. ;;;Catalogação participativa realizada com o Prof.Dr. Tonico Benites emjaneiro de 2020. Aconteceu no Hosto Botânico do Museu Nacinal/UFRJ. Além do Tonico, estavam presentes Paula de Aguiar, Renata Valente e Vinicius Santos.;Nunca foi usado em ritual religioso, foi feito para enfeitar as casas / vender para não indígenas. 
MN 003-39.jpg;MNSEE.003.0016;MNSEE.003.0016;Maracá;003. Guarani-Kaiowá – Tekoha em litígio;Formato oval e alongado adornado com plumas amarelas e rosas. ;MN 003-39;Coleção Guarani Kaiowá - Tekohá em litígio - 2020.;"Maracá/ Mbaraká. Instrumento musical e ritualístico. Artesã Germano Lima. Aldeia Guyra Kabiy - Mato Grosso do Sul, Brasil. Dimensões: A- 26cm; L- 7cm. Acervo do Setor de Etnologia e Etnografia, Museu Nacional/UFRJ. Coleção Guarani Kaiowá - Tekohá em litígio, doada em 2020.";Aldeia Guyra Kabiy | Etnologia | Guarani Kaiowá | MNSEE.003.0016 | MS | Maracá | Mato Grosso do Sul | Tonico Benites | cabaça | indígena brasileiro;Projeto de Reconstrução do Setor de Etnologia e Etnografia do Museu Nacional/ UFRJ.;;;;2021-05-20T11:07:08.50;2022-11-05T19:07:49-03:00;2022-11-05T19:07:49-03:00;NIKON CORPORATION;NIKON D800;3038633;60.0 mm f/2.8;;DSC_0469.NEF;MN 003-39.dng;JPEG;.jpg;3882;6852;vertical;0.5665;26.6;RGB;1;300.0;300.0;10351515;10108.9;9.87;2022-11-05 22:07:53.760670185;Mbaraka;Cabaça;;Religioso || Ritualistico;1;;"A- 26cm; L- 7cm";;;;Germano Lima ;Guarani Kaiowá ;Pai-Tavyterã;Aldeia Guyra Kabiy - MS;2019.12;2017;Tonico Benites ;Tonico Benites;Doação;2020.01.21;2021.04.26;Física - Museu Nacional ;Reserva Técnica;Enviada para tratamento de anóxia no dia 24 de janeiro de 2020, retornou dia 10 de fevereiro de 2021. Recebido no Colégio Pedro II - Campus Tijuca. ;;;Catalogação participativa realizada com o Prof.Dr. Tonico Benites emjaneiro de 2020. Aconteceu no Hosto Botânico do Museu Nacinal/UFRJ. Além do Tonico, estavam presentes Paula de Aguiar, Renata Valente e Vinicius Santos.;Nunca foi usado em ritual religioso, foi feito para enfeitar as casas / vender para não indígenas. 
MN 003-40.jpg;MNSEE.003.0016;MNSEE.003.0016;Maracá;003. Guarani-Kaiowá – Tekoha em litígio;Formato oval e alongado adornado com plumas amarelas e rosas. ;MN 003-40;Coleção Guarani Kaiowá - Tekohá em litígio - 2020.;"Maracá/ Mbaraká. Instrumento musical e ritualístico. Artesã Germano Lima. Aldeia Guyra Kabiy - Mato Grosso do Sul, Brasil. Dimensões: A- 26cm; L- 7cm. Acervo do Setor de Etnologia e Etnografia, Museu Nacional/UFRJ. Coleção Guarani Kaiowá - Tekohá em litígio, doada em 2020.";Aldeia Guyra Kabiy | Etnologia | Guarani Kaiowá | MNSEE.003.0016 | MS | Maracá | Mato Grosso do Sul | Tonico Benites | cabaça | indígena brasileiro;Projeto de Reconstrução do Setor de Etnologia e Etnografia do Museu Nacional/ UFRJ.;;;;2021-05-20T11:08:05.90;2022-11-05T19:07:53-03:00;2022-11-05T19:07:53-03:00;NIKON CORPORATION;NIKON D800;3038633;60.0 mm f/2.8;;DSC_0471.NEF;MN 003-40.dng;JPEG;.jpg;3882;6852;vertical;0.5665;26.6;RGB;1;300.0;300.0;10000375;9765.99;9.54;2022-11-05 22:07:55.004344702;Mbaraka;Cabaça;;Religioso || Ritualistico;1;;"A- 26cm; L- 7cm";;;;Germano Lima ;Guarani Kaiowá ;Pai-Tavyterã;Aldeia Guyra Kabiy - MS;2019.12;2017;Tonico Benites ;Tonico Benites;Doação;2020.01.21;2021.04.26;Física - Museu Nacional ;Reserva Técnica;Enviada para tratamento de anóxia no dia 24 de janeiro de 2020, retornou dia 10 de fevereiro de 2021. Recebido no Colégio Pedro II - Campus Tijuca. ;;;Catalogação participativa realizada com o Prof.Dr. Tonico Benites emjaneiro de 2020. Aconteceu no Hosto Botânico do Museu Nacinal/UFRJ. Além do Tonico, estavam presentes Paula de Aguiar, Renata Valente e Vinicius Santos.;Nunca foi usado em ritual religioso, foi feito para enfeitar as casas / vender para não indígenas. 
MN 003-1.jpg;MNSEE.003.0017;MNSEE.003.0017;Crânio ;003. Guarani-Kaiowá – Tekoha em litígio;Crânio de macaco bugio. Utilizado para cura e proteção.  Lava-se a cabeça no parto, para não bater a cabeça. Protege a casa e as crianças. ;MN 003-1;Coleção Guarani Kaiowá - Tekohá em litígio - 2020.;"Crânio de macaco/ Kangá ankãgue. Crânio de macaco bugilo. Utilizado para cura e proteção. Artesã Amalia Lima (morreu em 2018 aos 112 anos). Aldeia Aldeia Kambiy - Mato Grosso do Sul, Brasil. Dimensões: A-7cm; L-7cm. Acervo do Setor de Etnologia e Etnografia, Museu Nacional/UFRJ. Coleção Guarani Kaiowá - Tekohá em litígio, doada em 2020.";Aldeia Kambiy | Crânio de macaco | Etnologia | Kangá ankãgue | MNSEE.003.0017 | MS | Mato Grosso do Sul | Tonico Benites | indígena brasileiro;Projeto de Reconstrução do Setor de Etnologia e Etnografia do Museu Nacional/ UFRJ.;;;;2021-04-29T15:10:12.64-03:00;2022-11-05T19:05:26-03:00;2022-11-05T19:05:26-03:00;Canon;Canon EOS 5D Mark IV;3,82037E+11;EF24-105mm f/3.5-5.6 IS STM;000002643f;_N5A5099.CR2;MN 003-1.dng;JPEG;.jpg;4396;4480;vertical;0.9812;19.69;RGB;1;300.0;300.0;5097135;4977.67;4.86;2022-11-05 22:05:28.163533211;Ka'i-ankãgue;Osteológico;;Curativo || Terapeutico ;1;;"A-7cm; L-7cm; P- 11g";;;;Amalia Lima (idosa de 112);Guarani Kaiowá ;Pai-Tavyterã;Aldeia Guyra Kabiy - MS;2019.12;1960 - 1970;Tonico Benites ;Tonico Benites;Doação;2020.01.21;2021.04.26;Física - Museu Nacional ;Reserva Técnica;Enviada para tratamento de anóxia no dia 24 de janeiro de 2020, retornou dia 10 de fevereiro de 2021. Recebido no Colégio Pedro II - Campus Tijuca. ;;;Catalogação participativa realizada com o Prof.Dr. Tonico Benites emjaneiro de 2020. Aconteceu no Hosto Botânico do Museu Nacinal/UFRJ. Além do Tonico, estavam presentes Paula de Aguiar, Renata Valente e Vinicius Santos.;É da época em que ainda havia floresta, estão a mais de 30 anos com eles (fala feita em janeiro de 2019). Amalia passou para o neto Germano.
MN 003-2.jpg;MNSEE.003.0017;MNSEE.003.0017;Crânio ;003. Guarani-Kaiowá – Tekoha em litígio;Crânio de macaco bugio. Utilizado para cura e proteção.  Lava-se a cabeça no parto, para não bater a cabeça. Protege a casa e as crianças. ;MN 003-2;Coleção Guarani Kaiowá - Tekohá em litígio - 2020.;"Crânio de macaco/ Kangá ankãgue. Crânio de macaco bugilo. Utilizado para cura e proteção. Artesã Amalia Lima (morreu em 2018 aos 112 anos). Aldeia Aldeia Kambiy - Mato Grosso do Sul, Brasil. Dimensões: A-7cm; L-7cm. Acervo do Setor de Etnologia e Etnografia, Museu Nacional/UFRJ. Coleção Guarani Kaiowá - Tekohá em litígio, doada em 2020.";Aldeia Kambiy | Crânio de macaco | Etnologia | Kangá ankãgue | MNSEE.003.0017 | MS | Mato Grosso do Sul | Tonico Benites | indígena brasileiro;Projeto de Reconstrução do Setor de Etnologia e Etnografia do Museu Nacional/ UFRJ.;;;;2021-04-29T15:13:39.91-03:00;2022-11-05T19:05:26-03:00;2022-11-05T19:05:26-03:00;Canon;Canon EOS 5D Mark IV;3,82037E+11;EF24-105mm f/3.5-5.6 IS STM;000002643f;_N5A5102.CR2;MN 003-2.dng;JPEG;.jpg;4480;4396;horizontal;10.191;19.69;RGB;1;300.0;300.0;4820901;4707.91;4.6;2022-11-05 22:05:28.611877918;Ka'i-ankãgue;Osteológico;;Curativo || Terapeutico ;1;;"A-7cm; L-7cm; P- 11g";;;;Amalia Lima (idosa de 112);Guarani Kaiowá ;Pai-Tavyterã;Aldeia Guyra Kabiy - MS;2019.12;1960 - 1970;Tonico Benites ;Tonico Benites;Doação;2020.01.21;2021.04.26;Física - Museu Nacional ;Reserva Técnica;Enviada para tratamento de anóxia no dia 24 de janeiro de 2020, retornou dia 10 de fevereiro de 2021. Recebido no Colégio Pedro II - Campus Tijuca. ;;;Catalogação participativa realizada com o Prof.Dr. Tonico Benites emjaneiro de 2020. Aconteceu no Hosto Botânico do Museu Nacinal/UFRJ. Além do Tonico, estavam presentes Paula de Aguiar, Renata Valente e Vinicius Santos.;É da época em que ainda havia floresta, estão a mais de 30 anos com eles (fala feita em janeiro de 2019). Amalia passou para o neto Germano.
MN 003-3.jpg;MNSEE.003.0017;MNSEE.003.0017;Crânio ;003. Guarani-Kaiowá – Tekoha em litígio;Crânio de macaco bugio. Utilizado para cura e proteção.  Lava-se a cabeça no parto, para não bater a cabeça. Protege a casa e as crianças. ;MN 003-3;Coleção Guarani Kaiowá - Tekohá em litígio - 2020.;"Crânio de macaco/ Kangá ankãgue. Crânio de macaco bugilo. Utilizado para cura e proteção. Artesã Amalia Lima (morreu em 2018 aos 112 anos). Aldeia Aldeia Kambiy - Mato Grosso do Sul, Brasil. Dimensões: A-7cm; L-7cm. Acervo do Setor de Etnologia e Etnografia, Museu Nacional/UFRJ. Coleção Guarani Kaiowá - Tekohá em litígio, doada em 2020.";Aldeia Kambiy | Crânio de macaco | Etnologia | Kangá ankãgue | MNSEE.003.0017 | MS | Mato Grosso do Sul | Tonico Benites | indígena brasileiro;Projeto de Reconstrução do Setor de Etnologia e Etnografia do Museu Nacional/ UFRJ.;;;;2021-04-29T15:13:12.72-03:00;2022-11-05T19:05:25-03:00;2022-11-05T19:05:25-03:00;Canon;Canon EOS 5D Mark IV;3,82037E+11;EF24-105mm f/3.5-5.6 IS STM;000002643f;_N5A5101.CR2;MN 003-3.dng;JPEG;.jpg;4313;4798;vertical;0.8989;20.69;RGB;1;300.0;300.0;5305695;5181.34;5.06;2022-11-05 22:05:27.328703403;Ka'i-ankãgue;Osteológico;;Curativo || Terapeutico ;1;;"A-7cm; L-7cm; P- 11g";;;;Amalia Lima (idosa de 112);Guarani Kaiowá ;Pai-Tavyterã;Aldeia Guyra Kabiy - MS;2019.12;1960 - 1970;Tonico Benites ;Tonico Benites;Doação;2020.01.21;2021.04.26;Física - Museu Nacional ;Reserva Técnica;Enviada para tratamento de anóxia no dia 24 de janeiro de 2020, retornou dia 10 de fevereiro de 2021. Recebido no Colégio Pedro II - Campus Tijuca. ;;;Catalogação participativa realizada com o Prof.Dr. Tonico Benites emjaneiro de 2020. Aconteceu no Hosto Botânico do Museu Nacinal/UFRJ. Além do Tonico, estavam presentes Paula de Aguiar, Renata Valente e Vinicius Santos.;É da época em que ainda havia floresta, estão a mais de 30 anos com eles (fala feita em janeiro de 2019). Amalia passou para o neto Germano.
MN 003-4.jpg;MNSEE.003.0017;MNSEE.003.0017;Crânio ;003. Guarani-Kaiowá – Tekoha em litígio;Crânio de macaco bugio. Utilizado para cura e proteção.  Lava-se a cabeça no parto, para não bater a cabeça. Protege a casa e as crianças. ;MN 003-4;Coleção Guarani Kaiowá - Tekohá em litígio - 2020.;"Crânio de macaco/ Kangá ankãgue. Crânio de macaco bugilo. Utilizado para cura e proteção. Artesã Amalia Lima (morreu em 2018 aos 112 anos). Aldeia Aldeia Kambiy - Mato Grosso do Sul, Brasil. Dimensões: A-7cm; L-7cm. Acervo do Setor de Etnologia e Etnografia, Museu Nacional/UFRJ. Coleção Guarani Kaiowá - Tekohá em litígio, doada em 2020.";Aldeia Kambiy | Crânio de macaco | Etnologia | Kangá ankãgue | MNSEE.003.0017 | MS | Mato Grosso do Sul | Tonico Benites | indígena brasileiro;Projeto de Reconstrução do Setor de Etnologia e Etnografia do Museu Nacional/ UFRJ.;;;;2021-04-29T15:18:10.87-03:00;2022-11-05T19:05:40-03:00;2022-11-05T19:05:40-03:00;Canon;Canon EOS 5D Mark IV;3,82037E+11;EF24-105mm f/3.5-5.6 IS STM;000002643f;_N5A5104.CR2;MN 003-4.dng;JPEG;.jpg;4572;4057;horizontal;11.269;18.55;RGB;1;300.0;300.0;4255267;4155.53;4.06;2022-11-05 22:05:40.931603193;Ka'i-ankãgue;Osteológico;;Curativo || Terapeutico ;1;;"A-7cm; L-7cm; P- 11g";;;;Amalia Lima (idosa de 112);Guarani Kaiowá ;Pai-Tavyterã;Aldeia Guyra Kabiy - MS;2019.12;1960 - 1970;Tonico Benites ;Tonico Benites;Doação;2020.01.21;2021.04.26;Física - Museu Nacional ;Reserva Técnica;Enviada para tratamento de anóxia no dia 24 de janeiro de 2020, retornou dia 10 de fevereiro de 2021. Recebido no Colégio Pedro II - Campus Tijuca. ;;;Catalogação participativa realizada com o Prof.Dr. Tonico Benites emjaneiro de 2020. Aconteceu no Hosto Botânico do Museu Nacinal/UFRJ. Além do Tonico, estavam presentes Paula de Aguiar, Renata Valente e Vinicius Santos.;É da época em que ainda havia floresta, estão a mais de 30 anos com eles (fala feita em janeiro de 2019). Amalia passou para o neto Germano.
MN 003-5.jpg;MNSEE.003.0017;MNSEE.003.0017;Crânio ;003. Guarani-Kaiowá – Tekoha em litígio;Crânio de macaco bugio. Utilizado para cura e proteção.  Lava-se a cabeça no parto, para não bater a cabeça. Protege a casa e as crianças. ;MN 003-5;Coleção Guarani Kaiowá - Tekohá em litígio - 2020.;"Crânio de macaco/ Kangá ankãgue. Crânio de macaco bugilo. Utilizado para cura e proteção. Artesã Amalia Lima (morreu em 2018 aos 112 anos). Aldeia Aldeia Kambiy - Mato Grosso do Sul, Brasil. Dimensões: A-7cm; L-7cm. Acervo do Setor de Etnologia e Etnografia, Museu Nacional/UFRJ. Coleção Guarani Kaiowá - Tekohá em litígio, doada em 2020.";Aldeia Kambiy | Crânio de macaco | Etnologia | Kangá ankãgue | MNSEE.003.0017 | MS | Mato Grosso do Sul | Tonico Benites | indígena brasileiro;Projeto de Reconstrução do Setor de Etnologia e Etnografia do Museu Nacional/ UFRJ.;;;;2021-04-29T15:17:26.46-03:00;2022-11-05T19:05:40-03:00;2022-11-05T19:05:40-03:00;Canon;Canon EOS 5D Mark IV;3,82037E+11;EF24-105mm f/3.5-5.6 IS STM;000002643f;_N5A5103.CR2;MN 003-5.dng;JPEG;.jpg;4572;4057;horizontal;11.269;18.55;RGB;1;300.0;300.0;4334251;4232.67;4.13;2022-11-05 22:05:40.816912174;Ka'i-ankãgue;Osteológico;;Curativo || Terapeutico ;1;;"A-7cm; L-7cm; P- 11g";;;;Amalia Lima (idosa de 112);Guarani Kaiowá ;Pai-Tavyterã;Aldeia Guyra Kabiy - MS;2019.12;1960 - 1970;Tonico Benites ;Tonico Benites;Doação;2020.01.21;2021.04.26;Física - Museu Nacional ;Reserva Técnica;Enviada para tratamento de anóxia no dia 24 de janeiro de 2020, retornou dia 10 de fevereiro de 2021. Recebido no Colégio Pedro II - Campus Tijuca. ;;;Catalogação participativa realizada com o Prof.Dr. Tonico Benites emjaneiro de 2020. Aconteceu no Hosto Botânico do Museu Nacinal/UFRJ. Além do Tonico, estavam presentes Paula de Aguiar, Renata Valente e Vinicius Santos.;É da época em que ainda havia floresta, estão a mais de 30 anos com eles (fala feita em janeiro de 2019). Amalia passou para o neto Germano.
MN 003-6.jpg;MNSEE.003.0017;MNSEE.003.0017;Crânio ;003. Guarani-Kaiowá – Tekoha em litígio;Crânio de macaco bugio. Utilizado para cura e proteção.  Lava-se a cabeça no parto, para não bater a cabeça. Protege a casa e as crianças. ;MN 003-6;Coleção Guarani Kaiowá - Tekohá em litígio - 2020.;"Crânio de macaco/ Kangá ankãgue. Crânio de macaco bugilo. Utilizado para cura e proteção. Artesã Amalia Lima (morreu em 2018 aos 112 anos). Aldeia Aldeia Kambiy - Mato Grosso do Sul, Brasil. Dimensões: A-7cm; L-7cm. Acervo do Setor de Etnologia e Etnografia, Museu Nacional/UFRJ. Coleção Guarani Kaiowá - Tekohá em litígio, doada em 2020.";Aldeia Kambiy | Crânio de macaco | Etnologia | Kangá ankãgue | MNSEE.003.0017 | MS | Mato Grosso do Sul | Tonico Benites | indígena brasileiro;Projeto de Reconstrução do Setor de Etnologia e Etnografia do Museu Nacional/ UFRJ.;;;;2021-04-29T15:18:27.77-03:00;2022-11-05T19:05:41-03:00;2022-11-05T19:05:41-03:00;Canon;Canon EOS 5D Mark IV;3,82037E+11;EF24-105mm f/3.5-5.6 IS STM;000002643f;_N5A5105.CR2;MN 003-6.dng;JPEG;.jpg;4396;4480;vertical;0.9812;19.69;RGB;1;300.0;300.0;4858887;4745.01;4.63;2022-11-05 22:05:42.218168497;Ka'i-ankãgue;Osteológico;;Curativo || Terapeutico ;1;;"A-7cm; L-7cm; P- 11g";;;;Amalia Lima (idosa de 112);Guarani Kaiowá ;Pai-Tavyterã;Aldeia Guyra Kabiy - MS;2019.12;1960 - 1970;Tonico Benites ;Tonico Benites;Doação;2020.01.21;2021.04.26;Física - Museu Nacional ;Reserva Técnica;Enviada para tratamento de anóxia no dia 24 de janeiro de 2020, retornou dia 10 de fevereiro de 2021. Recebido no Colégio Pedro II - Campus Tijuca. ;;;Catalogação participativa realizada com o Prof.Dr. Tonico Benites emjaneiro de 2020. Aconteceu no Hosto Botânico do Museu Nacinal/UFRJ. Além do Tonico, estavam presentes Paula de Aguiar, Renata Valente e Vinicius Santos.;É da época em que ainda havia floresta, estão a mais de 30 anos com eles (fala feita em janeiro de 2019). Amalia passou para o neto Germano.
MN 003-7.jpg;MNSEE.003.0017;MNSEE.003.0017;Crânio ;003. Guarani-Kaiowá – Tekoha em litígio;Crânio de macaco bugio. Utilizado para cura e proteção.  Lava-se a cabeça no parto, para não bater a cabeça. Protege a casa e as crianças. ;MN 003-7;Coleção Guarani Kaiowá - Tekohá em litígio - 2020.;"Crânio de macaco/ Kangá ankãgue. Crânio de macaco bugilo. Utilizado para cura e proteção. Artesã Amalia Lima (morreu em 2018 aos 112 anos). Aldeia Aldeia Kambiy - Mato Grosso do Sul, Brasil. Dimensões: A-7cm; L-7cm. Acervo do Setor de Etnologia e Etnografia, Museu Nacional/UFRJ. Coleção Guarani Kaiowá - Tekohá em litígio, doada em 2020.";Aldeia Kambiy | Crânio de macaco | Etnologia | Kangá ankãgue | MNSEE.003.0017 | MS | Mato Grosso do Sul | Tonico Benites | indígena brasileiro;Projeto de Reconstrução do Setor de Etnologia e Etnografia do Museu Nacional/ UFRJ.;;;;2021-04-29T15:18:56.02-03:00;2022-11-05T19:05:49-03:00;2022-11-05T19:05:49-03:00;Canon;Canon EOS 5D Mark IV;3,82037E+11;EF24-105mm f/3.5-5.6 IS STM;000002643f;_N5A5106.CR2;MN 003-7.dng;JPEG;.jpg;4396;4480;vertical;0.9812;19.69;RGB;1;300.0;300.0;6218650;6072.9;5.93;2022-11-05 22:05:49.924560785;Ka'i-ankãgue;Osteológico;;Curativo || Terapeutico ;1;;"A-7cm; L-7cm; P- 11g";;;;Amalia Lima (idosa de 112);Guarani Kaiowá ;Pai-Tavyterã;Aldeia Guyra Kabiy - MS;2019.12;1960 - 1970;Tonico Benites ;Tonico Benites;Doação;2020.01.21;2021.04.26;Física - Museu Nacional ;Reserva Técnica;Enviada para tratamento de anóxia no dia 24 de janeiro de 2020, retornou dia 10 de fevereiro de 2021. Recebido no Colégio Pedro II - Campus Tijuca. ;;;Catalogação participativa realizada com o Prof.Dr. Tonico Benites emjaneiro de 2020. Aconteceu no Hosto Botânico do Museu Nacinal/UFRJ. Além do Tonico, estavam presentes Paula de Aguiar, Renata Valente e Vinicius Santos.;É da época em que ainda havia floresta, estão a mais de 30 anos com eles (fala feita em janeiro de 2019). Amalia passou para o neto Germano.
MN 003-91.jpg;MNSEE.003.0018;MNSEE.003.0018;Taquara;003. Guarani-Kaiowá – Tekoha em litígio;Taquara colhida na lua cheia. Para a sua confecção, foi cortada ao meio em duas partes (abaixo e acima) sem raízes ou extremidades. ;MN 003-91;Coleção Guarani Kaiowá - Tekohá em litígio - 2020.;"Taquapu. É usado por mulheres nos rituais, acompanha os Mbaraka. Artesã Adelaide. Aldeia Limão Verde - Mato Grosso do Sul, Brasil. Dimensões: A-96cm; D-7cm. Acervo do Setor de Etnologia e Etnografia, Museu Nacional/UFRJ. Coleção Guarani Kaiowá - Tekohá em litígio, doada em 2020.";Aldeia Limão Verde | Etnologia | MNSEE.003.0018 | MS | Mato Grosso do Sul | Taquapu | Tonico Benites | indígena brasileiro;Projeto de Reconstrução do Setor de Etnologia e Etnografia do Museu Nacional/ UFRJ.;;;;2021-04-29T09:38:40.00-03:00;2022-11-05T19:11:23-03:00;2022-11-05T19:11:23-03:00;Canon;Canon EOS 5D Mark IV;3,82037E+11;EF24-105mm f/3.5-5.6 IS STM;000002643f;_N5A5007.CR2;MN 003-91.dng;JPEG;.jpg;3693;6639;vertical;0.5563;24.52;RGB;1;300.0;300.0;5016968;4899.38;4.78;2022-11-05 22:11:25.569393158;Taquapu;Madeira ;Talhado ;Religioso || Ritualistico;1;;"A-96cm; D-7cm";O material foi confeccionado com madeira verde logo, apresenta rachaduras decorrentes da secagem da madeira. ;;;Adelaide;Guarani Kaiowá ;Pai-Tavyterã;Aldeia Limão Verde -MS;2019.12;2000;Tonico Benites ;Tonico Benites;Doação;2020.01.21;2021.04.26;Física - Museu Nacional ;Reserva Técnica;Enviada para tratamento de anóxia no dia 24 de janeiro de 2020, retornou dia 10 de fevereiro de 2021. Recebido no Colégio Pedro II - Campus Tijuca. ;;;Catalogação participativa realizada com o Prof.Dr. Tonico Benites emjaneiro de 2020. Aconteceu no Hosto Botânico do Museu Nacinal/UFRJ. Além do Tonico, estavam presentes Paula de Aguiar, Renata Valente e Vinicius Santos.;É usado por mulheres nos rituais, acompanha os Mbaraka. 
MN 003-92.jpg;MNSEE.003.0018;MNSEE.003.0018;Taquara;003. Guarani-Kaiowá – Tekoha em litígio;Taquara colhida na lua cheia. Para a sua confecção, foi cortada ao meio em duas partes (abaixo e acima) sem raízes ou extremidades. ;MN 003-92;Coleção Guarani Kaiowá - Tekohá em litígio - 2020.;"Taquapu. É usado por mulheres nos rituais, acompanha os Mbaraka. Artesã Adelaide. Aldeia Limão Verde - Mato Grosso do Sul, Brasil. Dimensões: A-96cm; D-7cm. Acervo do Setor de Etnologia e Etnografia, Museu Nacional/UFRJ. Coleção Guarani Kaiowá - Tekohá em litígio, doada em 2020.";Aldeia Limão Verde | Etnologia | MNSEE.003.0018 | MS | Mato Grosso do Sul | Taquapu | Tonico Benites | indígena brasileiro;Projeto de Reconstrução do Setor de Etnologia e Etnografia do Museu Nacional/ UFRJ.;;;;2021-04-29T09:39:16.57-03:00;2022-11-05T19:11:30-03:00;2022-11-05T19:11:30-03:00;Canon;Canon EOS 5D Mark IV;3,82037E+11;EF24-105mm f/3.5-5.6 IS STM;000002643f;_N5A5008.CR2;MN 003-92.dng;JPEG;.jpg;3693;6639;vertical;0.5563;24.52;RGB;1;300.0;300.0;4872140;4757.95;4.65;2022-11-05 22:11:34.129507302;Taquapu;Madeira ;Talhado ;Religioso || Ritualistico;1;;"A-96cm; D-7cm";O material foi confeccionado com madeira verde logo, apresenta rachaduras decorrentes da secagem da madeira. ;;;Adelaide;Guarani Kaiowá ;Pai-Tavyterã;Aldeia Limão Verde -MS;2019.12;2000;Tonico Benites ;Tonico Benites;Doação;2020.01.21;2021.04.26;Física - Museu Nacional ;Reserva Técnica;Enviada para tratamento de anóxia no dia 24 de janeiro de 2020, retornou dia 10 de fevereiro de 2021. Recebido no Colégio Pedro II - Campus Tijuca. ;;;Catalogação participativa realizada com o Prof.Dr. Tonico Benites emjaneiro de 2020. Aconteceu no Hosto Botânico do Museu Nacinal/UFRJ. Além do Tonico, estavam presentes Paula de Aguiar, Renata Valente e Vinicius Santos.;É usado por mulheres nos rituais, acompanha os Mbaraka. 
MN 003-108.jpg;MNSEE.003.0019;MNSEE.003.0019;Saia;003. Guarani-Kaiowá – Tekoha em litígio;A saia tem um tecido branco na área cintura com linhas pendentes adornada com plumas de diversas cores. As penas são de galinha e foram tingidas (nambu). ;MN 003-108;Coleção Guarani Kaiowá - Tekohá em litígio - 2020.;"Saia/ Kuña Kuakaha. Utilizada em rituais e também em atos políticos como assembléias e idas a Brasília. Artesão Adelaide (Kuña Mboyrendy). Aldeia Limão Verde  - Mato Grosso do Sul, Brasil. Dimensões: A-21cm; L-53cm. Acervo do Setor de Etnologia e Etnografia, Museu Nacional/UFRJ. Coleção Guarani Kaiowá - Tekohá em litígio, doada em 2020.";Aldeia Limão Verde | Etnologia | Kuña Kuakaha | MNSEE.003.0019 | MS | Mato Grosso do Sul | Saia | Tonico Benites | indígena brasileiro;Projeto de Reconstrução do Setor de Etnologia e Etnografia do Museu Nacional/ UFRJ.;;;;2021-04-29T10:34:56.61-03:00;2022-11-05T19:12:38-03:00;2022-11-05T19:12:38-03:00;Canon;Canon EOS 5D Mark IV;3,82037E+11;EF24-105mm f/3.5-5.6 IS STM;000002643f;_N5A5031.CR2;;JPEG;.jpg;4396;5651;vertical;0.7779;24.84;RGB;1;300.0;300.0;14487198;14147.65;13.82;2022-11-05 22:12:40.397337198;Kuña Ku'akuaha;Tecelagem || Plumárias;Costura ;Ritualístico || Político;1;;"A-21cm; L- 53cm";;;;Adelaide (Kuña Mboyrendy);Guarani Kaiowá ;Pai-Tavyterã;Aldeia Limão Verde -MS;2019.12;2005;Tonico Benites ;Tonico Benites;Doação;2020.01.21;2021.04.26;Física - Museu Nacional ;Reserva Técnica;Enviada para tratamento de anóxia no dia 24 de janeiro de 2020, retornou dia 10 de fevereiro de 2021. Recebido no Colégio Pedro II - Campus Tijuca. ;;;Catalogação participativa realizada com o Prof.Dr. Tonico Benites emjaneiro de 2020. Aconteceu no Hosto Botânico do Museu Nacinal/UFRJ. Além do Tonico, estavam presentes Paula de Aguiar, Renata Valente e Vinicius Santos.;"Utilizada em rituais e também em atos políticos como assembleias e idas a Brasília. Usa-se nas Aty Guasu (grandes assembleias- Jeroky; Guahu; Guachire)"
MN 003-109.jpg;MNSEE.003.0019;MNSEE.003.0019;Saia;003. Guarani-Kaiowá – Tekoha em litígio;A saia tem um tecido branco na área cintura com linhas pendentes adornada com plumas de diversas cores. As penas são de galinha e foram tingidas (nambu). ;MN 003-109;Coleção Guarani Kaiowá - Tekohá em litígio - 2020.;"Saia/ Kuña Kuakaha. Utilizada em rituais e também em atos políticos como assembléias e idas a Brasília. Artesão Adelaide (Kuña Mboyrendy). Aldeia Limão Verde  - Mato Grosso do Sul, Brasil. Dimensões: A-21cm; L-53cm. Acervo do Setor de Etnologia e Etnografia, Museu Nacional/UFRJ. Coleção Guarani Kaiowá - Tekohá em litígio, doada em 2020.";Aldeia Limão Verde | Etnologia | Kuña Kuakaha | MNSEE.003.0019 | MS | Mato Grosso do Sul | Saia | Tonico Benites | indígena brasileiro;Projeto de Reconstrução do Setor de Etnologia e Etnografia do Museu Nacional/ UFRJ.;;;;2021-04-29T10:35:35.68-03:00;2022-11-05T19:12:22-03:00;2022-11-05T19:12:22-03:00;Canon;Canon EOS 5D Mark IV;3,82037E+11;EF24-105mm f/3.5-5.6 IS STM;000002643f;_N5A5032.CR2;;JPEG;.jpg;4396;5651;vertical;0.7779;24.84;RGB;1;300.0;300.0;14574736;14233.14;13.9;2022-11-05 22:12:23.555366278;Kuña Ku'akuaha;Tecelagem || Plumárias;Costura ;Ritualístico || Político;1;;"A-21cm; L- 53cm";;;;Adelaide (Kuña Mboyrendy);Guarani Kaiowá ;Pai-Tavyterã;Aldeia Limão Verde -MS;2019.12;2005;Tonico Benites ;Tonico Benites;Doação;2020.01.21;2021.04.26;Física - Museu Nacional ;Reserva Técnica;Enviada para tratamento de anóxia no dia 24 de janeiro de 2020, retornou dia 10 de fevereiro de 2021. Recebido no Colégio Pedro II - Campus Tijuca. ;;;Catalogação participativa realizada com o Prof.Dr. Tonico Benites emjaneiro de 2020. Aconteceu no Hosto Botânico do Museu Nacinal/UFRJ. Além do Tonico, estavam presentes Paula de Aguiar, Renata Valente e Vinicius Santos.;"Utilizada em rituais e também em atos políticos como assembleias e idas a Brasília. Usa-se nas Aty Guasu (grandes assembleias- Jeroky; Guahu; Guachire)"
MN 003-112.jpg;MNSEE.003.0020;MNSEE.003.0020;Saia;003. Guarani-Kaiowá – Tekoha em litígio;Algodão com plumas, pontos vermelhos tingidos e listra preta. Utilizado em rituais políticos e religiosos. ;MN 003-112;Coleção Guarani Kaiowá - Tekohá em litígio - 2020.;"Saia/ Kuña Kuakaha. Utilizada em rituais politicos e religiosos.  Artesã Rosicleide Villalva. Aldeia Rancho Jacará  - Mato Grosso do Sul, Brasil. Dimensões: A-53cm; L-53cm. Acervo do Setor de Etnologia e Etnografia, Museu Nacional/UFRJ. Coleção Guarani Kaiowá - Tekohá em litígio, doada em 2020.";Aldeia Rancho Jacaré | Etnologia | Kuña Kuakaha | MNSEE.003.0020 | MS | Mato Grosso do Sul | Saia | Tonico Benites | indígena brasileiro;Projeto de Reconstrução do Setor de Etnologia e Etnografia do Museu Nacional/ UFRJ.;;;;2021-04-29T10:50:03.54-03:00;2022-11-05T19:12:31-03:00;2022-11-05T19:12:31-03:00;Canon;Canon EOS 5D Mark IV;3,82037E+11;EF24-105mm f/3.5-5.6 IS STM;000002643f;_N5A5036.CR2;;JPEG;.jpg;4480;5417;vertical;0.827;24.27;RGB;1;300.0;300.0;7691644;7511.37;7.34;2022-11-05 22:12:33.344194412;Kuña Ku'akuaha;Tecelagem || Plumárias;Costura ;Ritualístico || Político;1;;"A-53cm; L-53cm";;;;Rosicleide Villalva;Guarani Kaiowá ;Pai-Tavyterã;Rancho Jacará - MS;2019.12;2018.07;Tonico Benites ;Tonico Benites;Doação;2020.01.21;2021.04.26;Física - Museu Nacional ;Reserva Técnica;Enviada para tratamento de anóxia no dia 24 de janeiro de 2020, retornou dia 10 de fevereiro de 2021. Recebido no Colégio Pedro II - Campus Tijuca. ;;;Catalogação participativa realizada com o Prof.Dr. Tonico Benites emjaneiro de 2020. Aconteceu no Hosto Botânico do Museu Nacinal/UFRJ. Além do Tonico, estavam presentes Paula de Aguiar, Renata Valente e Vinicius Santos.;Encontro na Assembleia dos Jovens, usado por mulheres. 
MN 003-113.jpg;MNSEE.003.0020;MNSEE.003.0020;Saia;003. Guarani-Kaiowá – Tekoha em litígio;Algodão com plumas, pontos vermelhos tingidos e listra preta. Utilizado em rituais políticos e religiosos. ;MN 003-113;Coleção Guarani Kaiowá - Tekohá em litígio - 2020.;"Saia/ Kuña Kuakaha. Utilizada em rituais politicos e religiosos.  Artesã Rosicleide Villalva. Aldeia Rancho Jacará  - Mato Grosso do Sul, Brasil. Dimensões: A-53cm; L-53cm. Acervo do Setor de Etnologia e Etnografia, Museu Nacional/UFRJ. Coleção Guarani Kaiowá - Tekohá em litígio, doada em 2020.";Aldeia Rancho Jacaré | Etnologia | Kuña Kuakaha | MNSEE.003.0020 | MS | Mato Grosso do Sul | Saia | Tonico Benites | indígena brasileiro;Projeto de Reconstrução do Setor de Etnologia e Etnografia do Museu Nacional/ UFRJ.;;;;2021-04-29T10:52:21.60-03:00;2022-11-05T19:12:44-03:00;2022-11-05T19:12:44-03:00;Canon;Canon EOS 5D Mark IV;3,82037E+11;EF24-105mm f/3.5-5.6 IS STM;000002643f;_N5A5037.CR2;;JPEG;.jpg;4480;5417;vertical;0.827;24.27;RGB;1;300.0;300.0;7306646;7135.4;6.97;2022-11-05 22:12:45.447834730;Kuña Ku'akuaha;Tecelagem || Plumárias;Costura ;Ritualístico || Político;1;;"A-53cm; L-53cm";;;;Rosicleide Villalva;Guarani Kaiowá ;Pai-Tavyterã;Rancho Jacará - MS;2019.12;2018.07;Tonico Benites ;Tonico Benites;Doação;2020.01.21;2021.04.26;Física - Museu Nacional ;Reserva Técnica;Enviada para tratamento de anóxia no dia 24 de janeiro de 2020, retornou dia 10 de fevereiro de 2021. Recebido no Colégio Pedro II - Campus Tijuca. ;;;Catalogação participativa realizada com o Prof.Dr. Tonico Benites emjaneiro de 2020. Aconteceu no Hosto Botânico do Museu Nacinal/UFRJ. Além do Tonico, estavam presentes Paula de Aguiar, Renata Valente e Vinicius Santos.;Encontro na Assembleia dos Jovens, usado por mulheres. 
MN 003-79.jpg;MNSEE.003.0021;MNSEE.003.0021;Cocar;003. Guarani-Kaiowá – Tekoha em litígio;Trançado flexível com grafismo específico dos Guarani Kaiowá. A parte preta do trançado foi feita com lona.  A fibra mais clara foi feita com Mbeguepi, mas antigamente era usada a Taguapi. ;MN 003-79;Coleção Guarani Kaiowá - Tekohá em litígio - 2020.;"Coroa/Jeguaká. Trançado flexivél com grafismo específico dos Guarani Kaiowá.  Artesão Germano Lima.  Aldeia Guyra Kabiy -  Mato grosso do Sul, Brasil.  Dimensões: A-16cm; D-26cm. Acervo do Setor de Etnologia e Etnografia, Museu Nacional/UFRJ. Coleção Guarani Kaiowá - Tekohá em litígio, doada em 2020.";Aldeia Guyra Kabiy | Coroa | Etnologia | Guarani Kaiowá | Jeguaká | MNSEE.003.0021 | MS | Mato Grosso do Sul | Tonico Benites | indígena brasileiro;Projeto de Reconstrução do Setor de Etnologia e Etnografia do Museu Nacional/ UFRJ.;;;;2021-04-27T14:18:22.30-03:00;2022-11-05T19:10:35-03:00;2022-11-05T19:10:35-03:00;Canon;Canon EOS 5D Mark IV;3,82037E+11;EF24-105mm f/3.5-5.6 IS STM;000002643f;_N5A4840.CR2;MN 003-79.dng;JPEG;.jpg;5476;4093;horizontal;13.379;22.41;RGB;1;300.0;300.0;7724489;7543.45;7.37;2022-11-05 22:10:36.837673187;Jeguaka;Fibras vegetais || Lona;Trançado;Ritualístico || Político;1;;"A-16cm; D-26cm
";;;;Germano Lima ;Guarani Kaiowá ;Pai-Tavyterã;Aldeia Guyra Kabiy - MS;2019.12;2014;Tonico Benites ;Tonico Benites;Doação;2020.01.21;2021.04.26;Física - Museu Nacional ;Reserva Técnica;Enviada para tratamento de anóxia no dia 24 de janeiro de 2020, retornou dia 10 de fevereiro de 2021. Recebido no Colégio Pedro II - Campus Tijuca. ;;;Catalogação participativa realizada com o Prof.Dr. Tonico Benites emjaneiro de 2020. Aconteceu no Hosto Botânico do Museu Nacinal/UFRJ. Além do Tonico, estavam presentes Paula de Aguiar, Renata Valente e Vinicius Santos.;"É utilizado para se identificar para os seres invisíveis no momento da reza. O objeto ""assenta a sabedoria""; identifica e comunica a sabedoria. Utilizado em rituais religiosos e profanos. É utilizado na cabeça por homens. Diz que ""Jaguaka produz um raio na cabeça"". "
MN 003-80.jpg;MNSEE.003.0021;MNSEE.003.0021;Cocar;003. Guarani-Kaiowá – Tekoha em litígio;Trançado flexível com grafismo específico dos Guarani Kaiowá. A parte preta do trançado foi feita com lona.  A fibra mais clara foi feita com Mbeguepi, mas antigamente era usada a Taguapi. ;MN 003-80;Coleção Guarani Kaiowá - Tekohá em litígio - 2020.;"Coroa/Jeguaká. Trançado flexivél com grafismo específico dos Guarani Kaiowá.  Artesão Germano Lima.  Aldeia Guyra Kabiy -  Mato grosso do Sul, Brasil.  Dimensões: A-16cm; D-26cm. Acervo do Setor de Etnologia e Etnografia, Museu Nacional/UFRJ. Coleção Guarani Kaiowá - Tekohá em litígio, doada em 2020.";Aldeia Guyra Kabiy | Coroa | Etnologia | Guarani Kaiowá | Jeguaká | MNSEE.003.0021 | MS | Mato Grosso do Sul | Tonico Benites | indígena brasileiro;Projeto de Reconstrução do Setor de Etnologia e Etnografia do Museu Nacional/ UFRJ.;;;;2021-04-27T14:20:49.00-03:00;2022-11-05T19:10:46-03:00;2022-11-05T19:10:46-03:00;Canon;Canon EOS 5D Mark IV;3,82037E+11;EF24-105mm f/3.5-5.6 IS STM;000002643f;_N5A4841.CR2;MN 003-80.dng;JPEG;.jpg;5476;4093;horizontal;13.379;22.41;RGB;1;300.0;300.0;7303931;7132.75;6.97;2022-11-05 22:10:49.007145643;Jeguaka;Fibras vegetais || Lona;Trançado;Ritualístico || Político;1;;"A-16cm; D-26cm
";;;;Germano Lima ;Guarani Kaiowá ;Pai-Tavyterã;Aldeia Guyra Kabiy - MS;2019.12;2014;Tonico Benites ;Tonico Benites;Doação;2020.01.21;2021.04.26;Física - Museu Nacional ;Reserva Técnica;Enviada para tratamento de anóxia no dia 24 de janeiro de 2020, retornou dia 10 de fevereiro de 2021. Recebido no Colégio Pedro II - Campus Tijuca. ;;;Catalogação participativa realizada com o Prof.Dr. Tonico Benites emjaneiro de 2020. Aconteceu no Hosto Botânico do Museu Nacinal/UFRJ. Além do Tonico, estavam presentes Paula de Aguiar, Renata Valente e Vinicius Santos.;"É utilizado para se identificar para os seres invisíveis no momento da reza. O objeto ""assenta a sabedoria""; identifica e comunica a sabedoria. Utilizado em rituais religiosos e profanos. É utilizado na cabeça por homens. Diz que ""Jaguaka produz um raio na cabeça"". "
MN 003-81.jpg;MNSEE.003.0021;MNSEE.003.0021;Cocar;003. Guarani-Kaiowá – Tekoha em litígio;Trançado flexível com grafismo específico dos Guarani Kaiowá. A parte preta do trançado foi feita com lona.  A fibra mais clara foi feita com Mbeguepi, mas antigamente era usada a Taguapi. ;MN 003-81;Coleção Guarani Kaiowá - Tekohá em litígio - 2020.;"Coroa/Jeguaká. Trançado flexivél com grafismo específico dos Guarani Kaiowá.  Artesão Germano Lima.  Aldeia Guyra Kabiy -  Mato grosso do Sul, Brasil.  Dimensões: A-16cm; D-26cm. Acervo do Setor de Etnologia e Etnografia, Museu Nacional/UFRJ. Coleção Guarani Kaiowá - Tekohá em litígio, doada em 2020.";Aldeia Guyra Kabiy | Coroa | Etnologia | Guarani Kaiowá | Jeguaká | MNSEE.003.0021 | MS | Mato Grosso do Sul | Tonico Benites | indígena brasileiro;Projeto de Reconstrução do Setor de Etnologia e Etnografia do Museu Nacional/ UFRJ.;;;;2021-04-27T14:22:44.72-03:00;2022-11-05T19:10:44-03:00;2022-11-05T19:10:44-03:00;Canon;Canon EOS 5D Mark IV;3,82037E+11;EF24-105mm f/3.5-5.6 IS STM;000002643f;_N5A4842.CR2;MN 003-81.dng;JPEG;.jpg;6250;4092;horizontal;15.274;25.57;RGB;1;300.0;300.0;8797687;8591.49;8.39;2022-11-05 22:10:46.009162664;Jeguaka;Fibras vegetais || Lona;Trançado;Ritualístico || Político;1;;"A-16cm; D-26cm
";;;;Germano Lima ;Guarani Kaiowá ;Pai-Tavyterã;Aldeia Guyra Kabiy - MS;2019.12;2014;Tonico Benites ;Tonico Benites;Doação;2020.01.21;2021.04.26;Física - Museu Nacional ;Reserva Técnica;Enviada para tratamento de anóxia no dia 24 de janeiro de 2020, retornou dia 10 de fevereiro de 2021. Recebido no Colégio Pedro II - Campus Tijuca. ;;;Catalogação participativa realizada com o Prof.Dr. Tonico Benites emjaneiro de 2020. Aconteceu no Hosto Botânico do Museu Nacinal/UFRJ. Além do Tonico, estavam presentes Paula de Aguiar, Renata Valente e Vinicius Santos.;"É utilizado para se identificar para os seres invisíveis no momento da reza. O objeto ""assenta a sabedoria""; identifica e comunica a sabedoria. Utilizado em rituais religiosos e profanos. É utilizado na cabeça por homens. Diz que ""Jaguaka produz um raio na cabeça"". "
MN 003-82.jpg;MNSEE.003.0021;MNSEE.003.0021;Cocar;003. Guarani-Kaiowá – Tekoha em litígio;Trançado flexível com grafismo específico dos Guarani Kaiowá. A parte preta do trançado foi feita com lona.  A fibra mais clara foi feita com Mbeguepi, mas antigamente era usada a Taguapi. ;MN 003-82;Coleção Guarani Kaiowá - Tekohá em litígio - 2020.;"Coroa/Jeguaká. Trançado flexivél com grafismo específico dos Guarani Kaiowá.  Artesão Germano Lima.  Aldeia Guyra Kabiy -  Mato grosso do Sul, Brasil.  Dimensões: A-16cm; D-26cm. Acervo do Setor de Etnologia e Etnografia, Museu Nacional/UFRJ. Coleção Guarani Kaiowá - Tekohá em litígio, doada em 2020.";Aldeia Guyra Kabiy | Coroa | Etnologia | Guarani Kaiowá | Jeguaká | MNSEE.003.0021 | MS | Mato Grosso do Sul | Tonico Benites | indígena brasileiro;Projeto de Reconstrução do Setor de Etnologia e Etnografia do Museu Nacional/ UFRJ.;;;;2021-04-27T14:23:26.14-03:00;2022-11-05T19:10:55-03:00;2022-11-05T19:10:55-03:00;Canon;Canon EOS 5D Mark IV;3,82037E+11;EF24-105mm f/3.5-5.6 IS STM;000002643f;_N5A4843.CR2;MN 003-82.dng;JPEG;.jpg;6250;4092;horizontal;15.274;25.57;RGB;1;300.0;300.0;8639478;8436.99;8.24;2022-11-05 22:10:56.113146305;Jeguaka;Fibras vegetais || Lona;Trançado;Ritualístico || Político;1;;"A-16cm; D-26cm
";;;;Germano Lima ;Guarani Kaiowá ;Pai-Tavyterã;Aldeia Guyra Kabiy - MS;2019.12;2014;Tonico Benites ;Tonico Benites;Doação;2020.01.21;2021.04.26;Física - Museu Nacional ;Reserva Técnica;Enviada para tratamento de anóxia no dia 24 de janeiro de 2020, retornou dia 10 de fevereiro de 2021. Recebido no Colégio Pedro II - Campus Tijuca. ;;;Catalogação participativa realizada com o Prof.Dr. Tonico Benites emjaneiro de 2020. Aconteceu no Hosto Botânico do Museu Nacinal/UFRJ. Além do Tonico, estavam presentes Paula de Aguiar, Renata Valente e Vinicius Santos.;"É utilizado para se identificar para os seres invisíveis no momento da reza. O objeto ""assenta a sabedoria""; identifica e comunica a sabedoria. Utilizado em rituais religiosos e profanos. É utilizado na cabeça por homens. Diz que ""Jaguaka produz um raio na cabeça"". "
MN 003-59.jpg;MNSEE.003.0022;MNSEE.003.0022;Cocar;003. Guarani-Kaiowá – Tekoha em litígio;Adorno para a cabeça utilizado pelas mulheres com  linhas rosas e amarelas. Assentar a sabedoria. Utilizado em rituais religiosos, batismo de milho (safara).;MN 003-59;Coleção Guarani Kaiowá - Tekohá em litígio - 2020.;"Cocar/ Jeguaká. Adorno para a cabeça utilizado pelas mulheres para acentar a sabedoria. Artesã Amalia Lima. Aldeia Aldeia Kambiy - Mato Grosso do Sul, Brasil. Dimensões: (cocar)  A-15cm; L-26cm, (cordão) A- 20cm. Acervo do Setor de Etnologia e Etnografia, Museu Nacional/UFRJ. Coleção Guarani Kaiowá - Tekohá em litígio, doada em 2020.";Aldeia Kambiy | Cocar | Etnologia | Jeguaká | MNSEE.003.0022 | MS | Mato Grosso do Sul | Tonico Benites | indígena brasileiro;Projeto de Reconstrução do Setor de Etnologia e Etnografia do Museu Nacional/ UFRJ.;;;;2021-04-28T16:00:53.21-03:00;2022-11-05T19:09:13-03:00;2022-11-05T19:09:13-03:00;Canon;Canon EOS 5D Mark IV;3,82037E+11;EF24-105mm f/3.5-5.6 IS STM;000002643f;_N5A4937.CR2;MN 003-59.dng;JPEG;.jpg;6274;3940;horizontal;15.924;24.72;RGB;1;300.0;300.0;7686236;7506.09;7.33;2022-11-05 22:09:14.782054663;Jeguaka;Lã || Algodão;Costura;Ritualístico || Político;1;;"(cocar) A-15cm; L-26cm, (cordão) A- 20cm";;;;Amalia Lima (morreu em 2018 aos 112 anos);Guarani Kaiowá ;Pai-Tavyterã;Aldeia Kambiy -MS;2019.12;2006;Tonico Benites ;Tonico Benites;Doação;2020.01.21;2021.04.26;Física - Museu Nacional ;Reserva Técnica;Enviada para tratamento de anóxia no dia 24 de janeiro de 2020, retornou dia 10 de fevereiro de 2021. Recebido no Colégio Pedro II - Campus Tijuca. ;;;Catalogação participativa realizada com o Prof.Dr. Tonico Benites emjaneiro de 2020. Aconteceu no Hosto Botânico do Museu Nacinal/UFRJ. Além do Tonico, estavam presentes Paula de Aguiar, Renata Valente e Vinicius Santos.;
MN 003-60.jpg;MNSEE.003.0022;MNSEE.003.0022;Cocar;003. Guarani-Kaiowá – Tekoha em litígio;Adorno para a cabeça utilizado pelas mulheres com  linhas rosas e amarelas. Assentar a sabedoria. Utilizado em rituais religiosos, batismo de milho (safara).;MN 003-60;Coleção Guarani Kaiowá - Tekohá em litígio - 2020.;"Cocar/ Jeguaká. Adorno para a cabeça utilizado pelas mulheres para acentar a sabedoria. Artesã Amalia Lima. Aldeia Aldeia Kambiy - Mato Grosso do Sul, Brasil. Dimensões: (cocar)  A-15cm; L-26cm, (cordão) A- 20cm. Acervo do Setor de Etnologia e Etnografia, Museu Nacional/UFRJ. Coleção Guarani Kaiowá - Tekohá em litígio, doada em 2020.";Aldeia Kambiy | Cocar | Etnologia | Jeguaká | MNSEE.003.0022 | MS | Mato Grosso do Sul | Tonico Benites | indígena brasileiro;Projeto de Reconstrução do Setor de Etnologia e Etnografia do Museu Nacional/ UFRJ.;;;;2021-05-20T11:43:08.10;2022-11-05T19:09:18-03:00;2022-11-05T19:09:18-03:00;NIKON CORPORATION;NIKON D800;3038633;60.0 mm f/2.8;;DSC_0499.NEF;MN 003-60.dng;JPEG;.jpg;6874;4317;horizontal;15.923;29.68;RGB;1;300.0;300.0;11695860;11421.74;11.15;2022-11-05 22:09:20.611467838;Jeguaka;Lã || Algodão;Costura;Ritualístico || Político;1;;"(cocar) A-15cm; L-26cm, (cordão) A- 20cm";;;;Amalia Lima (morreu em 2018 aos 112 anos);Guarani Kaiowá ;Pai-Tavyterã;Aldeia Kambiy -MS;2019.12;2006;Tonico Benites ;Tonico Benites;Doação;2020.01.21;2021.04.26;Física - Museu Nacional ;Reserva Técnica;Enviada para tratamento de anóxia no dia 24 de janeiro de 2020, retornou dia 10 de fevereiro de 2021. Recebido no Colégio Pedro II - Campus Tijuca. ;;;Catalogação participativa realizada com o Prof.Dr. Tonico Benites emjaneiro de 2020. Aconteceu no Hosto Botânico do Museu Nacinal/UFRJ. Além do Tonico, estavam presentes Paula de Aguiar, Renata Valente e Vinicius Santos.;
MN 003-61.jpg;MNSEE.003.0022;MNSEE.003.0022;Cocar;003. Guarani-Kaiowá – Tekoha em litígio;Adorno para a cabeça utilizado pelas mulheres com  linhas rosas e amarelas. Assentar a sabedoria. Utilizado em rituais religiosos, batismo de milho (safara).;MN 003-61;Coleção Guarani Kaiowá - Tekohá em litígio - 2020.;"Cocar/ Jeguaká. Adorno para a cabeça utilizado pelas mulheres para acentar a sabedoria. Artesã Amalia Lima. Aldeia Aldeia Kambiy - Mato Grosso do Sul, Brasil. Dimensões: (cocar)  A-15cm; L-26cm, (cordão) A- 20cm. Acervo do Setor de Etnologia e Etnografia, Museu Nacional/UFRJ. Coleção Guarani Kaiowá - Tekohá em litígio, doada em 2020.";Aldeia Kambiy | Cocar | Etnologia | Jeguaká | MNSEE.003.0022 | MS | Mato Grosso do Sul | Tonico Benites | indígena brasileiro;Projeto de Reconstrução do Setor de Etnologia e Etnografia do Museu Nacional/ UFRJ.;;;;2021-05-20T11:43:21.70;2022-11-05T19:09:21-03:00;2022-11-05T19:09:21-03:00;NIKON CORPORATION;NIKON D800;3038633;60.0 mm f/2.8;;DSC_0500.NEF;MN 003-61.dng;JPEG;.jpg;6874;4317;horizontal;15.923;29.68;RGB;1;300.0;300.0;11307400;11042.38;10.78;2022-11-05 22:09:24.022348404;Jeguaka;Lã || Algodão;Costura;Ritualístico || Político;1;;"(cocar) A-15cm; L-26cm, (cordão) A- 20cm";;;;Amalia Lima (morreu em 2018 aos 112 anos);Guarani Kaiowá ;Pai-Tavyterã;Aldeia Kambiy -MS;2019.12;2006;Tonico Benites ;Tonico Benites;Doação;2020.01.21;2021.04.26;Física - Museu Nacional ;Reserva Técnica;Enviada para tratamento de anóxia no dia 24 de janeiro de 2020, retornou dia 10 de fevereiro de 2021. Recebido no Colégio Pedro II - Campus Tijuca. ;;;Catalogação participativa realizada com o Prof.Dr. Tonico Benites emjaneiro de 2020. Aconteceu no Hosto Botânico do Museu Nacinal/UFRJ. Além do Tonico, estavam presentes Paula de Aguiar, Renata Valente e Vinicius Santos.;
MN 003-62.jpg;MNSEE.003.0022;MNSEE.003.0022;Cocar;003. Guarani-Kaiowá – Tekoha em litígio;Adorno para a cabeça utilizado pelas mulheres com  linhas rosas e amarelas. Assentar a sabedoria. Utilizado em rituais religiosos, batismo de milho (safara).;MN 003-62;Coleção Guarani Kaiowá - Tekohá em litígio - 2020.;"Cocar/ Jeguaká. Adorno para a cabeça utilizado pelas mulheres para acentar a sabedoria. Artesã Amalia Lima. Aldeia Aldeia Kambiy - Mato Grosso do Sul, Brasil. Dimensões: (cocar)  A-15cm; L-26cm, (cordão) A- 20cm. Acervo do Setor de Etnologia e Etnografia, Museu Nacional/UFRJ. Coleção Guarani Kaiowá - Tekohá em litígio, doada em 2020.";Aldeia Kambiy | Cocar | Etnologia | Jeguaká | MNSEE.003.0022 | MS | Mato Grosso do Sul | Tonico Benites | indígena brasileiro;Projeto de Reconstrução do Setor de Etnologia e Etnografia do Museu Nacional/ UFRJ.;;;;2021-05-20T11:44:11.20;2022-11-05T19:09:26-03:00;2022-11-05T19:09:26-03:00;NIKON CORPORATION;NIKON D800;3038633;60.0 mm f/2.8;;DSC_0501.NEF;MN 003-62.dng;JPEG;.jpg;6977;4317;horizontal;16.162;30.12;RGB;1;300.0;300.0;12473549;12181.2;11.9;2022-11-05 22:09:27.292605877;Jeguaka;Lã || Algodão;Costura;Ritualístico || Político;1;;"(cocar) A-15cm; L-26cm, (cordão) A- 20cm";;;;Amalia Lima (morreu em 2018 aos 112 anos);Guarani Kaiowá ;Pai-Tavyterã;Aldeia Kambiy -MS;2019.12;2006;Tonico Benites ;Tonico Benites;Doação;2020.01.21;2021.04.26;Física - Museu Nacional ;Reserva Técnica;Enviada para tratamento de anóxia no dia 24 de janeiro de 2020, retornou dia 10 de fevereiro de 2021. Recebido no Colégio Pedro II - Campus Tijuca. ;;;Catalogação participativa realizada com o Prof.Dr. Tonico Benites emjaneiro de 2020. Aconteceu no Hosto Botânico do Museu Nacinal/UFRJ. Além do Tonico, estavam presentes Paula de Aguiar, Renata Valente e Vinicius Santos.;
MN 003-63.jpg;MNSEE.003.0022;MNSEE.003.0022;Cocar;003. Guarani-Kaiowá – Tekoha em litígio;Adorno para a cabeça utilizado pelas mulheres com  linhas rosas e amarelas. Assentar a sabedoria. Utilizado em rituais religiosos, batismo de milho (safara).;MN 003-63;Coleção Guarani Kaiowá - Tekohá em litígio - 2020.;"Cocar/ Jeguaká. Adorno para a cabeça utilizado pelas mulheres para acentar a sabedoria. Artesã Amalia Lima. Aldeia Aldeia Kambiy - Mato Grosso do Sul, Brasil. Dimensões: (cocar)  A-15cm; L-26cm, (cordão) A- 20cm. Acervo do Setor de Etnologia e Etnografia, Museu Nacional/UFRJ. Coleção Guarani Kaiowá - Tekohá em litígio, doada em 2020.";Aldeia Kambiy | Cocar | Etnologia | Jeguaká | MNSEE.003.0022 | MS | Mato Grosso do Sul | Tonico Benites | indígena brasileiro;Projeto de Reconstrução do Setor de Etnologia e Etnografia do Museu Nacional/ UFRJ.;;;;2021-05-20T11:44:27.40;2022-11-05T19:09:34-03:00;2022-11-05T19:09:34-03:00;NIKON CORPORATION;NIKON D800;3038633;60.0 mm f/2.8;;DSC_0502.NEF;MN 003-63.dng;JPEG;.jpg;7015;4316;horizontal;16.253;30.28;RGB;1;300.0;300.0;12707622;12409.79;12.12;2022-11-05 22:09:37.374650240;Jeguaka;Lã || Algodão;Costura;Ritualístico || Político;1;;"(cocar) A-15cm; L-26cm, (cordão) A- 20cm";;;;Amalia Lima (morreu em 2018 aos 112 anos);Guarani Kaiowá ;Pai-Tavyterã;Aldeia Kambiy -MS;2019.12;2006;Tonico Benites ;Tonico Benites;Doação;2020.01.21;2021.04.26;Física - Museu Nacional ;Reserva Técnica;Enviada para tratamento de anóxia no dia 24 de janeiro de 2020, retornou dia 10 de fevereiro de 2021. Recebido no Colégio Pedro II - Campus Tijuca. ;;;Catalogação participativa realizada com o Prof.Dr. Tonico Benites emjaneiro de 2020. Aconteceu no Hosto Botânico do Museu Nacinal/UFRJ. Além do Tonico, estavam presentes Paula de Aguiar, Renata Valente e Vinicius Santos.;
MN 003-64.jpg;MNSEE.003.0022;MNSEE.003.0022;Cocar;003. Guarani-Kaiowá – Tekoha em litígio;Adorno para a cabeça utilizado pelas mulheres com  linhas rosas e amarelas. Assentar a sabedoria. Utilizado em rituais religiosos, batismo de milho (safara).;MN 003-64;Coleção Guarani Kaiowá - Tekohá em litígio - 2020.;"Cocar/ Jeguaká. Adorno para a cabeça utilizado pelas mulheres para acentar a sabedoria. Artesã Amalia Lima. Aldeia Aldeia Kambiy - Mato Grosso do Sul, Brasil. Dimensões: (cocar)  A-15cm; L-26cm, (cordão) A- 20cm. Acervo do Setor de Etnologia e Etnografia, Museu Nacional/UFRJ. Coleção Guarani Kaiowá - Tekohá em litígio, doada em 2020.";Aldeia Kambiy | Cocar | Etnologia | Jeguaká | MNSEE.003.0022 | MS | Mato Grosso do Sul | Tonico Benites | indígena brasileiro;Projeto de Reconstrução do Setor de Etnologia e Etnografia do Museu Nacional/ UFRJ.;;;;2021-05-20T11:45:30.50;2022-11-05T19:09:32-03:00;2022-11-05T19:09:32-03:00;NIKON CORPORATION;NIKON D800;3038633;60.0 mm f/2.8;;DSC_0503.NEF;MN 003-64.dng;JPEG;.jpg;7157;4317;horizontal;16.579;30.9;RGB;1;300.0;300.0;11858679;11580.74;11.31;2022-11-05 22:09:34.405593157;Jeguaka;Lã || Algodão;Costura;Ritualístico || Político;1;;"(cocar) A-15cm; L-26cm, (cordão) A- 20cm";;;;Amalia Lima (morreu em 2018 aos 112 anos);Guarani Kaiowá ;Pai-Tavyterã;Aldeia Kambiy -MS;2019.12;2006;Tonico Benites ;Tonico Benites;Doação;2020.01.21;2021.04.26;Física - Museu Nacional ;Reserva Técnica;Enviada para tratamento de anóxia no dia 24 de janeiro de 2020, retornou dia 10 de fevereiro de 2021. Recebido no Colégio Pedro II - Campus Tijuca. ;;;Catalogação participativa realizada com o Prof.Dr. Tonico Benites emjaneiro de 2020. Aconteceu no Hosto Botânico do Museu Nacinal/UFRJ. Além do Tonico, estavam presentes Paula de Aguiar, Renata Valente e Vinicius Santos.;
MN 003-65.jpg;MNSEE.003.0022;MNSEE.003.0022;Cocar;003. Guarani-Kaiowá – Tekoha em litígio;Adorno para a cabeça utilizado pelas mulheres com  linhas rosas e amarelas. Assentar a sabedoria. Utilizado em rituais religiosos, batismo de milho (safara).;MN 003-65;Coleção Guarani Kaiowá - Tekohá em litígio - 2020.;"Cocar/ Jeguaká. Adorno para a cabeça utilizado pelas mulheres para acentar a sabedoria. Artesã Amalia Lima. Aldeia Aldeia Kambiy - Mato Grosso do Sul, Brasil. Dimensões: (cocar)  A-15cm; L-26cm, (cordão) A- 20cm. Acervo do Setor de Etnologia e Etnografia, Museu Nacional/UFRJ. Coleção Guarani Kaiowá - Tekohá em litígio, doada em 2020.";Aldeia Kambiy | Cocar | Etnologia | Jeguaká | MNSEE.003.0022 | MS | Mato Grosso do Sul | Tonico Benites | indígena brasileiro;Projeto de Reconstrução do Setor de Etnologia e Etnografia do Museu Nacional/ UFRJ.;;;;2021-05-20T11:45:58.90;2022-11-05T19:09:40-03:00;2022-11-05T19:09:40-03:00;NIKON CORPORATION;NIKON D800;3038633;60.0 mm f/2.8;;DSC_0505.NEF;MN 003-65.dng;JPEG;.jpg;7157;4317;horizontal;16.579;30.9;RGB;1;300.0;300.0;11285184;11020.69;10.76;2022-11-05 22:09:41.787852287;Jeguaka;Lã || Algodão;Costura;Ritualístico || Político;1;;"(cocar) A-15cm; L-26cm, (cordão) A- 20cm";;;;Amalia Lima (morreu em 2018 aos 112 anos);Guarani Kaiowá ;Pai-Tavyterã;Aldeia Kambiy -MS;2019.12;2006;Tonico Benites ;Tonico Benites;Doação;2020.01.21;2021.04.26;Física - Museu Nacional ;Reserva Técnica;Enviada para tratamento de anóxia no dia 24 de janeiro de 2020, retornou dia 10 de fevereiro de 2021. Recebido no Colégio Pedro II - Campus Tijuca. ;;;Catalogação participativa realizada com o Prof.Dr. Tonico Benites emjaneiro de 2020. Aconteceu no Hosto Botânico do Museu Nacinal/UFRJ. Além do Tonico, estavam presentes Paula de Aguiar, Renata Valente e Vinicius Santos.;
MN 003-54.jpg;MNSEE.003.0023;MNSEE.003.0023;Cocar;003. Guarani-Kaiowá – Tekoha em litígio;Adorno para a cabeça utilizado pelas mulheres com linhas nas cores vermelhas, amarela, laranja e verde sob um tecido de algodão. Assentar a sabedoria. Utilizado em rituais religiosos, batismo de milho (safara).;MN 003-54;Coleção Guarani Kaiowá - Tekohá em litígio - 2020.;"Cocar/ Jeguaká. Adorno para a cabeça utilizado pelas mulheres para acentar a sabedoria. Artesã Amalia Lima (morreu em 2018 aos 112 anos). Aldeia Aldeia Kambiy - Mato Grosso do Sul, Brasil. Dimensões: (cocar)  A-15cm; L-27cm, (cordão) A- 20cm. Acervo do Setor de Etnologia e Etnografia, Museu Nacional/UFRJ. Coleção Guarani Kaiowá - Tekohá em litígio, doada em 2020.";Aldeia Kambiy | Cocar | Etnologia | Jeguaká | MNSEE.003.0023 | MS | Mato Grosso do Sul | Tonico Benites | indígena brasileiro;Projeto de Reconstrução do Setor de Etnologia e Etnografia do Museu Nacional/ UFRJ.;;;;2021-05-20T11:38:14.80;2022-11-05T19:08:47-03:00;2022-11-05T19:08:47-03:00;NIKON CORPORATION;NIKON D800;3038633;60.0 mm f/2.8;;DSC_0494.NEF;MN 003-54.dng;JPEG;.jpg;6963;4497;horizontal;15.484;31.31;RGB;1;300.0;300.0;13613266;13294.21;12.98;2022-11-05 22:08:49.229370356;Jeguaka;Lã || Algodão;Costura;Ritualístico || Político;1;;"(cocar) A-15cm; L-27cm, (cordão) A- 20cm";;;;Amalia Lima (morreu em 2018 aos 112 anos);Guarani Kaiowá ;Pai-Tavyterã;Aldeia Kambiy -MS;2019.12;2006;Tonico Benites ;Tonico Benites;Doação;2020.01.21;2021.04.26;Física - Museu Nacional ;Reserva Técnica;Enviada para tratamento de anóxia no dia 24 de janeiro de 2020, retornou dia 10 de fevereiro de 2021. Recebido no Colégio Pedro II - Campus Tijuca. ;;;Catalogação participativa realizada com o Prof.Dr. Tonico Benites emjaneiro de 2020. Aconteceu no Hosto Botânico do Museu Nacinal/UFRJ. Além do Tonico, estavam presentes Paula de Aguiar, Renata Valente e Vinicius Santos.;
MN 003-55.jpg;MNSEE.003.0023;MNSEE.003.0023;Cocar;003. Guarani-Kaiowá – Tekoha em litígio;Adorno para a cabeça utilizado pelas mulheres com linhas nas cores vermelhas, amarela, laranja e verde sob um tecido de algodão. Assentar a sabedoria. Utilizado em rituais religiosos, batismo de milho (safara).;MN 003-55;Coleção Guarani Kaiowá - Tekohá em litígio - 2020.;"Cocar/ Jeguaká. Adorno para a cabeça utilizado pelas mulheres para acentar a sabedoria. Artesã Amalia Lima (morreu em 2018 aos 112 anos). Aldeia Aldeia Kambiy - Mato Grosso do Sul, Brasil. Dimensões: (cocar)  A-15cm; L-27cm, (cordão) A- 20cm. Acervo do Setor de Etnologia e Etnografia, Museu Nacional/UFRJ. Coleção Guarani Kaiowá - Tekohá em litígio, doada em 2020.";Aldeia Kambiy | Cocar | Etnologia | Jeguaká | MNSEE.003.0023 | MS | Mato Grosso do Sul | Tonico Benites | indígena brasileiro;Projeto de Reconstrução do Setor de Etnologia e Etnografia do Museu Nacional/ UFRJ.;;;;2021-05-20T11:38:37.10;2022-11-05T19:08:56-03:00;2022-11-05T19:08:56-03:00;NIKON CORPORATION;NIKON D800;3038633;60.0 mm f/2.8;;DSC_0495.NEF;MN 003-55.dng;JPEG;.jpg;6963;4497;horizontal;15.484;31.31;RGB;1;300.0;300.0;13956674;13629.56;13.31;2022-11-05 22:08:57.818409920;Jeguaka;Lã || Algodão;Costura;Ritualístico || Político;1;;"(cocar) A-15cm; L-27cm, (cordão) A- 20cm";;;;Amalia Lima (morreu em 2018 aos 112 anos);Guarani Kaiowá ;Pai-Tavyterã;Aldeia Kambiy -MS;2019.12;2006;Tonico Benites ;Tonico Benites;Doação;2020.01.21;2021.04.26;Física - Museu Nacional ;Reserva Técnica;Enviada para tratamento de anóxia no dia 24 de janeiro de 2020, retornou dia 10 de fevereiro de 2021. Recebido no Colégio Pedro II - Campus Tijuca. ;;;Catalogação participativa realizada com o Prof.Dr. Tonico Benites emjaneiro de 2020. Aconteceu no Hosto Botânico do Museu Nacinal/UFRJ. Além do Tonico, estavam presentes Paula de Aguiar, Renata Valente e Vinicius Santos.;
MN 003-56.jpg;MNSEE.003.0023;MNSEE.003.0023;Cocar;003. Guarani-Kaiowá – Tekoha em litígio;Adorno para a cabeça utilizado pelas mulheres com linhas nas cores vermelhas, amarela, laranja e verde sob um tecido de algodão. Assentar a sabedoria. Utilizado em rituais religiosos, batismo de milho (safara).;MN 003-56;Coleção Guarani Kaiowá - Tekohá em litígio - 2020.;"Cocar/ Jeguaká. Adorno para a cabeça utilizado pelas mulheres para acentar a sabedoria. Artesã Amalia Lima (morreu em 2018 aos 112 anos). Aldeia Aldeia Kambiy - Mato Grosso do Sul, Brasil. Dimensões: (cocar)  A-15cm; L-27cm, (cordão) A- 20cm. Acervo do Setor de Etnologia e Etnografia, Museu Nacional/UFRJ. Coleção Guarani Kaiowá - Tekohá em litígio, doada em 2020.";Aldeia Kambiy | Cocar | Etnologia | Jeguaká | MNSEE.003.0023 | MS | Mato Grosso do Sul | Tonico Benites | indígena brasileiro;Projeto de Reconstrução do Setor de Etnologia e Etnografia do Museu Nacional/ UFRJ.;;;;2021-05-20T11:39:56.80;2022-11-05T19:09:01-03:00;2022-11-05T19:09:01-03:00;NIKON CORPORATION;NIKON D800;3038633;60.0 mm f/2.8;;DSC_0496.NEF;MN 003-56.dng;JPEG;.jpg;6963;4497;horizontal;15.484;31.31;RGB;1;300.0;300.0;13368690;13055.36;12.75;2022-11-05 22:09:03.209992170;Jeguaka;Lã || Algodão;Costura;Ritualístico || Político;1;;"(cocar) A-15cm; L-27cm, (cordão) A- 20cm";;;;Amalia Lima (morreu em 2018 aos 112 anos);Guarani Kaiowá ;Pai-Tavyterã;Aldeia Kambiy -MS;2019.12;2006;Tonico Benites ;Tonico Benites;Doação;2020.01.21;2021.04.26;Física - Museu Nacional ;Reserva Técnica;Enviada para tratamento de anóxia no dia 24 de janeiro de 2020, retornou dia 10 de fevereiro de 2021. Recebido no Colégio Pedro II - Campus Tijuca. ;;;Catalogação participativa realizada com o Prof.Dr. Tonico Benites emjaneiro de 2020. Aconteceu no Hosto Botânico do Museu Nacinal/UFRJ. Além do Tonico, estavam presentes Paula de Aguiar, Renata Valente e Vinicius Santos.;
MN 003-57.jpg;MNSEE.003.0023;MNSEE.003.0023;Cocar;003. Guarani-Kaiowá – Tekoha em litígio;Adorno para a cabeça utilizado pelas mulheres com linhas nas cores vermelhas, amarela, laranja e verde sob um tecido de algodão. Assentar a sabedoria. Utilizado em rituais religiosos, batismo de milho (safara).;MN 003-57;Coleção Guarani Kaiowá - Tekohá em litígio - 2020.;"Cocar/ Jeguaká. Adorno para a cabeça utilizado pelas mulheres para acentar a sabedoria. Artesã Amalia Lima (morreu em 2018 aos 112 anos). Aldeia Aldeia Kambiy - Mato Grosso do Sul, Brasil. Dimensões: (cocar)  A-15cm; L-27cm, (cordão) A- 20cm. Acervo do Setor de Etnologia e Etnografia, Museu Nacional/UFRJ. Coleção Guarani Kaiowá - Tekohá em litígio, doada em 2020.";Aldeia Kambiy | Cocar | Etnologia | Jeguaká | MNSEE.003.0023 | MS | Mato Grosso do Sul | Tonico Benites | indígena brasileiro;Projeto de Reconstrução do Setor de Etnologia e Etnografia do Museu Nacional/ UFRJ.;;;;2021-05-20T11:40:49.50;2022-11-05T19:09:11-03:00;2022-11-05T19:09:11-03:00;NIKON CORPORATION;NIKON D800;3038633;60.0 mm f/2.8;;DSC_0497.NEF;MN 003-57.dng;JPEG;.jpg;7091;4458;horizontal;15.906;31.61;RGB;1;300.0;300.0;14117452;13786.57;13.46;2022-11-05 22:09:12.849221706;Jeguaka;Lã || Algodão;Costura;Ritualístico || Político;1;;"(cocar) A-15cm; L-27cm, (cordão) A- 20cm";;;;Amalia Lima (morreu em 2018 aos 112 anos);Guarani Kaiowá ;Pai-Tavyterã;Aldeia Kambiy -MS;2019.12;2006;Tonico Benites ;Tonico Benites;Doação;2020.01.21;2021.04.26;Física - Museu Nacional ;Reserva Técnica;Enviada para tratamento de anóxia no dia 24 de janeiro de 2020, retornou dia 10 de fevereiro de 2021. Recebido no Colégio Pedro II - Campus Tijuca. ;;;Catalogação participativa realizada com o Prof.Dr. Tonico Benites emjaneiro de 2020. Aconteceu no Hosto Botânico do Museu Nacinal/UFRJ. Além do Tonico, estavam presentes Paula de Aguiar, Renata Valente e Vinicius Santos.;
MN 003-58.jpg;MNSEE.003.0023;MNSEE.003.0023;Cocar;003. Guarani-Kaiowá – Tekoha em litígio;Adorno para a cabeça utilizado pelas mulheres com linhas nas cores vermelhas, amarela, laranja e verde sob um tecido de algodão. Assentar a sabedoria. Utilizado em rituais religiosos, batismo de milho (safara).;MN 003-58;Coleção Guarani Kaiowá - Tekohá em litígio - 2020.;"Cocar/ Jeguaká. Adorno para a cabeça utilizado pelas mulheres para acentar a sabedoria. Artesã Amalia Lima (morreu em 2018 aos 112 anos). Aldeia Aldeia Kambiy - Mato Grosso do Sul, Brasil. Dimensões: (cocar)  A-15cm; L-27cm, (cordão) A- 20cm. Acervo do Setor de Etnologia e Etnografia, Museu Nacional/UFRJ. Coleção Guarani Kaiowá - Tekohá em litígio, doada em 2020.";Aldeia Kambiy | Cocar | Etnologia | Jeguaká | MNSEE.003.0023 | MS | Mato Grosso do Sul | Tonico Benites | indígena brasileiro;Projeto de Reconstrução do Setor de Etnologia e Etnografia do Museu Nacional/ UFRJ.;;;;2021-05-20T11:41:13.80;2022-11-05T19:09:07-03:00;2022-11-05T19:09:07-03:00;NIKON CORPORATION;NIKON D800;3038633;60.0 mm f/2.8;;DSC_0498.NEF;MN 003-58.dng;JPEG;.jpg;7091;4458;horizontal;15.906;31.61;RGB;1;300.0;300.0;13697787;13376.75;13.06;2022-11-05 22:09:08.744197130;Jeguaka;Lã || Algodão;Costura;Ritualístico || Político;1;;"(cocar) A-15cm; L-27cm, (cordão) A- 20cm";;;;Amalia Lima (morreu em 2018 aos 112 anos);Guarani Kaiowá ;Pai-Tavyterã;Aldeia Kambiy -MS;2019.12;2006;Tonico Benites ;Tonico Benites;Doação;2020.01.21;2021.04.26;Física - Museu Nacional ;Reserva Técnica;Enviada para tratamento de anóxia no dia 24 de janeiro de 2020, retornou dia 10 de fevereiro de 2021. Recebido no Colégio Pedro II - Campus Tijuca. ;;;Catalogação participativa realizada com o Prof.Dr. Tonico Benites emjaneiro de 2020. Aconteceu no Hosto Botânico do Museu Nacinal/UFRJ. Além do Tonico, estavam presentes Paula de Aguiar, Renata Valente e Vinicius Santos.;
MN 003-51.jpg;MNSEE.003.0024;MNSEE.003.0024;Cocar;003. Guarani-Kaiowá – Tekoha em litígio;Adorno para a cabeça utilizado pelas mulheres com  linhas laranjas e amarelas, detalhes em azul. Assentar a sabedoria. Utilizado em rituais religiosos, batismo de milho (safara).;MN 003-51;Coleção Guarani Kaiowá - Tekohá em litígio - 2020.;"Cocar/ Jeguaká. Adorno para a cabeça utilizado pelas mulheres para acentar a sabedoria. Artesã Lima (morreu em 2018 aos 112 anos). Aldeia Aldeia Kambiy - Mato Grosso do Sul, Brasil.  Dimensões: (cocar)  A-15cm; L-28cm, (cordão) A- 20cm. Acervo do Setor de Etnologia e Etnografia, Museu Nacional/UFRJ. Coleção Guarani Kaiowá - Tekohá em litígio, doada em 2020.";Aldeia Kambiy | Cocar | Etnologia | Jeguaká | MNSEE.003.0024 | MS | Mato Grosso do Sul | Tonico Benites | indígena brasileiro;Projeto de Reconstrução do Setor de Etnologia e Etnografia do Museu Nacional/ UFRJ.;;;;2021-05-20T11:31:41.80;2022-11-05T19:08:40-03:00;2022-11-05T19:08:40-03:00;NIKON CORPORATION;NIKON D800;3038633;60.0 mm f/2.8;;DSC_0489.NEF;MN 003-51.dng;JPEG;.jpg;6668;4356;horizontal;15.308;29.05;RGB;1;300.0;300.0;11874669;11596.36;11.32;2022-11-05 22:08:42.221107006;Jeguaka;Lã || Algodão;Costura;Ritualístico || Político;1;;"(cocar) A-15cm; L-28cm, (cordão) A- 20cm";;;;Amalia Lima (morreu em 2018 aos 112 anos);Guarani Kaiowá ;Pai-Tavyterã;Aldeia Kambiy -MS;2019.12;2006;Tonico Benites ;Tonico Benites;Doação;2020.01.21;2021.04.26;Física - Museu Nacional ;Reserva Técnica;Enviada para tratamento de anóxia no dia 24 de janeiro de 2020, retornou dia 10 de fevereiro de 2021. Recebido no Colégio Pedro II - Campus Tijuca. ;;;Catalogação participativa realizada com o Prof.Dr. Tonico Benites emjaneiro de 2020. Aconteceu no Hosto Botânico do Museu Nacinal/UFRJ. Além do Tonico, estavam presentes Paula de Aguiar, Renata Valente e Vinicius Santos.;
MN 003-52.jpg;MNSEE.003.0024;MNSEE.003.0024;Cocar;003. Guarani-Kaiowá – Tekoha em litígio;Adorno para a cabeça utilizado pelas mulheres com  linhas laranjas e amarelas, detalhes em azul. Assentar a sabedoria. Utilizado em rituais religiosos, batismo de milho (safara).;MN 003-52;Coleção Guarani Kaiowá - Tekohá em litígio - 2020.;"Cocar/ Jeguaká. Adorno para a cabeça utilizado pelas mulheres para acentar a sabedoria. Artesã Lima (morreu em 2018 aos 112 anos). Aldeia Aldeia Kambiy - Mato Grosso do Sul, Brasil.  Dimensões: (cocar)  A-15cm; L-28cm, (cordão) A- 20cm. Acervo do Setor de Etnologia e Etnografia, Museu Nacional/UFRJ. Coleção Guarani Kaiowá - Tekohá em litígio, doada em 2020.";Aldeia Kambiy | Cocar | Etnologia | Jeguaká | MNSEE.003.0024 | MS | Mato Grosso do Sul | Tonico Benites | indígena brasileiro;Projeto de Reconstrução do Setor de Etnologia e Etnografia do Museu Nacional/ UFRJ.;;;;2021-05-20T11:31:55.00;2022-11-05T19:08:53-03:00;2022-11-05T19:08:53-03:00;NIKON CORPORATION;NIKON D800;3038633;60.0 mm f/2.8;;DSC_0490.NEF;MN 003-52.dng;JPEG;.jpg;6668;4356;horizontal;15.308;29.05;RGB;1;300.0;300.0;11073736;10814.2;10.56;2022-11-05 22:08:56.724331856;Jeguaka;Lã || Algodão;Costura;Ritualístico || Político;1;;"(cocar) A-15cm; L-28cm, (cordão) A- 20cm";;;;Amalia Lima (morreu em 2018 aos 112 anos);Guarani Kaiowá ;Pai-Tavyterã;Aldeia Kambiy -MS;2019.12;2006;Tonico Benites ;Tonico Benites;Doação;2020.01.21;2021.04.26;Física - Museu Nacional ;Reserva Técnica;Enviada para tratamento de anóxia no dia 24 de janeiro de 2020, retornou dia 10 de fevereiro de 2021. Recebido no Colégio Pedro II - Campus Tijuca. ;;;Catalogação participativa realizada com o Prof.Dr. Tonico Benites emjaneiro de 2020. Aconteceu no Hosto Botânico do Museu Nacinal/UFRJ. Além do Tonico, estavam presentes Paula de Aguiar, Renata Valente e Vinicius Santos.;
MN 003-53.jpg;MNSEE.003.0024;MNSEE.003.0024;Cocar;003. Guarani-Kaiowá – Tekoha em litígio;Adorno para a cabeça utilizado pelas mulheres com  linhas laranjas e amarelas, detalhes em azul. Assentar a sabedoria. Utilizado em rituais religiosos, batismo de milho (safara).;MN 003-53;Coleção Guarani Kaiowá - Tekohá em litígio - 2020.;"Cocar/ Jeguaká. Adorno para a cabeça utilizado pelas mulheres para acentar a sabedoria. Artesã Lima (morreu em 2018 aos 112 anos). Aldeia Aldeia Kambiy - Mato Grosso do Sul, Brasil.  Dimensões: (cocar)  A-15cm; L-28cm, (cordão) A- 20cm. Acervo do Setor de Etnologia e Etnografia, Museu Nacional/UFRJ. Coleção Guarani Kaiowá - Tekohá em litígio, doada em 2020.";Aldeia Kambiy | Cocar | Etnologia | Jeguaká | MNSEE.003.0024 | MS | Mato Grosso do Sul | Tonico Benites | indígena brasileiro;Projeto de Reconstrução do Setor de Etnologia e Etnografia do Museu Nacional/ UFRJ.;;;;2021-05-20T11:33:39.70;2022-11-05T19:10:26-03:00;2022-11-05T19:10:26-03:00;NIKON CORPORATION;NIKON D800;3038633;60.0 mm f/2.8;;DSC_0493.NEF;MN 003-53.dng;JPEG;.jpg;7053;4587;horizontal;15.376;32.35;RGB;1;300.0;300.0;12347224;12057.84;11.78;2022-11-05 22:10:27.825767517;Jeguaka;Lã || Algodão;Costura;Ritualístico || Político;1;;"(cocar) A-15cm; L-28cm, (cordão) A- 20cm";;;;Amalia Lima (morreu em 2018 aos 112 anos);Guarani Kaiowá ;Pai-Tavyterã;Aldeia Kambiy -MS;2019.12;2006;Tonico Benites ;Tonico Benites;Doação;2020.01.21;2021.04.26;Física - Museu Nacional ;Reserva Técnica;Enviada para tratamento de anóxia no dia 24 de janeiro de 2020, retornou dia 10 de fevereiro de 2021. Recebido no Colégio Pedro II - Campus Tijuca. ;;;Catalogação participativa realizada com o Prof.Dr. Tonico Benites emjaneiro de 2020. Aconteceu no Hosto Botânico do Museu Nacinal/UFRJ. Além do Tonico, estavam presentes Paula de Aguiar, Renata Valente e Vinicius Santos.;
MN 003-43.jpg;MNSEE.003.0025;MNSEE.003.0025;Cocar;003. Guarani-Kaiowá – Tekoha em litígio;Adorno para a cabeça utilizado pelas mulheres  com linhas nas cores vermelhas e laranja. Assentar a sabedoria. Utilizado em rituais religiosos, batismo de milho (safara).;MN 003-43;Coleção Guarani Kaiowá - Tekohá em litígio - 2020.;"Cocar/ Jeguaká. Adorno para a cabeça utilizado pelas mulheres para acentar a sabedoria. Artesã Amalia Lima. Aldeia Aldeia Kambiy - Mato Grosso do Sul, Brasil. Dimensões: (cocar)  A-15cm; L-29cm, (cordão) A- 20cm. Acervo do Setor de Etnologia e Etnografia, Museu Nacional/UFRJ. Coleção Guarani Kaiowá - Tekohá em litígio, doada em 2020.";Aldeia Kambiy | Cocar | Etnologia | Jeguaká | MNSEE.003.0025 | MS | Mato Grosso do Sul | Tonico Benites | indígena brasileiro;Projeto de Reconstrução do Setor de Etnologia e Etnografia do Museu Nacional/ UFRJ.;;;;2021-05-20T11:21:42.40;2022-11-05T19:08:05-03:00;2022-11-05T19:08:05-03:00;NIKON CORPORATION;NIKON D800;3038633;60.0 mm f/2.8;;DSC_0480.NEF;MN 003-43.dng;JPEG;.jpg;6783;4844;horizontal;14.003;32.86;RGB;1;300.0;300.0;14608739;14266.35;13.93;2022-11-05 22:08:06.393893957;Jeguaka;Lã || Algodão;Costura;Ritualístico || Político;1;;"(cocar) A-15cm; L-29cm, (cordão) A- 20cm";;;;Amalia Lima (morreu em 2018 aos 112 anos);Guarani Kaiowá ;Pai-Tavyterã;Aldeia Kambiy -MS;2019.12;2006;Tonico Benites ;Tonico Benites;Doação;2020.01.21;2021.04.26;Física - Museu Nacional ;Reserva Técnica;Enviada para tratamento de anóxia no dia 24 de janeiro de 2020, retornou dia 10 de fevereiro de 2021. Recebido no Colégio Pedro II - Campus Tijuca. ;;;Catalogação participativa realizada com o Prof.Dr. Tonico Benites emjaneiro de 2020. Aconteceu no Hosto Botânico do Museu Nacinal/UFRJ. Além do Tonico, estavam presentes Paula de Aguiar, Renata Valente e Vinicius Santos.;
MN 003-44.jpg;MNSEE.003.0025;MNSEE.003.0025;Cocar;003. Guarani-Kaiowá – Tekoha em litígio;Adorno para a cabeça utilizado pelas mulheres  com linhas nas cores vermelhas e laranja. Assentar a sabedoria. Utilizado em rituais religiosos, batismo de milho (safara).;MN 003-44;Coleção Guarani Kaiowá - Tekohá em litígio - 2020.;"Cocar/ Jeguaká. Adorno para a cabeça utilizado pelas mulheres para acentar a sabedoria. Artesã Amalia Lima. Aldeia Aldeia Kambiy - Mato Grosso do Sul, Brasil. Dimensões: (cocar)  A-15cm; L-29cm, (cordão) A- 20cm. Acervo do Setor de Etnologia e Etnografia, Museu Nacional/UFRJ. Coleção Guarani Kaiowá - Tekohá em litígio, doada em 2020.";Aldeia Kambiy | Cocar | Etnologia | Jeguaká | MNSEE.003.0025 | MS | Mato Grosso do Sul | Tonico Benites | indígena brasileiro;Projeto de Reconstrução do Setor de Etnologia e Etnografia do Museu Nacional/ UFRJ.;;;;2021-05-20T11:22:03.00;2022-11-05T19:08:17-03:00;2022-11-05T19:08:17-03:00;NIKON CORPORATION;NIKON D800;3038633;60.0 mm f/2.8;;DSC_0481.NEF;MN 003-44.dng;JPEG;.jpg;6783;4844;horizontal;14.003;32.86;RGB;1;300.0;300.0;14501606;14161.72;13.83;2022-11-05 22:08:18.266151666;Jeguaka;Lã || Algodão;Costura;Ritualístico || Político;1;;"(cocar) A-15cm; L-29cm, (cordão) A- 20cm";;;;Amalia Lima (morreu em 2018 aos 112 anos);Guarani Kaiowá ;Pai-Tavyterã;Aldeia Kambiy -MS;2019.12;2006;Tonico Benites ;Tonico Benites;Doação;2020.01.21;2021.04.26;Física - Museu Nacional ;Reserva Técnica;Enviada para tratamento de anóxia no dia 24 de janeiro de 2020, retornou dia 10 de fevereiro de 2021. Recebido no Colégio Pedro II - Campus Tijuca. ;;;Catalogação participativa realizada com o Prof.Dr. Tonico Benites emjaneiro de 2020. Aconteceu no Hosto Botânico do Museu Nacinal/UFRJ. Além do Tonico, estavam presentes Paula de Aguiar, Renata Valente e Vinicius Santos.;
MN 003-45.jpg;MNSEE.003.0025;MNSEE.003.0025;Cocar;003. Guarani-Kaiowá – Tekoha em litígio;Adorno para a cabeça utilizado pelas mulheres  com linhas nas cores vermelhas e laranja. Assentar a sabedoria. Utilizado em rituais religiosos, batismo de milho (safara).;MN 003-45;Coleção Guarani Kaiowá - Tekohá em litígio - 2020.;"Cocar/ Jeguaká. Adorno para a cabeça utilizado pelas mulheres para acentar a sabedoria. Artesã Amalia Lima. Aldeia Aldeia Kambiy - Mato Grosso do Sul, Brasil. Dimensões: (cocar)  A-15cm; L-29cm, (cordão) A- 20cm. Acervo do Setor de Etnologia e Etnografia, Museu Nacional/UFRJ. Coleção Guarani Kaiowá - Tekohá em litígio, doada em 2020.";Aldeia Kambiy | Cocar | Etnologia | Jeguaká | MNSEE.003.0025 | MS | Mato Grosso do Sul | Tonico Benites | indígena brasileiro;Projeto de Reconstrução do Setor de Etnologia e Etnografia do Museu Nacional/ UFRJ.;;;;2021-05-20T11:22:25.10;2022-11-05T19:08:10-03:00;2022-11-05T19:08:10-03:00;NIKON CORPORATION;NIKON D800;3038633;60.0 mm f/2.8;;DSC_0482.NEF;MN 003-45.dng;JPEG;.jpg;6783;4844;horizontal;14.003;32.86;RGB;1;300.0;300.0;14901032;14551.79;14.21;2022-11-05 22:08:12.822704792;Jeguaka;Lã || Algodão;Costura;Ritualístico || Político;1;;"(cocar) A-15cm; L-29cm, (cordão) A- 20cm";;;;Amalia Lima (morreu em 2018 aos 112 anos);Guarani Kaiowá ;Pai-Tavyterã;Aldeia Kambiy -MS;2019.12;2006;Tonico Benites ;Tonico Benites;Doação;2020.01.21;2021.04.26;Física - Museu Nacional ;Reserva Técnica;Enviada para tratamento de anóxia no dia 24 de janeiro de 2020, retornou dia 10 de fevereiro de 2021. Recebido no Colégio Pedro II - Campus Tijuca. ;;;Catalogação participativa realizada com o Prof.Dr. Tonico Benites emjaneiro de 2020. Aconteceu no Hosto Botânico do Museu Nacinal/UFRJ. Além do Tonico, estavam presentes Paula de Aguiar, Renata Valente e Vinicius Santos.;
MN 003-46.jpg;MNSEE.003.0025;MNSEE.003.0025;Cocar;003. Guarani-Kaiowá – Tekoha em litígio;Adorno para a cabeça utilizado pelas mulheres  com linhas nas cores vermelhas e laranja. Assentar a sabedoria. Utilizado em rituais religiosos, batismo de milho (safara).;MN 003-46;Coleção Guarani Kaiowá - Tekohá em litígio - 2020.;"Cocar/ Jeguaká. Adorno para a cabeça utilizado pelas mulheres para acentar a sabedoria. Artesã Amalia Lima. Aldeia Aldeia Kambiy - Mato Grosso do Sul, Brasil. Dimensões: (cocar)  A-15cm; L-29cm, (cordão) A- 20cm. Acervo do Setor de Etnologia e Etnografia, Museu Nacional/UFRJ. Coleção Guarani Kaiowá - Tekohá em litígio, doada em 2020.";Aldeia Kambiy | Cocar | Etnologia | Jeguaká | MNSEE.003.0025 | MS | Mato Grosso do Sul | Tonico Benites | indígena brasileiro;Projeto de Reconstrução do Setor de Etnologia e Etnografia do Museu Nacional/ UFRJ.;;;;2021-05-20T11:26:32.40;2022-11-05T19:08:17-03:00;2022-11-05T19:08:17-03:00;NIKON CORPORATION;NIKON D800;3038633;60.0 mm f/2.8;;DSC_0483.NEF;MN 003-46.dng;JPEG;.jpg;6706;4715;horizontal;14.223;31.62;RGB;1;300.0;300.0;15237283;14880.16;14.53;2022-11-05 22:08:18.643144131;Jeguaka;Lã || Algodão;Costura;Ritualístico || Político;1;;"(cocar) A-15cm; L-29cm, (cordão) A- 20cm";;;;Amalia Lima (morreu em 2018 aos 112 anos);Guarani Kaiowá ;Pai-Tavyterã;Aldeia Kambiy -MS;2019.12;2006;Tonico Benites ;Tonico Benites;Doação;2020.01.21;2021.04.26;Física - Museu Nacional ;Reserva Técnica;Enviada para tratamento de anóxia no dia 24 de janeiro de 2020, retornou dia 10 de fevereiro de 2021. Recebido no Colégio Pedro II - Campus Tijuca. ;;;Catalogação participativa realizada com o Prof.Dr. Tonico Benites emjaneiro de 2020. Aconteceu no Hosto Botânico do Museu Nacinal/UFRJ. Além do Tonico, estavam presentes Paula de Aguiar, Renata Valente e Vinicius Santos.;
MN 003-47.jpg;MNSEE.003.0025;MNSEE.003.0025;Cocar;003. Guarani-Kaiowá – Tekoha em litígio;Adorno para a cabeça utilizado pelas mulheres  com linhas nas cores vermelhas e laranja. Assentar a sabedoria. Utilizado em rituais religiosos, batismo de milho (safara).;MN 003-47;Coleção Guarani Kaiowá - Tekohá em litígio - 2020.;"Cocar/ Jeguaká. Adorno para a cabeça utilizado pelas mulheres para acentar a sabedoria. Artesã Amalia Lima. Aldeia Aldeia Kambiy - Mato Grosso do Sul, Brasil. Dimensões: (cocar)  A-15cm; L-29cm, (cordão) A- 20cm. Acervo do Setor de Etnologia e Etnografia, Museu Nacional/UFRJ. Coleção Guarani Kaiowá - Tekohá em litígio, doada em 2020.";Aldeia Kambiy | Cocar | Etnologia | Jeguaká | MNSEE.003.0025 | MS | Mato Grosso do Sul | Tonico Benites | indígena brasileiro;Projeto de Reconstrução do Setor de Etnologia e Etnografia do Museu Nacional/ UFRJ.;;;;2021-05-20T11:27:00.80;2022-11-05T19:08:30-03:00;2022-11-05T19:08:30-03:00;NIKON CORPORATION;NIKON D800;3038633;60.0 mm f/2.8;;DSC_0484.NEF;MN 003-47.dng;JPEG;.jpg;6706;4715;horizontal;14.223;31.62;RGB;1;300.0;300.0;15222454;14865.68;14.52;2022-11-05 22:08:31.770047903;Jeguaka;Lã || Algodão;Costura;Ritualístico || Político;1;;"(cocar) A-15cm; L-29cm, (cordão) A- 20cm";;;;Amalia Lima (morreu em 2018 aos 112 anos);Guarani Kaiowá ;Pai-Tavyterã;Aldeia Kambiy -MS;2019.12;2006;Tonico Benites ;Tonico Benites;Doação;2020.01.21;2021.04.26;Física - Museu Nacional ;Reserva Técnica;Enviada para tratamento de anóxia no dia 24 de janeiro de 2020, retornou dia 10 de fevereiro de 2021. Recebido no Colégio Pedro II - Campus Tijuca. ;;;Catalogação participativa realizada com o Prof.Dr. Tonico Benites emjaneiro de 2020. Aconteceu no Hosto Botânico do Museu Nacinal/UFRJ. Além do Tonico, estavam presentes Paula de Aguiar, Renata Valente e Vinicius Santos.;
MN 003-48.jpg;MNSEE.003.0025;MNSEE.003.0025;Cocar;003. Guarani-Kaiowá – Tekoha em litígio;Adorno para a cabeça utilizado pelas mulheres  com linhas nas cores vermelhas e laranja. Assentar a sabedoria. Utilizado em rituais religiosos, batismo de milho (safara).;MN 003-48;Coleção Guarani Kaiowá - Tekohá em litígio - 2020.;"Cocar/ Jeguaká. Adorno para a cabeça utilizado pelas mulheres para acentar a sabedoria. Artesã Amalia Lima. Aldeia Aldeia Kambiy - Mato Grosso do Sul, Brasil. Dimensões: (cocar)  A-15cm; L-29cm, (cordão) A- 20cm. Acervo do Setor de Etnologia e Etnografia, Museu Nacional/UFRJ. Coleção Guarani Kaiowá - Tekohá em litígio, doada em 2020.";Aldeia Kambiy | Cocar | Etnologia | Jeguaká | MNSEE.003.0025 | MS | Mato Grosso do Sul | Tonico Benites | indígena brasileiro;Projeto de Reconstrução do Setor de Etnologia e Etnografia do Museu Nacional/ UFRJ.;;;;2021-05-20T11:27:51.50;2022-11-05T19:08:41-03:00;2022-11-05T19:08:41-03:00;NIKON CORPORATION;NIKON D800;3038633;60.0 mm f/2.8;;DSC_0485.NEF;MN 003-48.dng;JPEG;.jpg;6706;4715;horizontal;14.223;31.62;RGB;1;300.0;300.0;15299150;14940.58;14.59;2022-11-05 22:08:43.741044521;Jeguaka;Lã || Algodão;Costura;Ritualístico || Político;1;;"(cocar) A-15cm; L-29cm, (cordão) A- 20cm";;;;Amalia Lima (morreu em 2018 aos 112 anos);Guarani Kaiowá ;Pai-Tavyterã;Aldeia Kambiy -MS;2019.12;2006;Tonico Benites ;Tonico Benites;Doação;2020.01.21;2021.04.26;Física - Museu Nacional ;Reserva Técnica;Enviada para tratamento de anóxia no dia 24 de janeiro de 2020, retornou dia 10 de fevereiro de 2021. Recebido no Colégio Pedro II - Campus Tijuca. ;;;Catalogação participativa realizada com o Prof.Dr. Tonico Benites emjaneiro de 2020. Aconteceu no Hosto Botânico do Museu Nacinal/UFRJ. Além do Tonico, estavam presentes Paula de Aguiar, Renata Valente e Vinicius Santos.;
MN 003-49.jpg;MNSEE.003.0025;MNSEE.003.0025;Cocar;003. Guarani-Kaiowá – Tekoha em litígio;Adorno para a cabeça utilizado pelas mulheres  com linhas nas cores vermelhas e laranja. Assentar a sabedoria. Utilizado em rituais religiosos, batismo de milho (safara).;MN 003-49;Coleção Guarani Kaiowá - Tekohá em litígio - 2020.;"Cocar/ Jeguaká. Adorno para a cabeça utilizado pelas mulheres para acentar a sabedoria. Artesã Amalia Lima. Aldeia Aldeia Kambiy - Mato Grosso do Sul, Brasil. Dimensões: (cocar)  A-15cm; L-29cm, (cordão) A- 20cm. Acervo do Setor de Etnologia e Etnografia, Museu Nacional/UFRJ. Coleção Guarani Kaiowá - Tekohá em litígio, doada em 2020.";Aldeia Kambiy | Cocar | Etnologia | Jeguaká | MNSEE.003.0025 | MS | Mato Grosso do Sul | Tonico Benites | indígena brasileiro;Projeto de Reconstrução do Setor de Etnologia e Etnografia do Museu Nacional/ UFRJ.;;;;2021-05-20T11:28:14.40;2022-11-05T19:08:33-03:00;2022-11-05T19:08:33-03:00;NIKON CORPORATION;NIKON D800;3038633;60.0 mm f/2.8;;DSC_0486.NEF;MN 003-49.dng;JPEG;.jpg;6706;4715;horizontal;14.223;31.62;RGB;1;300.0;300.0;15435865;15074.09;14.72;2022-11-05 22:08:34.891703129;Jeguaka;Lã || Algodão;Costura;Ritualístico || Político;1;;"(cocar) A-15cm; L-29cm, (cordão) A- 20cm";;;;Amalia Lima (morreu em 2018 aos 112 anos);Guarani Kaiowá ;Pai-Tavyterã;Aldeia Kambiy -MS;2019.12;2006;Tonico Benites ;Tonico Benites;Doação;2020.01.21;2021.04.26;Física - Museu Nacional ;Reserva Técnica;Enviada para tratamento de anóxia no dia 24 de janeiro de 2020, retornou dia 10 de fevereiro de 2021. Recebido no Colégio Pedro II - Campus Tijuca. ;;;Catalogação participativa realizada com o Prof.Dr. Tonico Benites emjaneiro de 2020. Aconteceu no Hosto Botânico do Museu Nacinal/UFRJ. Além do Tonico, estavam presentes Paula de Aguiar, Renata Valente e Vinicius Santos.;
MN 003-50.jpg;MNSEE.003.0025;MNSEE.003.0025;Cocar;003. Guarani-Kaiowá – Tekoha em litígio;Adorno para a cabeça utilizado pelas mulheres  com linhas nas cores vermelhas e laranja. Assentar a sabedoria. Utilizado em rituais religiosos, batismo de milho (safara).;MN 003-50;Coleção Guarani Kaiowá - Tekohá em litígio - 2020.;"Cocar/ Jeguaká. Adorno para a cabeça utilizado pelas mulheres para acentar a sabedoria. Artesã Amalia Lima. Aldeia Aldeia Kambiy - Mato Grosso do Sul, Brasil. Dimensões: (cocar)  A-15cm; L-29cm, (cordão) A- 20cm. Acervo do Setor de Etnologia e Etnografia, Museu Nacional/UFRJ. Coleção Guarani Kaiowá - Tekohá em litígio, doada em 2020.";Aldeia Kambiy | Cocar | Etnologia | Jeguaká | MNSEE.003.0025 | MS | Mato Grosso do Sul | Tonico Benites | indígena brasileiro;Projeto de Reconstrução do Setor de Etnologia e Etnografia do Museu Nacional/ UFRJ.;;;;2021-05-20T11:29:21.60;2022-11-05T19:08:30-03:00;2022-11-05T19:08:30-03:00;NIKON CORPORATION;NIKON D800;3038633;60.0 mm f/2.8;;DSC_0487.NEF;MN 003-50.dng;JPEG;.jpg;7182;4651;horizontal;15.442;33.4;RGB;1;300.0;300.0;15259366;14901.72;14.55;2022-11-05 22:08:32.356479883;Jeguaka;Lã || Algodão;Costura;Ritualístico || Político;1;;"(cocar) A-15cm; L-29cm, (cordão) A- 20cm";;;;Amalia Lima (morreu em 2018 aos 112 anos);Guarani Kaiowá ;Pai-Tavyterã;Aldeia Kambiy -MS;2019.12;2006;Tonico Benites ;Tonico Benites;Doação;2020.01.21;2021.04.26;Física - Museu Nacional ;Reserva Técnica;Enviada para tratamento de anóxia no dia 24 de janeiro de 2020, retornou dia 10 de fevereiro de 2021. Recebido no Colégio Pedro II - Campus Tijuca. ;;;Catalogação participativa realizada com o Prof.Dr. Tonico Benites emjaneiro de 2020. Aconteceu no Hosto Botânico do Museu Nacinal/UFRJ. Além do Tonico, estavam presentes Paula de Aguiar, Renata Valente e Vinicius Santos.;
MN 003-10.jpg;MNSEE.003.0026;MNSEE.003.0026;Apito ;003. Guarani-Kaiowá – Tekoha em litígio;Feito de cedro, instrumento religioso e musical.  Tem o formato de uma mulher idosa. Possui três buracos, coloca-se os dedos indicadores nos buracos laterais e o assopra-se no buraco central. É usado como reza para os xamãs.  Também pode ser usado para se comunicar, identificando-se na chegada em outro território em época de guerra ou conflito.  ;MN 003-10;Coleção Guarani Kaiowá - Tekohá em litígio - 2020.;"Apito/ Mimby jary. Instrumento religioso e musical. Tem o formato de uma mulher idosa. Artesão Família de Adulia Gomes. Aldeia Guaiviry - Mato Grosso do Sul, Brasil. Dimensões: A-15cm; L-6cm. Acervo do Setor de Etnologia e Etnografia, Museu Nacional/UFRJ. Coleção Guarani Kaiowá - Tekohá em litígio, doada em 2020.";Aldeia Guaiviry | Etnologia | MNSEE.003.0026 | MS | Mato Grosso do Sul | Mimby jary | Tonico Benites | apito | indígena brasileiro;Projeto de Reconstrução do Setor de Etnologia e Etnografia do Museu Nacional/ UFRJ.;;;;2021-04-30T09:59:51.30;2022-11-05T19:06:03-03:00;2022-11-05T19:06:03-03:00;NIKON CORPORATION;NIKON D800;3038633;60.0 mm f/2.8;;DSC_8885.NEF;MN 003-10.dng;JPEG;.jpg;6578;4227;horizontal;15.562;27.81;RGB;1;300.0;300.0;7062427;6896.9;6.74;2022-11-05 22:06:04.132575989;Mimby jaryi;Madeira ;Talhado ;Ritual || Religioso || Comunicação ;1;;"A-15cm; L-6cm; P- 66g";;;;Família de Adulia Gomes;Guarani Kaiowá ;Pai-Tavyterã;Aldeia Guaiviry - MS;2019.12;1901-1950;Tonico Benites ;Tonico Benites;Doação;2020.01.21;2021.04.26;Física - Museu Nacional ;Reserva Técnica;Enviada para tratamento de anóxia no dia 24 de janeiro de 2020, retornou dia 10 de fevereiro de 2021. Recebido no Colégio Pedro II - Campus Tijuca. ;;;Catalogação participativa realizada com o Prof.Dr. Tonico Benites emjaneiro de 2020. Aconteceu no Hosto Botânico do Museu Nacinal/UFRJ. Além do Tonico, estavam presentes Paula de Aguiar, Renata Valente e Vinicius Santos.;A forma de uma mulher pode variar para outros mimby jary. Fabricado no inicio do século XIX. 
MN 003-11.jpg;MNSEE.003.0026;MNSEE.003.0026;Apito ;003. Guarani-Kaiowá – Tekoha em litígio;Feito de cedro, instrumento religioso e musical.  Tem o formato de uma mulher idosa. Possui três buracos, coloca-se os dedos indicadores nos buracos laterais e o assopra-se no buraco central. É usado como reza para os xamãs.  Também pode ser usado para se comunicar, identificando-se na chegada em outro território em época de guerra ou conflito.  ;MN 003-11;Coleção Guarani Kaiowá - Tekohá em litígio - 2020.;"Apito/ Mimby jary. Instrumento religioso e musical. Tem o formato de uma mulher idosa. Artesão Família de Adulia Gomes. Aldeia Guaiviry - Mato Grosso do Sul, Brasil. Dimensões: A-15cm; L-6cm. Acervo do Setor de Etnologia e Etnografia, Museu Nacional/UFRJ. Coleção Guarani Kaiowá - Tekohá em litígio, doada em 2020.";Aldeia Guaiviry | Etnologia | MNSEE.003.0026 | MS | Mato Grosso do Sul | Mimby jary | Tonico Benites | apito | indígena brasileiro;Projeto de Reconstrução do Setor de Etnologia e Etnografia do Museu Nacional/ UFRJ.;;;;2021-04-30T10:01:01.30;2022-11-05T19:06:03-03:00;2022-11-05T19:06:03-03:00;NIKON CORPORATION;NIKON D800;3038633;60.0 mm f/2.8;;DSC_8888.NEF;MN 003-11.dng;JPEG;.jpg;6578;4227;horizontal;15.562;27.81;RGB;1;300.0;300.0;6932392;6769.91;6.61;2022-11-05 22:06:04.369940042;Mimby jaryi;Madeira ;Talhado ;Ritual || Religioso || Comunicação ;1;;"A-15cm; L-6cm; P- 66g";;;;Família de Adulia Gomes;Guarani Kaiowá ;Pai-Tavyterã;Aldeia Guaiviry - MS;2019.12;1901-1950;Tonico Benites ;Tonico Benites;Doação;2020.01.21;2021.04.26;Física - Museu Nacional ;Reserva Técnica;Enviada para tratamento de anóxia no dia 24 de janeiro de 2020, retornou dia 10 de fevereiro de 2021. Recebido no Colégio Pedro II - Campus Tijuca. ;;;Catalogação participativa realizada com o Prof.Dr. Tonico Benites emjaneiro de 2020. Aconteceu no Hosto Botânico do Museu Nacinal/UFRJ. Além do Tonico, estavam presentes Paula de Aguiar, Renata Valente e Vinicius Santos.;A forma de uma mulher pode variar para outros mimby jary. Fabricado no inicio do século XIX. 
MN 003-12.jpg;MNSEE.003.0026;MNSEE.003.0026;Apito ;003. Guarani-Kaiowá – Tekoha em litígio;Feito de cedro, instrumento religioso e musical.  Tem o formato de uma mulher idosa. Possui três buracos, coloca-se os dedos indicadores nos buracos laterais e o assopra-se no buraco central. É usado como reza para os xamãs.  Também pode ser usado para se comunicar, identificando-se na chegada em outro território em época de guerra ou conflito.  ;MN 003-12;Coleção Guarani Kaiowá - Tekohá em litígio - 2020.;"Apito/ Mimby jary. Instrumento religioso e musical. Tem o formato de uma mulher idosa. Artesão Família de Adulia Gomes. Aldeia Guaiviry - Mato Grosso do Sul, Brasil. Dimensões: A-15cm; L-6cm. Acervo do Setor de Etnologia e Etnografia, Museu Nacional/UFRJ. Coleção Guarani Kaiowá - Tekohá em litígio, doada em 2020.";Aldeia Guaiviry | Etnologia | MNSEE.003.0026 | MS | Mato Grosso do Sul | Mimby jary | Tonico Benites | apito | indígena brasileiro;Projeto de Reconstrução do Setor de Etnologia e Etnografia do Museu Nacional/ UFRJ.;;;;2021-04-30T10:01:38.60;2022-11-05T19:06:10-03:00;2022-11-05T19:06:10-03:00;NIKON CORPORATION;NIKON D800;3038633;60.0 mm f/2.8;;DSC_8889.NEF;MN 003-12.dng;JPEG;.jpg;3754;5935;vertical;0.6325;22.28;RGB;1;300.0;300.0;4195723;4097.39;4.0;2022-11-05 22:06:11.560714960;Mimby jaryi;Madeira ;Talhado ;Ritual || Religioso || Comunicação ;1;;"A-15cm; L-6cm; P- 66g";;;;Família de Adulia Gomes;Guarani Kaiowá ;Pai-Tavyterã;Aldeia Guaiviry - MS;2019.12;1901-1950;Tonico Benites ;Tonico Benites;Doação;2020.01.21;2021.04.26;Física - Museu Nacional ;Reserva Técnica;Enviada para tratamento de anóxia no dia 24 de janeiro de 2020, retornou dia 10 de fevereiro de 2021. Recebido no Colégio Pedro II - Campus Tijuca. ;;;Catalogação participativa realizada com o Prof.Dr. Tonico Benites emjaneiro de 2020. Aconteceu no Hosto Botânico do Museu Nacinal/UFRJ. Além do Tonico, estavam presentes Paula de Aguiar, Renata Valente e Vinicius Santos.;A forma de uma mulher pode variar para outros mimby jary. Fabricado no inicio do século XIX. 
MN 003-13.jpg;MNSEE.003.0026;MNSEE.003.0026;Apito ;003. Guarani-Kaiowá – Tekoha em litígio;Feito de cedro, instrumento religioso e musical.  Tem o formato de uma mulher idosa. Possui três buracos, coloca-se os dedos indicadores nos buracos laterais e o assopra-se no buraco central. É usado como reza para os xamãs.  Também pode ser usado para se comunicar, identificando-se na chegada em outro território em época de guerra ou conflito.  ;MN 003-13;Coleção Guarani Kaiowá - Tekohá em litígio - 2020.;"Apito/ Mimby jary. Instrumento religioso e musical. Tem o formato de uma mulher idosa. Artesão Família de Adulia Gomes. Aldeia Guaiviry - Mato Grosso do Sul, Brasil. Dimensões: A-15cm; L-6cm. Acervo do Setor de Etnologia e Etnografia, Museu Nacional/UFRJ. Coleção Guarani Kaiowá - Tekohá em litígio, doada em 2020.";Aldeia Guaiviry | Etnologia | MNSEE.003.0026 | MS | Mato Grosso do Sul | Mimby jary | Tonico Benites | apito | indígena brasileiro;Projeto de Reconstrução do Setor de Etnologia e Etnografia do Museu Nacional/ UFRJ.;;;;2021-04-30T10:04:07.80;2022-11-05T19:06:32-03:00;2022-11-05T19:06:32-03:00;NIKON CORPORATION;NIKON D800;3038633;60.0 mm f/2.8;;DSC_8891.NEF;MN 003-13.dng;JPEG;.jpg;3753;6283;vertical;0.5973;23.58;RGB;1;300.0;300.0;6054332;5912.43;5.77;2022-11-05 22:06:35.093797445;Mimby jaryi;Madeira ;Talhado ;Ritual || Religioso || Comunicação ;1;;"A-15cm; L-6cm; P- 66g";;;;Família de Adulia Gomes;Guarani Kaiowá ;Pai-Tavyterã;Aldeia Guaiviry - MS;2019.12;1901-1950;Tonico Benites ;Tonico Benites;Doação;2020.01.21;2021.04.26;Física - Museu Nacional ;Reserva Técnica;Enviada para tratamento de anóxia no dia 24 de janeiro de 2020, retornou dia 10 de fevereiro de 2021. Recebido no Colégio Pedro II - Campus Tijuca. ;;;Catalogação participativa realizada com o Prof.Dr. Tonico Benites emjaneiro de 2020. Aconteceu no Hosto Botânico do Museu Nacinal/UFRJ. Além do Tonico, estavam presentes Paula de Aguiar, Renata Valente e Vinicius Santos.;A forma de uma mulher pode variar para outros mimby jary. Fabricado no inicio do século XIX. 
MN 003-14.jpg;MNSEE.003.0026;MNSEE.003.0026;Apito ;003. Guarani-Kaiowá – Tekoha em litígio;Feito de cedro, instrumento religioso e musical.  Tem o formato de uma mulher idosa. Possui três buracos, coloca-se os dedos indicadores nos buracos laterais e o assopra-se no buraco central. É usado como reza para os xamãs.  Também pode ser usado para se comunicar, identificando-se na chegada em outro território em época de guerra ou conflito.  ;MN 003-14;Coleção Guarani Kaiowá - Tekohá em litígio - 2020.;"Apito/ Mimby jary. Instrumento religioso e musical. Tem o formato de uma mulher idosa. Artesão Família de Adulia Gomes. Aldeia Guaiviry - Mato Grosso do Sul, Brasil. Dimensões: A-15cm; L-6cm. Acervo do Setor de Etnologia e Etnografia, Museu Nacional/UFRJ. Coleção Guarani Kaiowá - Tekohá em litígio, doada em 2020.";Aldeia Guaiviry | Etnologia | MNSEE.003.0026 | MS | Mato Grosso do Sul | Mimby jary | Tonico Benites | apito | indígena brasileiro;Projeto de Reconstrução do Setor de Etnologia e Etnografia do Museu Nacional/ UFRJ.;;;;2021-04-28T16:43:08.65-03:00;2022-11-05T19:06:15-03:00;2022-11-05T19:06:15-03:00;Canon;Canon EOS 5D Mark IV;3,82037E+11;EF24-105mm f/3.5-5.6 IS STM;000002643f;_N5A4979.CR2;MN 003-14.dng;JPEG;.jpg;3711;5685;vertical;0.6528;21.1;RGB;1;300.0;300.0;6261411;6114.66;5.97;2022-11-05 22:06:16.674044132;Mimby jaryi;Madeira ;Talhado ;Ritual || Religioso || Comunicação ;1;;"A-15cm; L-6cm; P- 66g";;;;Família de Adulia Gomes;Guarani Kaiowá ;Pai-Tavyterã;Aldeia Guaiviry - MS;2019.12;1901-1950;Tonico Benites ;Tonico Benites;Doação;2020.01.21;2021.04.26;Física - Museu Nacional ;Reserva Técnica;Enviada para tratamento de anóxia no dia 24 de janeiro de 2020, retornou dia 10 de fevereiro de 2021. Recebido no Colégio Pedro II - Campus Tijuca. ;;;Catalogação participativa realizada com o Prof.Dr. Tonico Benites emjaneiro de 2020. Aconteceu no Hosto Botânico do Museu Nacinal/UFRJ. Além do Tonico, estavam presentes Paula de Aguiar, Renata Valente e Vinicius Santos.;A forma de uma mulher pode variar para outros mimby jary. Fabricado no inicio do século XIX. 
MN 003-8.jpg;MNSEE.003.0026;MNSEE.003.0026;Apito ;003. Guarani-Kaiowá – Tekoha em litígio;Feito de cedro, instrumento religioso e musical.  Tem o formato de uma mulher idosa. Possui três buracos, coloca-se os dedos indicadores nos buracos laterais e o assopra-se no buraco central. É usado como reza para os xamãs.  Também pode ser usado para se comunicar, identificando-se na chegada em outro território em época de guerra ou conflito.  ;MN 003-8;Coleção Guarani Kaiowá - Tekohá em litígio - 2020.;"Apito/ Mimby jary. Instrumento religioso e musical. Tem o formato de uma mulher idosa. Artesão Família de Adulia Gomes. Aldeia Guaiviry - Mato Grosso do Sul, Brasil. Dimensões: A-15cm; L-6cm. Acervo do Setor de Etnologia e Etnografia, Museu Nacional/UFRJ. Coleção Guarani Kaiowá - Tekohá em litígio, doada em 2020.";Aldeia Guaiviry | Etnologia | MNSEE.003.0026 | MS | Mato Grosso do Sul | Mimby jary | Tonico Benites | apito | indígena brasileiro;Projeto de Reconstrução do Setor de Etnologia e Etnografia do Museu Nacional/ UFRJ.;;;;2021-04-30T10:02:52.50;2022-11-05T19:05:49-03:00;2022-11-05T19:05:49-03:00;NIKON CORPORATION;NIKON D800;3038633;60.0 mm f/2.8;;DSC_8890.NEF;MN 003-8.dng;JPEG;.jpg;3754;5935;vertical;0.6325;22.28;RGB;1;300.0;300.0;5636511;5504.41;5.38;2022-11-05 22:05:50.547894716;Mimby jaryi;Madeira ;Talhado ;Ritual || Religioso || Comunicação ;1;;"A-15cm; L-6cm; P- 66g";;;;Família de Adulia Gomes;Guarani Kaiowá ;Pai-Tavyterã;Aldeia Guaiviry - MS;2019.12;1901-1950;Tonico Benites ;Tonico Benites;Doação;2020.01.21;2021.04.26;Física - Museu Nacional ;Reserva Técnica;Enviada para tratamento de anóxia no dia 24 de janeiro de 2020, retornou dia 10 de fevereiro de 2021. Recebido no Colégio Pedro II - Campus Tijuca. ;;;Catalogação participativa realizada com o Prof.Dr. Tonico Benites emjaneiro de 2020. Aconteceu no Hosto Botânico do Museu Nacinal/UFRJ. Além do Tonico, estavam presentes Paula de Aguiar, Renata Valente e Vinicius Santos.;A forma de uma mulher pode variar para outros mimby jary. Fabricado no inicio do século XIX. 
MN 003-9.jpg;MNSEE.003.0026;MNSEE.003.0026;Apito ;003. Guarani-Kaiowá – Tekoha em litígio;Feito de cedro, instrumento religioso e musical.  Tem o formato de uma mulher idosa. Possui três buracos, coloca-se os dedos indicadores nos buracos laterais e o assopra-se no buraco central. É usado como reza para os xamãs.  Também pode ser usado para se comunicar, identificando-se na chegada em outro território em época de guerra ou conflito.  ;MN 003-9;Coleção Guarani Kaiowá - Tekohá em litígio - 2020.;"Apito/ Mimby jary. Instrumento religioso e musical. Tem o formato de uma mulher idosa. Artesão Família de Adulia Gomes. Aldeia Guaiviry - Mato Grosso do Sul, Brasil. Dimensões: A-15cm; L-6cm. Acervo do Setor de Etnologia e Etnografia, Museu Nacional/UFRJ. Coleção Guarani Kaiowá - Tekohá em litígio, doada em 2020.";Aldeia Guaiviry | Etnologia | MNSEE.003.0026 | MS | Mato Grosso do Sul | Mimby jary | Tonico Benites | apito | indígena brasileiro;Projeto de Reconstrução do Setor de Etnologia e Etnografia do Museu Nacional/ UFRJ.;;;;2021-04-30T10:06:14.30;2022-11-05T19:05:55-03:00;2022-11-05T19:05:55-03:00;NIKON CORPORATION;NIKON D800;3038633;60.0 mm f/2.8;;DSC_8895.NEF;MN 003-9.dng;JPEG;.jpg;3717;6485;vertical;0.5732;24.1;RGB;1;300.0;300.0;6387527;6237.82;6.09;2022-11-05 22:05:57.453432798;Mimby jaryi;Madeira ;Talhado ;Ritual || Religioso || Comunicação ;1;;"A-15cm; L-6cm; P- 66g";;;;Família de Adulia Gomes;Guarani Kaiowá ;Pai-Tavyterã;Aldeia Guaiviry - MS;2019.12;1901-1950;Tonico Benites ;Tonico Benites;Doação;2020.01.21;2021.04.26;Física - Museu Nacional ;Reserva Técnica;Enviada para tratamento de anóxia no dia 24 de janeiro de 2020, retornou dia 10 de fevereiro de 2021. Recebido no Colégio Pedro II - Campus Tijuca. ;;;Catalogação participativa realizada com o Prof.Dr. Tonico Benites emjaneiro de 2020. Aconteceu no Hosto Botânico do Museu Nacinal/UFRJ. Além do Tonico, estavam presentes Paula de Aguiar, Renata Valente e Vinicius Santos.;A forma de uma mulher pode variar para outros mimby jary. Fabricado no inicio do século XIX. 
MN 003-19.jpg;MNSEE.003.0027;MNSEE.003.0027;Apito ;003. Guarani-Kaiowá – Tekoha em litígio;Feito de cedro, instrumento religioso e musical.  Possui um cordão de algodão. É usado como reza para os xamãs.  Também pode ser usado para se comunicar, identificando-se na chegada em outro território. ;MN 003-19;Coleção Guarani Kaiowá - Tekohá em litígio - 2020.;"Apito/ Mimby. Feito de cedro, instrumento religioso e musical. Artesão José Benito. Aldeia Kurusu-Amba (Jguapiré) - Mato Grosso do Sul, Brasil. Dimensões: A-5cm; L-8cm. Acervo do Setor de Etnologia e Etnografia, Museu Nacional/UFRJ. Coleção Guarani Kaiowá - Tekohá em litígio, doada em 2020.";Aldeia Kurusu-Amba (Jguapiré) | Etnologia | MNSEE.003.0027 | MS | Mato Grosso do Sul | Mimby | Tonico Benites | apito | indígena brasileiro;Projeto de Reconstrução do Setor de Etnologia e Etnografia do Museu Nacional/ UFRJ.;;;;2021-04-30T10:16:42.40;2022-11-05T19:06:26-03:00;2022-11-05T19:06:26-03:00;NIKON CORPORATION;NIKON D800;3038633;60.0 mm f/2.8;;DSC_8903.NEF;MN 003-19.dng;JPEG;.jpg;5935;4265;horizontal;13.916;25.31;RGB;1;300.0;300.0;7334910;7163.0;7.0;2022-11-05 22:06:27.715524197;Minby ;Madeira ;Talhado ;Ritual || Religioso || Comunicação ;1;;"A-5cm; L-8cm; P- 57g";;;;José Benito;Guarani Kaiowá ;Pai-Tavyterã;Aldeia Kurusu-Amba (Jaguapiré) -MS;2019.12;1980;Tonico Benites ;Tonico Benites;Doação;2020.01.21;2021.04.26;Física - Museu Nacional ;Reserva Técnica;Enviada para tratamento de anóxia no dia 24 de janeiro de 2020, retornou dia 10 de fevereiro de 2021. Recebido no Colégio Pedro II - Campus Tijuca. ;;;Catalogação participativa realizada com o Prof.Dr. Tonico Benites emjaneiro de 2020. Aconteceu no Hosto Botânico do Museu Nacinal/UFRJ. Além do Tonico, estavam presentes Paula de Aguiar, Renata Valente e Vinicius Santos.;Faleceu e deixou para Francisco Benites e depois para seu filho Odair Benito, irmão de Tonico. 
MN 003-20.jpg;MNSEE.003.0027;MNSEE.003.0027;Apito ;003. Guarani-Kaiowá – Tekoha em litígio;Feito de cedro, instrumento religioso e musical.  Possui um cordão de algodão. É usado como reza para os xamãs.  Também pode ser usado para se comunicar, identificando-se na chegada em outro território. ;MN 003-20;Coleção Guarani Kaiowá - Tekohá em litígio - 2020.;"Apito/ Mimby. Feito de cedro, instrumento religioso e musical. Artesão José Benito. Aldeia Kurusu-Amba (Jguapiré) - Mato Grosso do Sul, Brasil. Dimensões: A-5cm; L-8cm. Acervo do Setor de Etnologia e Etnografia, Museu Nacional/UFRJ. Coleção Guarani Kaiowá - Tekohá em litígio, doada em 2020.";Aldeia Kurusu-Amba (Jguapiré) | Etnologia | MNSEE.003.0027 | MS | Mato Grosso do Sul | Mimby | Tonico Benites | apito | indígena brasileiro;Projeto de Reconstrução do Setor de Etnologia e Etnografia do Museu Nacional/ UFRJ.;;;;2021-04-30T10:16:59.60;2022-11-05T19:06:34-03:00;2022-11-05T19:06:34-03:00;NIKON CORPORATION;NIKON D800;3038633;60.0 mm f/2.8;;DSC_8904.NEF;MN 003-20.dng;JPEG;.jpg;5935;4265;horizontal;13.916;25.31;RGB;1;300.0;300.0;7636957;7457.97;7.28;2022-11-05 22:06:35.516668558;Minby ;Madeira ;Talhado ;Ritual || Religioso || Comunicação ;1;;"A-5cm; L-8cm; P- 57g";;;;José Benito;Guarani Kaiowá ;Pai-Tavyterã;Aldeia Kurusu-Amba (Jaguapiré) -MS;2019.12;1980;Tonico Benites ;Tonico Benites;Doação;2020.01.21;2021.04.26;Física - Museu Nacional ;Reserva Técnica;Enviada para tratamento de anóxia no dia 24 de janeiro de 2020, retornou dia 10 de fevereiro de 2021. Recebido no Colégio Pedro II - Campus Tijuca. ;;;Catalogação participativa realizada com o Prof.Dr. Tonico Benites emjaneiro de 2020. Aconteceu no Hosto Botânico do Museu Nacinal/UFRJ. Além do Tonico, estavam presentes Paula de Aguiar, Renata Valente e Vinicius Santos.;Faleceu e deixou para Francisco Benites e depois para seu filho Odair Benito, irmão de Tonico. 
MN 003-21.jpg;MNSEE.003.0027;MNSEE.003.0027;Apito ;003. Guarani-Kaiowá – Tekoha em litígio;Feito de cedro, instrumento religioso e musical.  Possui um cordão de algodão. É usado como reza para os xamãs.  Também pode ser usado para se comunicar, identificando-se na chegada em outro território. ;MN 003-21;Coleção Guarani Kaiowá - Tekohá em litígio - 2020.;"Apito/ Mimby. Feito de cedro, instrumento religioso e musical. Artesão José Benito. Aldeia Kurusu-Amba (Jguapiré) - Mato Grosso do Sul, Brasil. Dimensões: A-5cm; L-8cm. Acervo do Setor de Etnologia e Etnografia, Museu Nacional/UFRJ. Coleção Guarani Kaiowá - Tekohá em litígio, doada em 2020.";Aldeia Kurusu-Amba (Jguapiré) | Etnologia | MNSEE.003.0027 | MS | Mato Grosso do Sul | Mimby | Tonico Benites | apito | indígena brasileiro;Projeto de Reconstrução do Setor de Etnologia e Etnografia do Museu Nacional/ UFRJ.;;;;2021-04-30T10:19:03.10;2022-11-05T19:06:55-03:00;2022-11-05T19:06:55-03:00;NIKON CORPORATION;NIKON D800;3038633;60.0 mm f/2.8;;DSC_8908.NEF;MN 003-21.dng;JPEG;.jpg;5935;4265;horizontal;13.916;25.31;RGB;1;300.0;300.0;7817163;7633.95;7.46;2022-11-05 22:06:56.161661625;Minby ;Madeira ;Talhado ;Ritual || Religioso || Comunicação ;1;;"A-5cm; L-8cm; P- 57g";;;;José Benito;Guarani Kaiowá ;Pai-Tavyterã;Aldeia Kurusu-Amba (Jaguapiré) -MS;2019.12;1980;Tonico Benites ;Tonico Benites;Doação;2020.01.21;2021.04.26;Física - Museu Nacional ;Reserva Técnica;Enviada para tratamento de anóxia no dia 24 de janeiro de 2020, retornou dia 10 de fevereiro de 2021. Recebido no Colégio Pedro II - Campus Tijuca. ;;;Catalogação participativa realizada com o Prof.Dr. Tonico Benites emjaneiro de 2020. Aconteceu no Hosto Botânico do Museu Nacinal/UFRJ. Além do Tonico, estavam presentes Paula de Aguiar, Renata Valente e Vinicius Santos.;Faleceu e deixou para Francisco Benites e depois para seu filho Odair Benito, irmão de Tonico. 
MN 003-22.jpg;MNSEE.003.0027;MNSEE.003.0027;Apito ;003. Guarani-Kaiowá – Tekoha em litígio;Feito de cedro, instrumento religioso e musical.  Possui um cordão de algodão. É usado como reza para os xamãs.  Também pode ser usado para se comunicar, identificando-se na chegada em outro território. ;MN 003-22;Coleção Guarani Kaiowá - Tekohá em litígio - 2020.;"Apito/ Mimby. Feito de cedro, instrumento religioso e musical. Artesão José Benito. Aldeia Kurusu-Amba (Jguapiré) - Mato Grosso do Sul, Brasil. Dimensões: A-5cm; L-8cm. Acervo do Setor de Etnologia e Etnografia, Museu Nacional/UFRJ. Coleção Guarani Kaiowá - Tekohá em litígio, doada em 2020.";Aldeia Kurusu-Amba (Jguapiré) | Etnologia | MNSEE.003.0027 | MS | Mato Grosso do Sul | Mimby | Tonico Benites | apito | indígena brasileiro;Projeto de Reconstrução do Setor de Etnologia e Etnografia do Museu Nacional/ UFRJ.;;;;2021-04-30T10:19:19.90;2022-11-05T19:06:38-03:00;2022-11-05T19:06:38-03:00;NIKON CORPORATION;NIKON D800;3038633;60.0 mm f/2.8;;DSC_8909.NEF;MN 003-22.dng;JPEG;.jpg;5935;4265;horizontal;13.916;25.31;RGB;1;300.0;300.0;7952075;7765.7;7.58;2022-11-05 22:06:40.452471018;Minby ;Madeira ;Talhado ;Ritual || Religioso || Comunicação ;1;;"A-5cm; L-8cm; P- 57g";;;;José Benito;Guarani Kaiowá ;Pai-Tavyterã;Aldeia Kurusu-Amba (Jaguapiré) -MS;2019.12;1980;Tonico Benites ;Tonico Benites;Doação;2020.01.21;2021.04.26;Física - Museu Nacional ;Reserva Técnica;Enviada para tratamento de anóxia no dia 24 de janeiro de 2020, retornou dia 10 de fevereiro de 2021. Recebido no Colégio Pedro II - Campus Tijuca. ;;;Catalogação participativa realizada com o Prof.Dr. Tonico Benites emjaneiro de 2020. Aconteceu no Hosto Botânico do Museu Nacinal/UFRJ. Além do Tonico, estavam presentes Paula de Aguiar, Renata Valente e Vinicius Santos.;Faleceu e deixou para Francisco Benites e depois para seu filho Odair Benito, irmão de Tonico. 
MN 003-23.jpg;MNSEE.003.0027;MNSEE.003.0027;Apito ;003. Guarani-Kaiowá – Tekoha em litígio;Feito de cedro, instrumento religioso e musical.  Possui um cordão de algodão. É usado como reza para os xamãs.  Também pode ser usado para se comunicar, identificando-se na chegada em outro território. ;MN 003-23;Coleção Guarani Kaiowá - Tekohá em litígio - 2020.;"Apito/ Mimby. Feito de cedro, instrumento religioso e musical. Artesão José Benito. Aldeia Kurusu-Amba (Jguapiré) - Mato Grosso do Sul, Brasil. Dimensões: A-5cm; L-8cm. Acervo do Setor de Etnologia e Etnografia, Museu Nacional/UFRJ. Coleção Guarani Kaiowá - Tekohá em litígio, doada em 2020.";Aldeia Kurusu-Amba (Jguapiré) | Etnologia | MNSEE.003.0027 | MS | Mato Grosso do Sul | Mimby | Tonico Benites | apito | indígena brasileiro;Projeto de Reconstrução do Setor de Etnologia e Etnografia do Museu Nacional/ UFRJ.;;;;2021-04-30T10:18:50.40;2022-11-05T19:06:43-03:00;2022-11-05T19:06:43-03:00;NIKON CORPORATION;NIKON D800;3038633;60.0 mm f/2.8;;DSC_8907.NEF;MN 003-23.dng;JPEG;.jpg;5935;4265;horizontal;13.916;25.31;RGB;1;300.0;300.0;7568691;7391.3;7.22;2022-11-05 22:06:43.947127581;Minby ;Madeira ;Talhado ;Ritual || Religioso || Comunicação ;1;;"A-5cm; L-8cm; P- 57g";;;;José Benito;Guarani Kaiowá ;Pai-Tavyterã;Aldeia Kurusu-Amba (Jaguapiré) -MS;2019.12;1980;Tonico Benites ;Tonico Benites;Doação;2020.01.21;2021.04.26;Física - Museu Nacional ;Reserva Técnica;Enviada para tratamento de anóxia no dia 24 de janeiro de 2020, retornou dia 10 de fevereiro de 2021. Recebido no Colégio Pedro II - Campus Tijuca. ;;;Catalogação participativa realizada com o Prof.Dr. Tonico Benites emjaneiro de 2020. Aconteceu no Hosto Botânico do Museu Nacinal/UFRJ. Além do Tonico, estavam presentes Paula de Aguiar, Renata Valente e Vinicius Santos.;Faleceu e deixou para Francisco Benites e depois para seu filho Odair Benito, irmão de Tonico. 
MN 003-24.jpg;MNSEE.003.0027;MNSEE.003.0027;Apito ;003. Guarani-Kaiowá – Tekoha em litígio;Feito de cedro, instrumento religioso e musical.  Possui um cordão de algodão. É usado como reza para os xamãs.  Também pode ser usado para se comunicar, identificando-se na chegada em outro território. ;MN 003-24;Coleção Guarani Kaiowá - Tekohá em litígio - 2020.;"Apito/ Mimby. Feito de cedro, instrumento religioso e musical. Artesão José Benito. Aldeia Kurusu-Amba (Jguapiré) - Mato Grosso do Sul, Brasil. Dimensões: A-5cm; L-8cm. Acervo do Setor de Etnologia e Etnografia, Museu Nacional/UFRJ. Coleção Guarani Kaiowá - Tekohá em litígio, doada em 2020.";Aldeia Kurusu-Amba (Jguapiré) | Etnologia | MNSEE.003.0027 | MS | Mato Grosso do Sul | Mimby | Tonico Benites | apito | indígena brasileiro;Projeto de Reconstrução do Setor de Etnologia e Etnografia do Museu Nacional/ UFRJ.;;;;2021-04-30T10:18:20.30;2022-11-05T19:06:43-03:00;2022-11-05T19:06:43-03:00;NIKON CORPORATION;NIKON D800;3038633;60.0 mm f/2.8;;DSC_8905.NEF;MN 003-24.dng;JPEG;.jpg;5935;4265;horizontal;13.916;25.31;RGB;1;300.0;300.0;8296742;8102.29;7.91;2022-11-05 22:06:44.386951923;Minby ;Madeira ;Talhado ;Ritual || Religioso || Comunicação ;1;;"A-5cm; L-8cm; P- 57g";;;;José Benito;Guarani Kaiowá ;Pai-Tavyterã;Aldeia Kurusu-Amba (Jaguapiré) -MS;2019.12;1980;Tonico Benites ;Tonico Benites;Doação;2020.01.21;2021.04.26;Física - Museu Nacional ;Reserva Técnica;Enviada para tratamento de anóxia no dia 24 de janeiro de 2020, retornou dia 10 de fevereiro de 2021. Recebido no Colégio Pedro II - Campus Tijuca. ;;;Catalogação participativa realizada com o Prof.Dr. Tonico Benites emjaneiro de 2020. Aconteceu no Hosto Botânico do Museu Nacinal/UFRJ. Além do Tonico, estavam presentes Paula de Aguiar, Renata Valente e Vinicius Santos.;Faleceu e deixou para Francisco Benites e depois para seu filho Odair Benito, irmão de Tonico. 
MN 003-25.jpg;MNSEE.003.0027;MNSEE.003.0027;Apito ;003. Guarani-Kaiowá – Tekoha em litígio;Feito de cedro, instrumento religioso e musical.  Possui um cordão de algodão. É usado como reza para os xamãs.  Também pode ser usado para se comunicar, identificando-se na chegada em outro território. ;MN 003-25;Coleção Guarani Kaiowá - Tekohá em litígio - 2020.;"Apito/ Mimby. Feito de cedro, instrumento religioso e musical. Artesão José Benito. Aldeia Kurusu-Amba (Jguapiré) - Mato Grosso do Sul, Brasil. Dimensões: A-5cm; L-8cm. Acervo do Setor de Etnologia e Etnografia, Museu Nacional/UFRJ. Coleção Guarani Kaiowá - Tekohá em litígio, doada em 2020.";Aldeia Kurusu-Amba (Jguapiré) | Etnologia | MNSEE.003.0027 | MS | Mato Grosso do Sul | Mimby | Tonico Benites | apito | indígena brasileiro;Projeto de Reconstrução do Setor de Etnologia e Etnografia do Museu Nacional/ UFRJ.;;;;2021-04-30T10:18:33.60;2022-11-05T19:06:56-03:00;2022-11-05T19:06:56-03:00;NIKON CORPORATION;NIKON D800;3038633;60.0 mm f/2.8;;DSC_8906.NEF;MN 003-25.dng;JPEG;.jpg;5935;4265;horizontal;13.916;25.31;RGB;1;300.0;300.0;8256779;8063.26;7.87;2022-11-05 22:06:57.034339190;Minby ;Madeira ;Talhado ;Ritual || Religioso || Comunicação ;1;;"A-5cm; L-8cm; P- 57g";;;;José Benito;Guarani Kaiowá ;Pai-Tavyterã;Aldeia Kurusu-Amba (Jaguapiré) -MS;2019.12;1980;Tonico Benites ;Tonico Benites;Doação;2020.01.21;2021.04.26;Física - Museu Nacional ;Reserva Técnica;Enviada para tratamento de anóxia no dia 24 de janeiro de 2020, retornou dia 10 de fevereiro de 2021. Recebido no Colégio Pedro II - Campus Tijuca. ;;;Catalogação participativa realizada com o Prof.Dr. Tonico Benites emjaneiro de 2020. Aconteceu no Hosto Botânico do Museu Nacinal/UFRJ. Além do Tonico, estavam presentes Paula de Aguiar, Renata Valente e Vinicius Santos.;Faleceu e deixou para Francisco Benites e depois para seu filho Odair Benito, irmão de Tonico. 
MN 003-15.jpg;MNSEE.003.0028;MNSEE.003.0028;Apito ;003. Guarani-Kaiowá – Tekoha em litígio;"Feito a partir da raiz da goiaba do campo.  Ele se diferencia por estar sob um ""banco"" (apyká). Junto dele está amarrado outro Minby. É um instrumento religioso e musical.  Possui um cordão de algodão. É usado como reza para os xamãs.  Também pode ser usado para se comunicar, identificando-se na chegada em outro território. ";MN 003-15;Coleção Guarani Kaiowá - Tekohá em litígio - 2020.;"Apito/ Minby-apyká. Instrumento religioso e musical. Artesão Marolino Fernandez. Aldeia Kurusu-Amba (Jguapiré) - Mato Grosso do Sul, Brasil. Dimensões: (minby-apyká)  A-12cm; L-6cm, (minby) A- 4cm; L-7cm. Acervo do Setor de Etnologia e Etnografia, Museu Nacional/UFRJ. Coleção Guarani Kaiowá - Tekohá em litígio, doada em 2020.";Aldeia Kurusu-Amba (Jguapiré) | Etnologia | MNSEE.003.0028 | MS | Mato Grosso do Sul | Mimby apyká | Tonico Benites | apito | indígena brasileiro;Projeto de Reconstrução do Setor de Etnologia e Etnografia do Museu Nacional/ UFRJ.;;;;2021-04-30T10:09:28.80;2022-11-05T19:06:14-03:00;2022-11-05T19:06:14-03:00;NIKON CORPORATION;NIKON D800;3038633;60.0 mm f/2.8;;DSC_8896.NEF;MN 003-15.dng;JPEG;.jpg;5935;4908;horizontal;12.093;29.13;RGB;1;300.0;300.0;10144694;9906.93;9.67;2022-11-05 22:06:15.562017918;Minby apyka;Madeira ;Talhado ;Ritual || Religioso || Comunicação ;1;;"(minby-apyká) A-12cm; L-6cm, (minby) A- 4cm; L-7cm";;;;Marolino Fernandez;Guarani Kaiowá ;Pai-Tavyterã;Aldeia Kurusu-Amba (Jaguapiré) -MS;2019.12;1990;Tonico Benites ;Tonico Benites;Doação;2020.01.21;2021.04.26;Física - Museu Nacional ;Reserva Técnica;Enviada para tratamento de anóxia no dia 24 de janeiro de 2020, retornou dia 10 de fevereiro de 2021. Recebido no Colégio Pedro II - Campus Tijuca. ;;;Catalogação participativa realizada com o Prof.Dr. Tonico Benites emjaneiro de 2020. Aconteceu no Hosto Botânico do Museu Nacinal/UFRJ. Além do Tonico, estavam presentes Paula de Aguiar, Renata Valente e Vinicius Santos.;
MN 003-16.jpg;MNSEE.003.0028;MNSEE.003.0028;Apito ;003. Guarani-Kaiowá – Tekoha em litígio;"Feito a partir da raiz da goiaba do campo.  Ele se diferencia por estar sob um ""banco"" (apyká). Junto dele está amarrado outro Minby. É um instrumento religioso e musical.  Possui um cordão de algodão. É usado como reza para os xamãs.  Também pode ser usado para se comunicar, identificando-se na chegada em outro território. ";MN 003-16;Coleção Guarani Kaiowá - Tekohá em litígio - 2020.;"Apito/ Minby-apyká. Instrumento religioso e musical. Artesão Marolino Fernandez. Aldeia Kurusu-Amba (Jguapiré) - Mato Grosso do Sul, Brasil. Dimensões: (minby-apyká)  A-12cm; L-6cm, (minby) A- 4cm; L-7cm. Acervo do Setor de Etnologia e Etnografia, Museu Nacional/UFRJ. Coleção Guarani Kaiowá - Tekohá em litígio, doada em 2020.";Aldeia Kurusu-Amba (Jguapiré) | Etnologia | MNSEE.003.0028 | MS | Mato Grosso do Sul | Mimby apyká | Tonico Benites | apito | indígena brasileiro;Projeto de Reconstrução do Setor de Etnologia e Etnografia do Museu Nacional/ UFRJ.;;;;2021-04-30T10:12:44.10;2022-11-05T19:06:25-03:00;2022-11-05T19:06:25-03:00;NIKON CORPORATION;NIKON D800;3038633;60.0 mm f/2.8;;DSC_8899.NEF;MN 003-16.dng;JPEG;.jpg;5935;4908;horizontal;12.093;29.13;RGB;1;300.0;300.0;9378324;9158.52;8.94;2022-11-05 22:06:26.372116089;Minby apyka;Madeira ;Talhado ;Ritual || Religioso || Comunicação ;1;;"(minby-apyká) A-12cm; L-6cm, (minby) A- 4cm; L-7cm";;;;Marolino Fernandez;Guarani Kaiowá ;Pai-Tavyterã;Aldeia Kurusu-Amba (Jaguapiré) -MS;2019.12;1990;Tonico Benites ;Tonico Benites;Doação;2020.01.21;2021.04.26;Física - Museu Nacional ;Reserva Técnica;Enviada para tratamento de anóxia no dia 24 de janeiro de 2020, retornou dia 10 de fevereiro de 2021. Recebido no Colégio Pedro II - Campus Tijuca. ;;;Catalogação participativa realizada com o Prof.Dr. Tonico Benites emjaneiro de 2020. Aconteceu no Hosto Botânico do Museu Nacinal/UFRJ. Além do Tonico, estavam presentes Paula de Aguiar, Renata Valente e Vinicius Santos.;
MN 003-17.jpg;MNSEE.003.0028;MNSEE.003.0028;Apito ;003. Guarani-Kaiowá – Tekoha em litígio;"Feito a partir da raiz da goiaba do campo.  Ele se diferencia por estar sob um ""banco"" (apyká). Junto dele está amarrado outro Minby. É um instrumento religioso e musical.  Possui um cordão de algodão. É usado como reza para os xamãs.  Também pode ser usado para se comunicar, identificando-se na chegada em outro território. ";MN 003-17;Coleção Guarani Kaiowá - Tekohá em litígio - 2020.;"Apito/ Minby-apyká. Instrumento religioso e musical. Artesão Marolino Fernandez. Aldeia Kurusu-Amba (Jguapiré) - Mato Grosso do Sul, Brasil. Dimensões: (minby-apyká)  A-12cm; L-6cm, (minby) A- 4cm; L-7cm. Acervo do Setor de Etnologia e Etnografia, Museu Nacional/UFRJ. Coleção Guarani Kaiowá - Tekohá em litígio, doada em 2020.";Aldeia Kurusu-Amba (Jguapiré) | Etnologia | MNSEE.003.0028 | MS | Mato Grosso do Sul | Mimby apyká | Tonico Benites | apito | indígena brasileiro;Projeto de Reconstrução do Setor de Etnologia e Etnografia do Museu Nacional/ UFRJ.;;;;2021-04-30T10:14:43.60;2022-11-05T19:06:22-03:00;2022-11-05T19:06:22-03:00;NIKON CORPORATION;NIKON D800;3038633;60.0 mm f/2.8;;DSC_8900.NEF;MN 003-17.dng;JPEG;.jpg;5935;4908;horizontal;12.093;29.13;RGB;1;300.0;300.0;9474153;9252.1;9.04;2022-11-05 22:06:24.071269035;Minby apyka;Madeira ;Talhado ;Ritual || Religioso || Comunicação ;1;;"(minby-apyká) A-12cm; L-6cm, (minby) A- 4cm; L-7cm";;;;Marolino Fernandez;Guarani Kaiowá ;Pai-Tavyterã;Aldeia Kurusu-Amba (Jaguapiré) -MS;2019.12;1990;Tonico Benites ;Tonico Benites;Doação;2020.01.21;2021.04.26;Física - Museu Nacional ;Reserva Técnica;Enviada para tratamento de anóxia no dia 24 de janeiro de 2020, retornou dia 10 de fevereiro de 2021. Recebido no Colégio Pedro II - Campus Tijuca. ;;;Catalogação participativa realizada com o Prof.Dr. Tonico Benites emjaneiro de 2020. Aconteceu no Hosto Botânico do Museu Nacinal/UFRJ. Além do Tonico, estavam presentes Paula de Aguiar, Renata Valente e Vinicius Santos.;
MN 003-18.jpg;MNSEE.003.0028;MNSEE.003.0028;Apito ;003. Guarani-Kaiowá – Tekoha em litígio;"Feito a partir da raiz da goiaba do campo.  Ele se diferencia por estar sob um ""banco"" (apyká). Junto dele está amarrado outro Minby. É um instrumento religioso e musical.  Possui um cordão de algodão. É usado como reza para os xamãs.  Também pode ser usado para se comunicar, identificando-se na chegada em outro território. ";MN 003-18;Coleção Guarani Kaiowá - Tekohá em litígio - 2020.;"Apito/ Minby-apyká. Instrumento religioso e musical. Artesão Marolino Fernandez. Aldeia Kurusu-Amba (Jguapiré) - Mato Grosso do Sul, Brasil. Dimensões: (minby-apyká)  A-12cm; L-6cm, (minby) A- 4cm; L-7cm. Acervo do Setor de Etnologia e Etnografia, Museu Nacional/UFRJ. Coleção Guarani Kaiowá - Tekohá em litígio, doada em 2020.";Aldeia Kurusu-Amba (Jguapiré) | Etnologia | MNSEE.003.0028 | MS | Mato Grosso do Sul | Mimby apyká | Tonico Benites | apito | indígena brasileiro;Projeto de Reconstrução do Setor de Etnologia e Etnografia do Museu Nacional/ UFRJ.;;;;2021-04-30T10:15:06.60;2022-11-05T19:06:55-03:00;2022-11-05T19:06:55-03:00;NIKON CORPORATION;NIKON D800;3038633;60.0 mm f/2.8;;DSC_8901.NEF;MN 003-18.dng;JPEG;.jpg;5935;4908;horizontal;12.093;29.13;RGB;1;300.0;300.0;10132939;9895.45;9.66;2022-11-05 22:06:56.345171452;Minby apyka;Madeira ;Talhado ;Ritual || Religioso || Comunicação ;1;;"(minby-apyká) A-12cm; L-6cm, (minby) A- 4cm; L-7cm";;;;Marolino Fernandez;Guarani Kaiowá ;Pai-Tavyterã;Aldeia Kurusu-Amba (Jaguapiré) -MS;2019.12;1990;Tonico Benites ;Tonico Benites;Doação;2020.01.21;2021.04.26;Física - Museu Nacional ;Reserva Técnica;Enviada para tratamento de anóxia no dia 24 de janeiro de 2020, retornou dia 10 de fevereiro de 2021. Recebido no Colégio Pedro II - Campus Tijuca. ;;;Catalogação participativa realizada com o Prof.Dr. Tonico Benites emjaneiro de 2020. Aconteceu no Hosto Botânico do Museu Nacinal/UFRJ. Além do Tonico, estavam presentes Paula de Aguiar, Renata Valente e Vinicius Santos.;
MN 003-73.jpg;MNSEE.003.0029;MNSEE.003.0029;Apito ;003. Guarani-Kaiowá – Tekoha em litígio;Feito a partir da raiz da goiaba do campo. Possui um cordão de algodão com miçangas feitas de semente, amarrado a um pequeno banco ritual (apyká). É usado como reza para os xamãs.  Também pode ser usado para se comunicar, identificando-se na chegada em outro território. ;MN 003-73;Coleção Guarani Kaiowá - Tekohá em litígio - 2020.;"Apito/ Mbo’y mimby. Feito a partir da raiz da goiaba do campo. Possui um cordão de algodão com miçangas feitas de semente, amarrado a um pequeno banco ritual (apyká). Artesã Lucia. Aldeia Amambai - Mato Groso do Sul, Brasil. Dimensões: (maracá)  A-6cm; L-4cm, (cordão) A- 41cm. Acervo do Setor de Etnologia e Etnografia, Museu Nacional/UFRJ. Coleção Guarani Kaiowá - Tekohá em litígio, doada em 2020.";Aldeia Amambai | Etnologia | MNSEE.003.0029 | MS | Mato Grosso do Sul | Mbo’y mimby | Tonico Benites | apito | indígena brasileiro;Projeto de Reconstrução do Setor de Etnologia e Etnografia do Museu Nacional/ UFRJ.;;;;2021-05-20T13:51:47.60;2022-11-05T19:10:15-03:00;2022-11-05T19:10:15-03:00;NIKON CORPORATION;NIKON D800;3038633;60.0 mm f/2.8;;DSC_0519.NEF;MN 003-73.dng;JPEG;.jpg;4468;6448;vertical;0.6929;28.81;RGB;1;300.0;300.0;5029990;4912.1;4.8;2022-11-05 22:10:16.888011932;Mbo’y mimby;Madeira ;Talhado ;Ritual || Religioso || Comunicação ;1;;"(maracá) A-6cm; L-4cm, (cordão) A- 41cm; P- 44g";;;;Lucia ;Guarani Kaiowá ;Pai-Tavyterã;Aldeia Amambai -MS;2019.12;2010-2018;Tonico Benites ;Tonico Benites;Doação;2020.01.21;2021.04.26;Física - Museu Nacional ;Reserva Técnica;Enviada para tratamento de anóxia no dia 24 de janeiro de 2020, retornou dia 10 de fevereiro de 2021. Recebido no Colégio Pedro II - Campus Tijuca. ;;;Catalogação participativa realizada com o Prof.Dr. Tonico Benites emjaneiro de 2020. Aconteceu no Hosto Botânico do Museu Nacinal/UFRJ. Além do Tonico, estavam presentes Paula de Aguiar, Renata Valente e Vinicius Santos.;Foi fabricado entre 2009 e 2017.
MN 003-74.jpg;MNSEE.003.0029;MNSEE.003.0029;Apito ;003. Guarani-Kaiowá – Tekoha em litígio;Feito a partir da raiz da goiaba do campo. Possui um cordão de algodão com miçangas feitas de semente, amarrado a um pequeno banco ritual (apyká). É usado como reza para os xamãs.  Também pode ser usado para se comunicar, identificando-se na chegada em outro território. ;MN 003-74;Coleção Guarani Kaiowá - Tekohá em litígio - 2020.;"Apito/ Mbo’y mimby. Feito a partir da raiz da goiaba do campo. Possui um cordão de algodão com miçangas feitas de semente, amarrado a um pequeno banco ritual (apyká). Artesã Lucia. Aldeia Amambai - Mato Groso do Sul, Brasil. Dimensões: (maracá)  A-6cm; L-4cm, (cordão) A- 41cm. Acervo do Setor de Etnologia e Etnografia, Museu Nacional/UFRJ. Coleção Guarani Kaiowá - Tekohá em litígio, doada em 2020.";Aldeia Amambai | Etnologia | MNSEE.003.0029 | MS | Mato Grosso do Sul | Mbo’y mimby | Tonico Benites | apito | indígena brasileiro;Projeto de Reconstrução do Setor de Etnologia e Etnografia do Museu Nacional/ UFRJ.;;;;2021-05-20T13:52:23.50;2022-11-05T19:10:18-03:00;2022-11-05T19:10:18-03:00;NIKON CORPORATION;NIKON D800;3038633;60.0 mm f/2.8;;DSC_0521.NEF;MN 003-74.dng;JPEG;.jpg;4468;6448;vertical;0.6929;28.81;RGB;1;300.0;300.0;4944539;4828.65;4.72;2022-11-05 22:10:20.907267809;Mbo’y mimby;Madeira ;Talhado ;Ritual || Religioso || Comunicação ;1;;"(maracá) A-6cm; L-4cm, (cordão) A- 41cm; P- 44g";;;;Lucia ;Guarani Kaiowá ;Pai-Tavyterã;Aldeia Amambai -MS;2019.12;2010-2018;Tonico Benites ;Tonico Benites;Doação;2020.01.21;2021.04.26;Física - Museu Nacional ;Reserva Técnica;Enviada para tratamento de anóxia no dia 24 de janeiro de 2020, retornou dia 10 de fevereiro de 2021. Recebido no Colégio Pedro II - Campus Tijuca. ;;;Catalogação participativa realizada com o Prof.Dr. Tonico Benites emjaneiro de 2020. Aconteceu no Hosto Botânico do Museu Nacinal/UFRJ. Além do Tonico, estavam presentes Paula de Aguiar, Renata Valente e Vinicius Santos.;Foi fabricado entre 2009 e 2017.
MN 003-66.jpg;MNSEE.003.0030;MNSEE.003.0030;Cordão ;003. Guarani-Kaiowá – Tekoha em litígio;Cordão feito com sementes, cabaça e aglomerados de lã em vermelho, branco e verde. ;MN 003-66;Coleção Guarani Kaiowá - Tekohá em litígio - 2020.;Cordão/ Jesaha. Cordão feito com sementes, cabaça e aglomerados de lã. Artesã Ausira Ornirio. Aldeira Camby - Mato Grosso do Sul, Brasil. Dimensões: A- 80cm. Acervo do Setor de Etnologia e Etnografia, Museu Nacional/UFRJ. Coleção Guarani Kaiowá - Tekohá em litígio, doada em 2020.;Aldeia Camby | Colar | Etnologia | Jesaha | MNSEE.003.0030 | MS | Mato Grosso do Sul | Tonico Benites | indígena brasileiro;Projeto de Reconstrução do Setor de Etnologia e Etnografia do Museu Nacional/ UFRJ.;;;;2021-05-20T12:04:04.60;2022-11-05T19:09:44-03:00;2022-11-05T19:09:44-03:00;NIKON CORPORATION;NIKON D800;3038633;60.0 mm f/2.8;;DSC_0507.NEF;MN 003-66.dng;JPEG;.jpg;4780;7145;vertical;0.669;34.15;RGB;1;300.0;300.0;7098606;6932.23;6.77;2022-11-05 22:09:46.568072319;Jeha-saha;Sementes || Lã;;Proteção ;2;;A- 80cm;;;;Ausira Ornirio (70 anos);Guarani Kaiowá ;Pai-Tavyterã;Aldeia Kambiy -MS;2019.12;2006;Tonico Benites ;Tonico Benites;Doação;2020.01.21;2021.04.26;Física - Museu Nacional ;Reserva Técnica;Enviada para tratamento de anóxia no dia 24 de janeiro de 2020, retornou dia 10 de fevereiro de 2021. Recebido no Colégio Pedro II - Campus Tijuca. ;;;Catalogação participativa realizada com o Prof.Dr. Tonico Benites emjaneiro de 2020. Aconteceu no Hosto Botânico do Museu Nacinal/UFRJ. Além do Tonico, estavam presentes Paula de Aguiar, Renata Valente e Vinicius Santos.;Sempre é utilizado em conjunto  com outro Jeasa-há que se cruzam no peito. Os Jeasa-há enfeitados são de utilização feminina. 
MN 003-67.jpg;MNSEE.003.0030;MNSEE.003.0030;Cordão ;003. Guarani-Kaiowá – Tekoha em litígio;Cordão feito com sementes, cabaça e aglomerados de lã em vermelho, branco e verde. ;MN 003-67;Coleção Guarani Kaiowá - Tekohá em litígio - 2020.;Cordão/ Jesaha. Cordão feito com sementes, cabaça e aglomerados de lã. Artesã Ausira Ornirio. Aldeira Camby - Mato Grosso do Sul, Brasil. Dimensões: A- 80cm. Acervo do Setor de Etnologia e Etnografia, Museu Nacional/UFRJ. Coleção Guarani Kaiowá - Tekohá em litígio, doada em 2020.;Aldeia Camby | Colar | Etnologia | Jesaha | MNSEE.003.0030 | MS | Mato Grosso do Sul | Tonico Benites | indígena brasileiro;Projeto de Reconstrução do Setor de Etnologia e Etnografia do Museu Nacional/ UFRJ.;;;;2021-05-20T13:38:37.80;2022-11-05T19:09:48-03:00;2022-11-05T19:09:48-03:00;NIKON CORPORATION;NIKON D800;3038633;60.0 mm f/2.8;;DSC_0508.NEF;MN 003-67.dng;JPEG;.jpg;4743;6925;vertical;0.6849;32.85;RGB;1;300.0;300.0;6961464;6798.3;6.64;2022-11-05 22:09:51.218640566;Jeha-saha;Sementes || Lã;;Proteção ;2;;A- 80cm;;;;Ausira Ornirio (70 anos);Guarani Kaiowá ;Pai-Tavyterã;Aldeia Kambiy -MS;2019.12;2006;Tonico Benites ;Tonico Benites;Doação;2020.01.21;2021.04.26;Física - Museu Nacional ;Reserva Técnica;Enviada para tratamento de anóxia no dia 24 de janeiro de 2020, retornou dia 10 de fevereiro de 2021. Recebido no Colégio Pedro II - Campus Tijuca. ;;;Catalogação participativa realizada com o Prof.Dr. Tonico Benites emjaneiro de 2020. Aconteceu no Hosto Botânico do Museu Nacinal/UFRJ. Além do Tonico, estavam presentes Paula de Aguiar, Renata Valente e Vinicius Santos.;Sempre é utilizado em conjunto  com outro Jeasa-há que se cruzam no peito. Os Jeasa-há enfeitados são de utilização feminina. 
MN 003-68.jpg;MNSEE.003.0030;MNSEE.003.0030;Cordão ;003. Guarani-Kaiowá – Tekoha em litígio;Cordão feito com sementes, cabaça e aglomerados de lã em vermelho, branco e verde. ;MN 003-68;Coleção Guarani Kaiowá - Tekohá em litígio - 2020.;Cordão/ Jesaha. Cordão feito com sementes, cabaça e aglomerados de lã. Artesã Ausira Ornirio. Aldeira Camby - Mato Grosso do Sul, Brasil. Dimensões: A- 80cm. Acervo do Setor de Etnologia e Etnografia, Museu Nacional/UFRJ. Coleção Guarani Kaiowá - Tekohá em litígio, doada em 2020.;Aldeia Camby | Colar | Etnologia | Jesaha | MNSEE.003.0030 | MS | Mato Grosso do Sul | Tonico Benites | indígena brasileiro;Projeto de Reconstrução do Setor de Etnologia e Etnografia do Museu Nacional/ UFRJ.;;;;2021-05-20T13:39:38.50;2022-11-05T19:09:52-03:00;2022-11-05T19:09:52-03:00;NIKON CORPORATION;NIKON D800;3038633;60.0 mm f/2.8;;DSC_0509.NEF;MN 003-68.dng;JPEG;.jpg;4743;6925;vertical;0.6849;32.85;RGB;1;300.0;300.0;6956965;6793.91;6.63;2022-11-05 22:09:55.596934080;Jeha-saha;Sementes || Lã;;Proteção ;2;;A- 80cm;;;;Ausira Ornirio (70 anos);Guarani Kaiowá ;Pai-Tavyterã;Aldeia Kambiy -MS;2019.12;2006;Tonico Benites ;Tonico Benites;Doação;2020.01.21;2021.04.26;Física - Museu Nacional ;Reserva Técnica;Enviada para tratamento de anóxia no dia 24 de janeiro de 2020, retornou dia 10 de fevereiro de 2021. Recebido no Colégio Pedro II - Campus Tijuca. ;;;Catalogação participativa realizada com o Prof.Dr. Tonico Benites emjaneiro de 2020. Aconteceu no Hosto Botânico do Museu Nacinal/UFRJ. Além do Tonico, estavam presentes Paula de Aguiar, Renata Valente e Vinicius Santos.;Sempre é utilizado em conjunto  com outro Jeasa-há que se cruzam no peito. Os Jeasa-há enfeitados são de utilização feminina. 
MN 003-75.jpg;MNSEE.003.0031;MNSEE.003.0031;Cordão ;003. Guarani-Kaiowá – Tekoha em litígio;Cordão feito com sementes numa tonalidade cinza. ;MN 003-75;Coleção Guarani Kaiowá - Tekohá em litígio - 2020.;Cordão/ Jesaha. Cordão feito com sementes. Artesão Ezequiel. Aldeira Camby - Mato Grosso do Sul, Brasil. Dimensões: A-80cm. Acervo do Setor de Etnologia e Etnografia, Museu Nacional/UFRJ. Coleção Guarani Kaiowá - Tekohá em litígio, doada em 2020.;Aldeia Camby | Colar | Etnologia | Jesaha | MNSEE.003.0031 | MS | Mato Grosso do Sul | Tonico Benites | indígena brasileiro;Projeto de Reconstrução do Setor de Etnologia e Etnografia do Museu Nacional/ UFRJ.;;;;2021-05-20T13:47:19.90;2022-11-05T19:10:23-03:00;2022-11-05T19:10:23-03:00;NIKON CORPORATION;NIKON D800;3038633;60.0 mm f/2.8;;DSC_0517.NEF;MN 003-75.dng;JPEG;.jpg;4615;6888;vertical;0.67;31.79;RGB;1;300.0;300.0;7158894;6991.11;6.83;2022-11-05 22:10:27.619318485;Jeha-saha;Sementes || Lã;;Proteção ;2;;A-80cm;;;;Ezequiel;Guarani Kaiowá ;Pai-Tavyterã;Aldeia Kambiy -MS;2019.12;2006;Tonico Benites ;Tonico Benites;Doação;2020.01.21;2021.04.26;Física - Museu Nacional ;Reserva Técnica;Enviada para tratamento de anóxia no dia 24 de janeiro de 2020, retornou dia 10 de fevereiro de 2021. Recebido no Colégio Pedro II - Campus Tijuca. ;;;Catalogação participativa realizada com o Prof.Dr. Tonico Benites emjaneiro de 2020. Aconteceu no Hosto Botânico do Museu Nacinal/UFRJ. Além do Tonico, estavam presentes Paula de Aguiar, Renata Valente e Vinicius Santos.;Sempre é utilizado em conjunto  com outro Jeasa-há que se cruzam no peito. Os Jeasa-há só com sementes é de utilização masculina.
MN 003-69.jpg;MNSEE.003.0032;MNSEE.003.0032;Cordão ;003. Guarani-Kaiowá – Tekoha em litígio;Cordão feito com sementes e aglomerados de lã em vermelho, branco e verde. ;MN 003-69;Coleção Guarani Kaiowá - Tekohá em litígio - 2020.;Cordão/ Jesaha. Cordão feito com sementes e aglomerados de lã. Artesã Ausira Ornirio. Aldeira Camby - Mato Grosso do Sul, Brasil. Dimensões: A-80cm. Acervo do Setor de Etnologia e Etnografia, Museu Nacional/UFRJ. Coleção Guarani Kaiowá - Tekohá em litígio, doada em 2020.;Aldeia Camby | Colar | Etnologia | Jesaha | MNSEE.003.0032 | MS | Mato Grosso do Sul | Tonico Benites | indígena brasileiro;Projeto de Reconstrução do Setor de Etnologia e Etnografia do Museu Nacional/ UFRJ.;;;;2021-05-20T13:42:40.80;2022-11-05T19:09:57-03:00;2022-11-05T19:09:57-03:00;NIKON CORPORATION;NIKON D800;3038633;60.0 mm f/2.8;;DSC_0510.NEF;MN 003-69.dng;JPEG;.jpg;4908;7108;vertical;0.6905;34.89;RGB;1;300.0;300.0;15965991;15591.79;15.23;2022-11-05 22:10:00.006145477;Jeha-saha;Sementes || Lã;;Proteção ;2;;A-80cm;;;;Ausira Ornirio (70 anos);Guarani Kaiowá ;Pai-Tavyterã;Aldeia Kambiy -MS;2019.12;2006;Tonico Benites ;Tonico Benites;Doação;2020.01.21;2021.04.26;Física - Museu Nacional ;Reserva Técnica;Enviada para tratamento de anóxia no dia 24 de janeiro de 2020, retornou dia 10 de fevereiro de 2021. Recebido no Colégio Pedro II - Campus Tijuca. ;;;Catalogação participativa realizada com o Prof.Dr. Tonico Benites emjaneiro de 2020. Aconteceu no Hosto Botânico do Museu Nacinal/UFRJ. Além do Tonico, estavam presentes Paula de Aguiar, Renata Valente e Vinicius Santos.;Sempre é utilizado em conjunto com outro Jeasa-há que se cruzam no peito. Os Jeasa-há enfeitados são de utilização feminina. 
MN 003-70.jpg;MNSEE.003.0032;MNSEE.003.0032;Cordão ;003. Guarani-Kaiowá – Tekoha em litígio;Cordão feito com sementes e aglomerados de lã em vermelho, branco e verde. ;MN 003-70;Coleção Guarani Kaiowá - Tekohá em litígio - 2020.;Cordão/ Jesaha. Cordão feito com sementes e aglomerados de lã. Artesã Ausira Ornirio. Aldeira Camby - Mato Grosso do Sul, Brasil. Dimensões: A-80cm. Acervo do Setor de Etnologia e Etnografia, Museu Nacional/UFRJ. Coleção Guarani Kaiowá - Tekohá em litígio, doada em 2020.;Aldeia Camby | Colar | Etnologia | Jesaha | MNSEE.003.0032 | MS | Mato Grosso do Sul | Tonico Benites | indígena brasileiro;Projeto de Reconstrução do Setor de Etnologia e Etnografia do Museu Nacional/ UFRJ.;;;;2021-05-20T13:43:31.90;2022-11-05T19:10:02-03:00;2022-11-05T19:10:02-03:00;NIKON CORPORATION;NIKON D800;3038633;60.0 mm f/2.8;;DSC_0511.NEF;MN 003-70.dng;JPEG;.jpg;4908;7108;vertical;0.6905;34.89;RGB;1;300.0;300.0;16210942;15831.0;15.46;2022-11-05 22:10:05.070605516;Jeha-saha;Sementes || Lã;;Proteção ;2;;A-80cm;;;;Ausira Ornirio (70 anos);Guarani Kaiowá ;Pai-Tavyterã;Aldeia Kambiy -MS;2019.12;2006;Tonico Benites ;Tonico Benites;Doação;2020.01.21;2021.04.26;Física - Museu Nacional ;Reserva Técnica;Enviada para tratamento de anóxia no dia 24 de janeiro de 2020, retornou dia 10 de fevereiro de 2021. Recebido no Colégio Pedro II - Campus Tijuca. ;;;Catalogação participativa realizada com o Prof.Dr. Tonico Benites emjaneiro de 2020. Aconteceu no Hosto Botânico do Museu Nacinal/UFRJ. Além do Tonico, estavam presentes Paula de Aguiar, Renata Valente e Vinicius Santos.;Sempre é utilizado em conjunto com outro Jeasa-há que se cruzam no peito. Os Jeasa-há enfeitados são de utilização feminina. 
MN 003-71.jpg;MNSEE.003.0033;MNSEE.003.0033;Cordão ;003. Guarani-Kaiowá – Tekoha em litígio;Cordão feito com sementes, cabaça e aglomerados de lã em vermelho, branco e verde. ;MN 003-71;Coleção Guarani Kaiowá - Tekohá em litígio - 2020.;Cordão/ Jesaha. Cordão feito com sementes, cabaça e aglomerados de lã. Artesã Ausira Ornirio. Aldeira Camby - Mato Grosso do Sul, Brasil. Dimensões: A-80cm. Acervo do Setor de Etnologia e Etnografia, Museu Nacional/UFRJ. Coleção Guarani Kaiowá - Tekohá em litígio, doada em 2020.;Aldeia Camby | Colar | Etnologia | Jesaha | MNSEE.003.0033 | MS | Mato Grosso do Sul | Tonico Benites | indígena brasileiro;Projeto de Reconstrução do Setor de Etnologia e Etnografia do Museu Nacional/ UFRJ.;;;;2021-05-20T13:45:33.30;2022-11-05T19:10:06-03:00;2022-11-05T19:10:06-03:00;NIKON CORPORATION;NIKON D800;3038633;60.0 mm f/2.8;;DSC_0513.NEF;MN 003-71.dng;JPEG;.jpg;4707;6962;vertical;0.6761;32.77;RGB;1;300.0;300.0;7230591;7061.12;6.9;2022-11-05 22:10:09.082877159;Jeha-saha;Sementes || Lã;;Proteção ;1;;A-80cm;;;;Ausira Ornirio (70 anos);Guarani Kaiowá ;Pai-Tavyterã;Aldeia Kambiy -MS;2019.12;2006;Tonico Benites ;Tonico Benites;Doação;2020.01.21;2021.04.26;Física - Museu Nacional ;Reserva Técnica;Enviada para tratamento de anóxia no dia 24 de janeiro de 2020, retornou dia 10 de fevereiro de 2021. Recebido no Colégio Pedro II - Campus Tijuca. ;;;Catalogação participativa realizada com o Prof.Dr. Tonico Benites emjaneiro de 2020. Aconteceu no Hosto Botânico do Museu Nacinal/UFRJ. Além do Tonico, estavam presentes Paula de Aguiar, Renata Valente e Vinicius Santos.;Sempre é utilizado em conjunto com outro Jeasa-há que se cruzam no peito. Os Jeasa-há enfeitados são de utilização feminina. 
MN 003-72.jpg;MNSEE.003.0033;MNSEE.003.0033;Cordão ;003. Guarani-Kaiowá – Tekoha em litígio;Cordão feito com sementes, cabaça e aglomerados de lã em vermelho, branco e verde. ;MN 003-72;Coleção Guarani Kaiowá - Tekohá em litígio - 2020.;Cordão/ Jesaha. Cordão feito com sementes, cabaça e aglomerados de lã. Artesã Ausira Ornirio. Aldeira Camby - Mato Grosso do Sul, Brasil. Dimensões: A-80cm. Acervo do Setor de Etnologia e Etnografia, Museu Nacional/UFRJ. Coleção Guarani Kaiowá - Tekohá em litígio, doada em 2020.;Aldeia Camby | Colar | Etnologia | Jesaha | MNSEE.003.0033 | MS | Mato Grosso do Sul | Tonico Benites | indígena brasileiro;Projeto de Reconstrução do Setor de Etnologia e Etnografia do Museu Nacional/ UFRJ.;;;;2021-05-20T13:46:05.00;2022-11-05T19:10:10-03:00;2022-11-05T19:10:10-03:00;NIKON CORPORATION;NIKON D800;3038633;60.0 mm f/2.8;;DSC_0514.NEF;MN 003-72.dng;JPEG;.jpg;4560;6962;vertical;0.655;31.75;RGB;1;300.0;300.0;7044816;6879.7;6.72;2022-11-05 22:10:12.697215796;Jeha-saha;Sementes || Lã;;Proteção ;1;;A-80cm;;;;Ausira Ornirio (70 anos);Guarani Kaiowá ;Pai-Tavyterã;Aldeia Kambiy -MS;2019.12;2006;Tonico Benites ;Tonico Benites;Doação;2020.01.21;2021.04.26;Física - Museu Nacional ;Reserva Técnica;Enviada para tratamento de anóxia no dia 24 de janeiro de 2020, retornou dia 10 de fevereiro de 2021. Recebido no Colégio Pedro II - Campus Tijuca. ;;;Catalogação participativa realizada com o Prof.Dr. Tonico Benites emjaneiro de 2020. Aconteceu no Hosto Botânico do Museu Nacinal/UFRJ. Além do Tonico, estavam presentes Paula de Aguiar, Renata Valente e Vinicius Santos.;Sempre é utilizado em conjunto com outro Jeasa-há que se cruzam no peito. Os Jeasa-há enfeitados são de utilização feminina. 
MN 003-78.jpg;MNSEE.003.0034;MNSEE.003.0034;Arco de boca;003. Guarani-Kaiowá – Tekoha em litígio;Feito de cedro e fibra de caraguatá, guembe pi. Decorado com ferro queimado. Instrumento de corda única, composto por dois arcos que se cruzam. Instrumento representa um casal apaixonado e os arcos o homem e uma mulher. ;MN 003-78;Coleção Guarani Kaiowá - Tekohá em litígio - 2020.;"Arco musical/ Guirá-paï. Arco musical. Artesão João Souza. Aldeia Kurusu-Amba (Jguapiré) - Mato Grosso do Sul, Brasil. Dimensões: A-31cm; L-9cm. Acervo do Setor de Etnologia e Etnografia, Museu Nacional/UFRJ. Coleção Guarani Kaiowá - Tekohá em litígio, doada em 2020.";Aldeia Jaguapiré | Arco | Etnologia | Guarani Kaiowá | Guirá-paï | MNSEE.003.0034 | MS | Mato Grosso do Sul | Tonico Benites | indígena brasileiro;Projeto de Reconstrução do Setor de Etnologia e Etnografia do Museu Nacional/ UFRJ.;;;;2021-04-28T12:09:05.85-03:00;2022-11-05T19:10:36-03:00;2022-11-05T19:10:36-03:00;Canon;Canon EOS 5D Mark IV;3,82037E+11;EF24-105mm f/3.5-5.6 IS STM;000002643f;_N5A4904.CR2;MN 003-78.dng;JPEG;.jpg;6157;4234;horizontal;14.542;26.07;RGB;1;300.0;300.0;8654507;8451.67;8.25;2022-11-05 22:10:37.537808180;Yvyra-pa'i;Madeira ;Talhado ;Religioso;1;;"A-31cm; L-9cm";;;;João de Souza ;Guarani Kaiowá ;Pai-Tavyterã;Aldeia Kurusu-Amba (Jaguapiré) -MS;2019.12;;Tonico Benites ;Tonico Benites;Doação;2020.01.21;2021.04.26;Física - Museu Nacional ;Reserva Técnica;Enviada para tratamento de anóxia no dia 24 de janeiro de 2020, retornou dia 10 de fevereiro de 2021. Recebido no Colégio Pedro II - Campus Tijuca. ;;;Catalogação participativa realizada com o Prof.Dr. Tonico Benites emjaneiro de 2020. Aconteceu no Hosto Botânico do Museu Nacinal/UFRJ. Além do Tonico, estavam presentes Paula de Aguiar, Renata Valente e Vinicius Santos.;Tiram o caraguatá da florestam molham e torneiam (dão forma). A forma de usar é com a acústica da boca. Com os dois arcos esfrega-se os fios. 
MN 003-110.jpg;MNSEE.003.0035;MNSEE.003.0035;Saia;003. Guarani-Kaiowá – Tekoha em litígio;Algodão com detalhes laranja e amarelo. Utilizado em rituais políticos e religiosos. ;MN 003-110;Coleção Guarani Kaiowá - Tekohá em litígio - 2020.;"Saia/ Kuña Kuakaha. Utilizada na Aty Guasu Kuña, Assembléia Geral das Mulheres. Artesã Vanderleia Rocha. Aldeia Rancho Jacará  - Mato Grosso do Sul, Brasil. Dimensões: 38x24cm. Dimensões: A-71cm; L-4cm. Acervo do Setor de Etnologia e Etnografia, Museu Nacional/UFRJ. Coleção Guarani Kaiowá - Tekohá em litígio, doada em 2020.";Aldeia Rancho Jacaré | Etnologia | Kuña Kuakaha | MNSEE.003.0035 | MS | Mato Grosso do Sul | Saia | Tonico Benites | indígena brasileiro;Projeto de Reconstrução do Setor de Etnologia e Etnografia do Museu Nacional/ UFRJ.;;;;2021-04-29T10:41:17.00-03:00;2022-11-05T19:12:27-03:00;2022-11-05T19:12:27-03:00;Canon;Canon EOS 5D Mark IV;3,82037E+11;EF24-105mm f/3.5-5.6 IS STM;000002643f;_N5A5033.CR2;;JPEG;.jpg;5417;4480;horizontal;12.092;24.27;RGB;1;300.0;300.0;10551404;10304.11;10.06;2022-11-05 22:12:28.543030500;Kuña Ku'akuaha;Tecelagem || Plumárias;Costura ;Vestuário || Político;1;;"A-38cm; L-24cm";;;;Vanderleia Rocha ;Guarani Kaiowá ;Pai-Tavyterã;Aldeia Rancho Jacará - MS;2019.12;2014;Tonico Benites ;Tonico Benites;Doação;2020.01.21;2021.04.26;Física - Museu Nacional ;Reserva Técnica;Enviada para tratamento de anóxia no dia 24 de janeiro de 2020, retornou dia 10 de fevereiro de 2021. Recebido no Colégio Pedro II - Campus Tijuca. ;;;Catalogação participativa realizada com o Prof.Dr. Tonico Benites emjaneiro de 2020. Aconteceu no Hosto Botânico do Museu Nacinal/UFRJ. Além do Tonico, estavam presentes Paula de Aguiar, Renata Valente e Vinicius Santos.;Utilizado na Aty Guasu Kuña, Assembleia Geral das Mulheres. 
MN 003-111.jpg;MNSEE.003.0035;MNSEE.003.0035;Saia;003. Guarani-Kaiowá – Tekoha em litígio;Algodão com detalhes laranja e amarelo. Utilizado em rituais políticos e religiosos. ;MN 003-111;Coleção Guarani Kaiowá - Tekohá em litígio - 2020.;"Saia/ Kuña Kuakaha. Utilizada na Aty Guasu Kuña, Assembléia Geral das Mulheres. Artesã Vanderleia Rocha. Aldeia Rancho Jacará  - Mato Grosso do Sul, Brasil. Dimensões: 38x24cm. Dimensões: A-71cm; L-4cm. Acervo do Setor de Etnologia e Etnografia, Museu Nacional/UFRJ. Coleção Guarani Kaiowá - Tekohá em litígio, doada em 2020.";Aldeia Rancho Jacaré | Etnologia | Kuña Kuakaha | MNSEE.003.0035 | MS | Mato Grosso do Sul | Saia | Tonico Benites | indígena brasileiro;Projeto de Reconstrução do Setor de Etnologia e Etnografia do Museu Nacional/ UFRJ.;;;;2021-04-29T10:44:09.42-03:00;2022-11-05T19:12:34-03:00;2022-11-05T19:12:34-03:00;Canon;Canon EOS 5D Mark IV;3,82037E+11;EF24-105mm f/3.5-5.6 IS STM;000002643f;_N5A5035.CR2;;JPEG;.jpg;5417;4480;horizontal;12.092;24.27;RGB;1;300.0;300.0;11327337;11061.85;10.8;2022-11-05 22:12:35.870440483;Kuña Ku'akuaha;Tecelagem || Plumárias;Costura ;Vestuário || Político;1;;"A-38cm; L-24cm";;;;Vanderleia Rocha ;Guarani Kaiowá ;Pai-Tavyterã;Aldeia Rancho Jacará - MS;2019.12;2014;Tonico Benites ;Tonico Benites;Doação;2020.01.21;2021.04.26;Física - Museu Nacional ;Reserva Técnica;Enviada para tratamento de anóxia no dia 24 de janeiro de 2020, retornou dia 10 de fevereiro de 2021. Recebido no Colégio Pedro II - Campus Tijuca. ;;;Catalogação participativa realizada com o Prof.Dr. Tonico Benites emjaneiro de 2020. Aconteceu no Hosto Botânico do Museu Nacinal/UFRJ. Além do Tonico, estavam presentes Paula de Aguiar, Renata Valente e Vinicius Santos.;Utilizado na Aty Guasu Kuña, Assembleia Geral das Mulheres. 
