nome_arquivo;nome_sem_extensao;codigo_acervo;titulo_colecao;descricao;palavras_chave;criador_fotografo;funcao_autor;redator_legenda;credito;direitos_autorais;declaracao_web;projeto;cidade;estado;pais;data_criacao;data_modificacao_xmp;data_metadados_xmp;software_criacao;fabricante_camera;modelo_camera;numero_serie_camera;lente;numero_serie_lente;arquivo_original;arquivo_raw;formato;extensao;largura_pixels;altura_pixels;orientacao_imagem;proporcao;megapixels;modo_cor;quantidade_frames;resolucao_x;resolucao_y;unidade_resolucao;orientacao_exif;tempo_exposicao;abertura;iso;distancia_focal;flash;gps;tamanho_bytes;tamanho_kb;tamanho_mb;data_modificacao_arquivo;pasta_relativa;caminho_completo;possui_exif;possui_xmp;erro_exif;erro_xmp;erro_leitura
MN 003-33.jpg;MN 003-33;MNSEE.003.0012;Coleção Guarani Kaiowá - Tekohá em litígio - 2020.;"Maracá/ Mbaraká. Instrumento musical e ritualístico. Artesã Micaela Vargas. Aldeia Kurusu-Amba (Jguapiré) - Mato Grosso do Sul, Brasil. Dimensões: A-34cm; L-9cm. Acervo do Setor de Etnologia e Etnografia, Museu Nacional/UFRJ. Coleção Guarani Kaiowá - Tekohá em litígio, doada em 2020.";Aldeia Jaguapiré | Etnologia | Guarani Kaiowá | MS | Maracá | Mato Grosso do Sul | Tonico Benites | cabaça | indígena brasileiro;Francisco Moreira da Costa;fotógrafo;Paula Aguiar;Francisco Moreira da Costa - Acervo Etnologia- MN - UFRJ;Francisco Moreira da Costa - Acervo Etnologia- MN - UFRJ;see@mn.ufrj.br;Projeto de Reconstrução do Setor de Etnologia e Etnografia do Museu Nacional/ UFRJ.;;;;2021-05-20T10:44:20.00;2022-11-05T21:33:03-03:00;2022-11-05T21:33:03-03:00;Adobe Photoshop Lightroom Classic 11.5 (Windows);NIKON CORPORATION;NIKON D800;3038633;60.0 mm f/2.8;;DSC_0460.NEF;MN 003-33.dng;JPEG;.jpg;3717;7126;vertical;0.5216;26.49;RGB;1;300.0;300.0;2;;;;;;;;6587720;6433.32;6.28;2022-11-06 00:33:04.799099684;.;C:\Users\Gustavo\Documents\Projetos Mestrado\Projeto A Queda do Céu\MN_003\MN 003-33.jpg;True;True;;;
MN 003-34.jpg;MN 003-34;MNSEE.003.0012;Coleção Guarani Kaiowá - Tekohá em litígio - 2020.;"Maracá/ Mbaraká. Instrumento musical e ritualístico. Artesã Micaela Vargas. Aldeia Kurusu-Amba (Jguapiré) - Mato Grosso do Sul, Brasil. Dimensões: A-34cm; L-9cm. Acervo do Setor de Etnologia e Etnografia, Museu Nacional/UFRJ. Coleção Guarani Kaiowá - Tekohá em litígio, doada em 2020.";Aldeia Jaguapiré | Etnologia | Guarani Kaiowá | MS | Maracá | Mato Grosso do Sul | Tonico Benites | cabaça | indígena brasileiro;Francisco Moreira da Costa;fotógrafo;Paula Aguiar;Francisco Moreira da Costa - Acervo Etnologia- MN - UFRJ;Francisco Moreira da Costa - Acervo Etnologia- MN - UFRJ;see@mn.ufrj.br;Projeto de Reconstrução do Setor de Etnologia e Etnografia do Museu Nacional/ UFRJ.;;;;2021-05-20T10:53:28.70;2022-11-05T21:33:04-03:00;2022-11-05T21:33:04-03:00;Adobe Photoshop Lightroom Classic 11.5 (Windows);NIKON CORPORATION;NIKON D800;3038633;60.0 mm f/2.8;;DSC_0462.NEF;MN 003-34.dng;JPEG;.jpg;3717;7126;vertical;0.5216;26.49;RGB;1;300.0;300.0;2;;;;;;;;6460729;6309.31;6.16;2022-11-06 00:33:05.080347776;.;C:\Users\Gustavo\Documents\Projetos Mestrado\Projeto A Queda do Céu\MN_003\MN 003-34.jpg;True;True;;;
MN 003-83.jpg;MN 003-83;MNSEE.003.0001;Coleção Guarani Kaiowá - Tekohá em litígio - 2020.;"Peneira/ Yrupẽ. A peneira possui uma separação em cruz no centro, ela ajuda na delimitação de quadrantes e na divisão entre grãos mais finos. Artesã Micaela Vargas. Aldeia Kurusu-Amba (Jguapiré) -  Mato Grosso do Sul, Brasil. Dimensões: A-16cm; D-45cm. Acervo do Setor de Etnologia e Etnografia, Museu Nacional/UFRJ. Coleção Guarani Kaiowá - Tekohá em litígio, doada em 2020.";Aldeia Jaguapiré | Etnologia | Guarani Kaiowá | MNSEE.003.0001 | MS | Mato Grosso do Sul | Peneira | Taquara | Tonico Benites | Yrupẽ | indígena brasileiro;Francisco Moreira da Costa;fotógrafo;Paula Aguiar;Francisco Moreira da Costa - Acervo Etnologia- MN - UFRJ;Francisco Moreira da Costa - Acervo Etnologia- MN - UFRJ;see@mn.ufrj.br;Projeto de Reconstrução do Setor de Etnologia e Etnografia do Museu Nacional/ UFRJ.;;;;2021-04-28T10:25:07.20-03:00;2022-11-05T19:10:58-03:00;2022-11-05T19:10:58-03:00;Adobe Photoshop Lightroom Classic 11.5 (Windows);Canon;Canon EOS 5D Mark IV;382037002395;EF24-105mm f/3.5-5.6 IS STM;000002643f;_N5A4849.CR2;MN 003-83.dng;JPEG;.jpg;4480;5735;vertical;0.7812;25.69;RGB;1;300.0;300.0;2;;;;;;;;12609068;12313.54;12.02;2022-11-05 22:11:00.252080917;.;C:\Users\Gustavo\Documents\Projetos Mestrado\Projeto A Queda do Céu\MN_003\MN 003-83.jpg;True;True;;;
MN 003-84.jpg;MN 003-84;MNSEE.003.0001;Coleção Guarani Kaiowá - Tekohá em litígio - 2020.;"Peneira/ Yrupẽ. A peneira possui uma separação em cruz no centro, ela ajuda na delimitação de quadrantes e na divisão entre grãos mais finos. Artesã Micaela Vargas. Aldeia Kurusu-Amba (Jguapiré) -  Mato Grosso do Sul, Brasil. Dimensões: A-16cm; D-45cm. Acervo do Setor de Etnologia e Etnografia, Museu Nacional/UFRJ. Coleção Guarani Kaiowá - Tekohá em litígio, doada em 2020.";Aldeia Jaguapiré | Etnologia | Guarani Kaiowá | MNSEE.003.0001 | MS | Mato Grosso do Sul | Peneira | Taquara | Tonico Benites | Yrupẽ | indígena brasileiro;Francisco Moreira da Costa;fotógrafo;Paula Aguiar;Francisco Moreira da Costa - Acervo Etnologia- MN - UFRJ;Francisco Moreira da Costa - Acervo Etnologia- MN - UFRJ;see@mn.ufrj.br;Projeto de Reconstrução do Setor de Etnologia e Etnografia do Museu Nacional/ UFRJ.;;;;2021-04-28T10:25:51.99-03:00;2022-11-05T19:11:00-03:00;2022-11-05T19:11-03:00;Adobe Photoshop Lightroom Classic 11.5 (Windows);Canon;Canon EOS 5D Mark IV;382037002395;EF24-105mm f/3.5-5.6 IS STM;000002643f;_N5A4850.CR2;MN 003-84.dng;JPEG;.jpg;4480;4865;vertical;0.9209;21.8;RGB;1;300.0;300.0;2;;;;;;;;11771687;11495.79;11.23;2022-11-05 22:11:03.218151093;.;C:\Users\Gustavo\Documents\Projetos Mestrado\Projeto A Queda do Céu\MN_003\MN 003-84.jpg;True;True;;;
MN 003-85.jpg;MN 003-85;MNSEE.003.0001;Coleção Guarani Kaiowá - Tekohá em litígio - 2020.;"Peneira/ Yrupẽ. A peneira possui uma separação em cruz no centro, ela ajuda na delimitação de quadrantes e na divisão entre grãos mais finos. Artesã Micaela Vargas. Aldeia Kurusu-Amba (Jguapiré) -  Mato Grosso do Sul, Brasil. Dimensões: A-16cm; D-45cm. Acervo do Setor de Etnologia e Etnografia, Museu Nacional/UFRJ. Coleção Guarani Kaiowá - Tekohá em litígio, doada em 2020.";Aldeia Jaguapiré | Etnologia | Guarani Kaiowá | MNSEE.003.0001 | MS | Mato Grosso do Sul | Peneira | Taquara | Tonico Benites | Yrupẽ | indígena brasileiro;Francisco Moreira da Costa;fotógrafo;Paula Aguiar;Francisco Moreira da Costa - Acervo Etnologia- MN - UFRJ;Francisco Moreira da Costa - Acervo Etnologia- MN - UFRJ;see@mn.ufrj.br;Projeto de Reconstrução do Setor de Etnologia e Etnografia do Museu Nacional/ UFRJ.;;;;2021-04-28T10:27:33.57-03:00;2022-11-05T19:11:03-03:00;2022-11-05T19:11:03-03:00;Adobe Photoshop Lightroom Classic 11.5 (Windows);Canon;Canon EOS 5D Mark IV;382037002395;EF24-105mm f/3.5-5.6 IS STM;000002643f;_N5A4852.CR2;MN 003-85.dng;JPEG;.jpg;3978;4865;vertical;0.8177;19.35;RGB;1;300.0;300.0;2;;;;;;;;4827588;4714.44;4.6;2022-11-05 22:11:05.684556484;.;C:\Users\Gustavo\Documents\Projetos Mestrado\Projeto A Queda do Céu\MN_003\MN 003-85.jpg;True;True;;;
MN 003-86.jpg;MN 003-86;MNSEE.003.0001;Coleção Guarani Kaiowá - Tekohá em litígio - 2020.;"Peneira/ Yrupẽ. A peneira possui uma separação em cruz no centro, ela ajuda na delimitação de quadrantes e na divisão entre grãos mais finos. Artesã Micaela Vargas. Aldeia Kurusu-Amba (Jguapiré) -  Mato Grosso do Sul, Brasil. Dimensões: A-16cm; D-45cm. Acervo do Setor de Etnologia e Etnografia, Museu Nacional/UFRJ. Coleção Guarani Kaiowá - Tekohá em litígio, doada em 2020.";Aldeia Jaguapiré | Etnologia | Guarani Kaiowá | MNSEE.003.0001 | MS | Mato Grosso do Sul | Peneira | Taquara | Tonico Benites | Yrupẽ | indígena brasileiro;Francisco Moreira da Costa;fotógrafo;Paula Aguiar;Francisco Moreira da Costa - Acervo Etnologia- MN - UFRJ;Francisco Moreira da Costa - Acervo Etnologia- MN - UFRJ;see@mn.ufrj.br;Projeto de Reconstrução do Setor de Etnologia e Etnografia do Museu Nacional/ UFRJ.;;;;2021-04-28T10:30:41.00-03:00;2022-11-05T19:11:06-03:00;2022-11-05T19:11:06-03:00;Adobe Photoshop Lightroom Classic 11.5 (Windows);Canon;Canon EOS 5D Mark IV;382037002395;EF24-105mm f/3.5-5.6 IS STM;000002643f;_N5A4854.CR2;MN 003-86.dng;JPEG;.jpg;4480;4999;vertical;0.8962;22.4;RGB;1;300.0;300.0;2;;;;;;;;11450340;11181.97;10.92;2022-11-05 22:11:08.346441507;.;C:\Users\Gustavo\Documents\Projetos Mestrado\Projeto A Queda do Céu\MN_003\MN 003-86.jpg;True;True;;;
MN 003-87.jpg;MN 003-87;MNSEE.003.0001;Coleção Guarani Kaiowá - Tekohá em litígio - 2020.;"Peneira/ Yrupẽ. A peneira possui uma separação em cruz no centro, ela ajuda na delimitação de quadrantes e na divisão entre grãos mais finos. Artesã Micaela Vargas. Aldeia Kurusu-Amba (Jguapiré) -  Mato Grosso do Sul, Brasil. Dimensões: A-16cm; D-45cm. Acervo do Setor de Etnologia e Etnografia, Museu Nacional/UFRJ. Coleção Guarani Kaiowá - Tekohá em litígio, doada em 2020.";Aldeia Jaguapiré | Etnologia | Guarani Kaiowá | MNSEE.003.0001 | MS | Mato Grosso do Sul | Peneira | Taquara | Tonico Benites | Yrupẽ | indígena brasileiro;Francisco Moreira da Costa;fotógrafo;Paula Aguiar;Francisco Moreira da Costa - Acervo Etnologia- MN - UFRJ;Francisco Moreira da Costa - Acervo Etnologia- MN - UFRJ;see@mn.ufrj.br;Projeto de Reconstrução do Setor de Etnologia e Etnografia do Museu Nacional/ UFRJ.;;;;2021-04-28T10:33:21.55-03:00;2022-11-05T19:11:19-03:00;2022-11-05T19:11:19-03:00;Adobe Photoshop Lightroom Classic 11.5 (Windows);Canon;Canon EOS 5D Mark IV;382037002395;EF24-105mm f/3.5-5.6 IS STM;000002643f;_N5A4858.CR2;MN 003-87.dng;JPEG;.jpg;6392;4175;horizontal;1.531;26.69;RGB;1;300.0;300.0;2;;;;;;;;10180732;9942.12;9.71;2022-11-05 22:11:21.989963770;.;C:\Users\Gustavo\Documents\Projetos Mestrado\Projeto A Queda do Céu\MN_003\MN 003-87.jpg;True;True;;;
MN 003-88.jpg;MN 003-88;MNSEE.003.0002;Coleção Guarani Kaiowá - Tekohá em litígio - 2020.;"Abanador/Tepeká feito com fibras vegetais trançadas. Artesã Micaela Vargas, Aldeia Kurusu-Amba (Jguapiré) - Mato Grosso do Sul, Brasil. Dimensões: A-23cm; L-40cm. Acervo do Setor de Etnologia e Etnografia, Museu Nacional/UFRJ. Coleção Guarani Kaiowá - Tekohá em litígio, doada em 2020.";Aldeia Kurusu-Amba (Jguapiré) | Etnologia | Guarani Kaiowá | MNSEE.003.0002 | MS | Mato Grosso do Sul | Tepeká | Tonico Benites | indígena brasileiro;Francisco Moreira da Costa;fotógrafo;Paula Aguiar;Francisco Moreira da Costa - Acervo Etnologia- MN - UFRJ;Francisco Moreira da Costa - Acervo Etnologia- MN - UFRJ;see@mn.ufrj.br;Projeto de Reconstrução do Setor de Etnologia e Etnografia do Museu Nacional/ UFRJ.;;;;2021-04-28T10:40:03.00-03:00;2022-11-05T19:11:13-03:00;2022-11-05T19:11:13-03:00;Adobe Photoshop Lightroom Classic 11.5 (Windows);Canon;Canon EOS 5D Mark IV;382037002395;EF24-105mm f/3.5-5.6 IS STM;000002643f;_N5A4859.CR2;MN 003-88.dng;JPEG;.jpg;5417;4480;horizontal;1.2092;24.27;RGB;1;300.0;300.0;2;;;;;;;;8130741;7940.18;7.75;2022-11-05 22:11:14.418206692;.;C:\Users\Gustavo\Documents\Projetos Mestrado\Projeto A Queda do Céu\MN_003\MN 003-88.jpg;True;True;;;
MN 003-89.jpg;MN 003-89;MNSEE.003.0002;Coleção Guarani Kaiowá - Tekohá em litígio - 2020.;"Abanador/Tepeká feito com fibras vegetais trançadas. Artesã Micaela Vargas, Aldeia Kurusu-Amba (Jguapiré) - Mato Grosso do Sul, Brasil. Dimensões: A-23cm; L-40cm. Acervo do Setor de Etnologia e Etnografia, Museu Nacional/UFRJ. Coleção Guarani Kaiowá - Tekohá em litígio, doada em 2020.";Aldeia Kurusu-Amba (Jguapiré) | Etnologia | Guarani Kaiowá | MNSEE.003.0002 | MS | Mato Grosso do Sul | Tepeká | Tonico Benites | indígena brasileiro;Francisco Moreira da Costa;fotógrafo;Paula Aguiar;Francisco Moreira da Costa - Acervo Etnologia- MN - UFRJ;Francisco Moreira da Costa - Acervo Etnologia- MN - UFRJ;see@mn.ufrj.br;Projeto de Reconstrução do Setor de Etnologia e Etnografia do Museu Nacional/ UFRJ.;;;;2021-04-28T10:50:31.99-03:00;2022-11-05T19:11:12-03:00;2022-11-05T19:11:12-03:00;Adobe Photoshop Lightroom Classic 11.5 (Windows);Canon;Canon EOS 5D Mark IV;382037002395;EF24-105mm f/3.5-5.6 IS STM;000002643f;_N5A4863.CR2;MN 003-89.dng;JPEG;.jpg;6145;4304;horizontal;1.4277;26.45;RGB;1;300.0;300.0;2;;;;;;;;14081773;13751.73;13.43;2022-11-05 22:11:14.009299994;.;C:\Users\Gustavo\Documents\Projetos Mestrado\Projeto A Queda do Céu\MN_003\MN 003-89.jpg;True;True;;;
MN 003-90.jpg;MN 003-90;MNSEE.003.0002;Coleção Guarani Kaiowá - Tekohá em litígio - 2020.;"Abanador/Tepeká feito com fibras vegetais trançadas. Artesã Micaela Vargas, Aldeia Kurusu-Amba (Jguapiré) - Mato Grosso do Sul, Brasil. Dimensões: A-23cm; L-40cm. Acervo do Setor de Etnologia e Etnografia, Museu Nacional/UFRJ. Coleção Guarani Kaiowá - Tekohá em litígio, doada em 2020.";Aldeia Kurusu-Amba (Jguapiré) | Etnologia | Guarani Kaiowá | MNSEE.003.0002 | MS | Mato Grosso do Sul | Tepeká | Tonico Benites | indígena brasileiro;Francisco Moreira da Costa;fotógrafo;Paula Aguiar;Francisco Moreira da Costa - Acervo Etnologia- MN - UFRJ;Francisco Moreira da Costa - Acervo Etnologia- MN - UFRJ;see@mn.ufrj.br;Projeto de Reconstrução do Setor de Etnologia e Etnografia do Museu Nacional/ UFRJ.;;;;2021-04-28T10:51:01.35-03:00;2022-11-05T19:11:22-03:00;2022-11-05T19:11:22-03:00;Adobe Photoshop Lightroom Classic 11.5 (Windows);Canon;Canon EOS 5D Mark IV;382037002395;EF24-105mm f/3.5-5.6 IS STM;000002643f;_N5A4864.CR2;MN 003-90.dng;JPEG;.jpg;6145;4304;horizontal;1.4277;26.45;RGB;1;300.0;300.0;2;;;;;;;;15241430;14884.21;14.54;2022-11-05 22:11:25.343997478;.;C:\Users\Gustavo\Documents\Projetos Mestrado\Projeto A Queda do Céu\MN_003\MN 003-90.jpg;True;True;;;
MN 003-93.jpg;MN 003-93;MNSEE.003.0003;Coleção Guarani Kaiowá - Tekohá em litígio - 2020.;"Borduna/Yvyra. Arma contundente feita de madeira dura usada para bordoar. Artesão Valdir Mendes. Aldeia Guaiviry - Mato Grosso do Sul, Brasil. Dimensões: A-89cm; D-5cm. Acervo do Setor de Etnologia e Etnografia, Museu Nacional/UFRJ. Coleção Guarani Kaiowá - Tekohá em litígio, doada em 2020.";Aldeia Guaiviry | Borduna | Etnologia | MNSEE.003.0003 | MS | Mato Grosso do Sul | Tonico Benites | Yvyra | indígena brasileiro;Francisco Moreira da Costa;fotógrafo;Paula Aguiar;Francisco Moreira da Costa - Acervo Etnologia- MN - UFRJ;Francisco Moreira da Costa - Acervo Etnologia- MN - UFRJ;see@mn.ufrj.br;Projeto de Reconstrução do Setor de Etnologia e Etnografia do Museu Nacional/ UFRJ.;;;;2021-04-30T14:34:28.90;2022-11-05T19:11:34-03:00;2022-11-05T19:11:34-03:00;Adobe Photoshop Lightroom Classic 11.5 (Windows);NIKON CORPORATION;NIKON D800;3038633;60.0 mm f/2.8;;DSC_8989.NEF;MN 003-93.dng;JPEG;.jpg;3918;7218;vertical;0.5428;28.28;RGB;1;300.0;300.0;2;;;;;;;;5459842;5331.88;5.21;2022-11-05 22:11:36.071319580;.;C:\Users\Gustavo\Documents\Projetos Mestrado\Projeto A Queda do Céu\MN_003\MN 003-93.jpg;True;True;;;
MN 003-94.jpg;MN 003-94;MNSEE.003.0003;Coleção Guarani Kaiowá - Tekohá em litígio - 2020.;"Borduna/Yvyra. Arma contundente feita de madeira dura usada para bordoar. Artesão Valdir Mendes. Aldeia Guaiviry - Mato Grosso do Sul, Brasil. Dimensões: A-89cm; D-5cm. Acervo do Setor de Etnologia e Etnografia, Museu Nacional/UFRJ. Coleção Guarani Kaiowá - Tekohá em litígio, doada em 2020.";Aldeia Guaiviry | Borduna | Etnologia | MNSEE.003.0003 | MS | Mato Grosso do Sul | Tonico Benites | Yvyra | indígena brasileiro;Francisco Moreira da Costa;fotógrafo;Paula Aguiar;Francisco Moreira da Costa - Acervo Etnologia- MN - UFRJ;Francisco Moreira da Costa - Acervo Etnologia- MN - UFRJ;see@mn.ufrj.br;Projeto de Reconstrução do Setor de Etnologia e Etnografia do Museu Nacional/ UFRJ.;;;;2021-04-29T09:42:40.99-03:00;2022-11-05T19:11:44-03:00;2022-11-05T19:11:44-03:00;Adobe Photoshop Lightroom Classic 11.5 (Windows);Canon;Canon EOS 5D Mark IV;382037002395;EF24-105mm f/3.5-5.6 IS STM;000002643f;_N5A5010.CR2;;JPEG;.jpg;3576;6588;vertical;0.5428;23.56;RGB;1;300.0;300.0;2;;;;;;;;2955420;2886.15;2.82;2022-11-05 22:11:45.598844290;.;C:\Users\Gustavo\Documents\Projetos Mestrado\Projeto A Queda do Céu\MN_003\MN 003-94.jpg;True;True;;;
MN 003-95.jpg;MN 003-95;MNSEE.003.0003;Coleção Guarani Kaiowá - Tekohá em litígio - 2020.;"Borduna/Yvyra. Arma contundente feita de madeira dura usada para bordoar. Artesão Valdir Mendes. Aldeia Guaiviry - Mato Grosso do Sul, Brasil. Dimensões: A-89cm; D-5cm. Acervo do Setor de Etnologia e Etnografia, Museu Nacional/UFRJ. Coleção Guarani Kaiowá - Tekohá em litígio, doada em 2020.";Aldeia Guaiviry | Borduna | Etnologia | MNSEE.003.0003 | MS | Mato Grosso do Sul | Tonico Benites | Yvyra | indígena brasileiro;Francisco Moreira da Costa;fotógrafo;Paula Aguiar;Francisco Moreira da Costa - Acervo Etnologia- MN - UFRJ;Francisco Moreira da Costa - Acervo Etnologia- MN - UFRJ;see@mn.ufrj.br;Projeto de Reconstrução do Setor de Etnologia e Etnografia do Museu Nacional/ UFRJ.;;;;2021-04-29T09:43:32.29-03:00;2022-11-05T19:11:33-03:00;2022-11-05T19:11:33-03:00;Adobe Photoshop Lightroom Classic 11.5 (Windows);Canon;Canon EOS 5D Mark IV;382037002395;EF24-105mm f/3.5-5.6 IS STM;000002643f;_N5A5011.CR2;MN 003-95.dng;JPEG;.jpg;3576;6588;vertical;0.5428;23.56;RGB;1;300.0;300.0;2;;;;;;;;3842654;3752.59;3.66;2022-11-05 22:11:35.042069197;.;C:\Users\Gustavo\Documents\Projetos Mestrado\Projeto A Queda do Céu\MN_003\MN 003-95.jpg;True;True;;;
MN 003-96.jpg;MN 003-96;MNSEE.003.0004;Coleção Guarani Kaiowá - Tekohá em litígio - 2020.;"Borduna/Tamangá Poxi. Talhado em secção, instrumento de ataque usado na retomada das terras indígenas Guarani Kaiowá. Artesão Nísio Gomes. Aldeia Guaiviry - Mato Grosso do Sul, Brasil. Dimensões: A-94cm; D-5cm. Acervo do Setor de Etnologia e Etnografia, Museu Nacional/UFRJ. Coleção Guarani Kaiowá - Tekohá em litígio, doada em 2020.";Aldeia Guaiviry | Borduna | Etnologia | MNSEE.003.0004 | MS | Mato Grosso do Sul | Tamangá Poxi | Tonico Benites | indígena brasileiro;Francisco Moreira da Costa;fotógrafo;Paula Aguiar;Francisco Moreira da Costa - Acervo Etnologia- MN - UFRJ;Francisco Moreira da Costa - Acervo Etnologia- MN - UFRJ;see@mn.ufrj.br;Projeto de Reconstrução do Setor de Etnologia e Etnografia do Museu Nacional/ UFRJ.;;;;2021-04-29T09:51:49.61-03:00;2022-11-05T19:11:40-03:00;2022-11-05T19:11:40-03:00;Adobe Photoshop Lightroom Classic 11.5 (Windows);Canon;Canon EOS 5D Mark IV;382037002395;EF24-105mm f/3.5-5.6 IS STM;000002643f;_N5A5014.CR2;MN 003-96.dng;JPEG;.jpg;3626;5902;vertical;0.6144;21.4;RGB;1;300.0;300.0;2;;;;;;;;3518152;3435.7;3.36;2022-11-05 22:11:41.903724670;.;C:\Users\Gustavo\Documents\Projetos Mestrado\Projeto A Queda do Céu\MN_003\MN 003-96.jpg;True;True;;;
MN 003-97.jpg;MN 003-97;MNSEE.003.0004;Coleção Guarani Kaiowá - Tekohá em litígio - 2020.;"Borduna/Tamangá Poxi. Talhado em secção, instrumento de ataque usado na retomada das terras indígenas Guarani Kaiowá. Artesão Nísio Gomes. Aldeia Guaiviry - Mato Grosso do Sul, Brasil. Dimensões: A-94cm; D-5cm. Acervo do Setor de Etnologia e Etnografia, Museu Nacional/UFRJ. Coleção Guarani Kaiowá - Tekohá em litígio, doada em 2020.";Aldeia Guaiviry | Borduna | Etnologia | MNSEE.003.0004 | MS | Mato Grosso do Sul | Tamangá Poxi | Tonico Benites | indígena brasileiro;Francisco Moreira da Costa;fotógrafo;Paula Aguiar;Francisco Moreira da Costa - Acervo Etnologia- MN - UFRJ;Francisco Moreira da Costa - Acervo Etnologia- MN - UFRJ;see@mn.ufrj.br;Projeto de Reconstrução do Setor de Etnologia e Etnografia do Museu Nacional/ UFRJ.;;;;2021-04-29T09:52:34.61-03:00;2022-11-05T19:11:46-03:00;2022-11-05T19:11:46-03:00;Adobe Photoshop Lightroom Classic 11.5 (Windows);Canon;Canon EOS 5D Mark IV;382037002395;EF24-105mm f/3.5-5.6 IS STM;000002643f;_N5A5015.CR2;MN 003-97.dng;JPEG;.jpg;3626;5902;vertical;0.6144;21.4;RGB;1;300.0;300.0;2;;;;;;;;3793403;3704.5;3.62;2022-11-05 22:11:48.063256264;.;C:\Users\Gustavo\Documents\Projetos Mestrado\Projeto A Queda do Céu\MN_003\MN 003-97.jpg;True;True;;;
MN 003-102.jpg;MN 003-102;MNSEE.003.0005;Coleção Guarani Kaiowá - Tekohá em litígio - 2020.;"Borduna/ Tamangá. Arma contundente feita de madeira dura usada para bordoar. Artesão Maculino Fernandes. Aldeia Kurusu-Amba (Jguapiré) - Mato Grosso do Sul, Brasil. Dimensões: A-71cm; L-4cm. Acervo do Setor de Etnologia e Etnografia, Museu Nacional/UFRJ. Coleção Guarani Kaiowá - Tekohá em litígio, doada em 2020.";Aldeia Kurusu-Amba | Borduna | Etnologia | Jguapiré | MNSEE.003.0005 | MS | Mato Grosso do Sul | Tamangá | Tonico Benites | indígena brasileiro;Francisco Moreira da Costa;fotógrafo;Paula Aguiar;Francisco Moreira da Costa - Acervo Etnologia- MN - UFRJ;Francisco Moreira da Costa - Acervo Etnologia- MN - UFRJ;see@mn.ufrj.br;Projeto de Reconstrução do Setor de Etnologia e Etnografia do Museu Nacional/ UFRJ.;;;;2021-04-29T10:18:19.65-03:00;2022-11-05T19:12:05-03:00;2022-11-05T19:12:05-03:00;Adobe Photoshop Lightroom Classic 11.5 (Windows);Canon;Canon EOS 5D Mark IV;382037002395;EF24-105mm f/3.5-5.6 IS STM;000002643f;_N5A5023.CR2;MN 003-102.dng;JPEG;.jpg;3777;5953;vertical;0.6345;22.48;RGB;1;300.0;300.0;2;;;;;;;;4383439;4280.7;4.18;2022-11-05 22:12:07.068443775;.;C:\Users\Gustavo\Documents\Projetos Mestrado\Projeto A Queda do Céu\MN_003\MN 003-102.jpg;True;True;;;
MN 003-103.jpg;MN 003-103;MNSEE.003.0005;Coleção Guarani Kaiowá - Tekohá em litígio - 2020.;"Borduna/ Tamangá. Arma contundente feita de madeira dura usada para bordoar. Artesão Maculino Fernandes. Aldeia Kurusu-Amba (Jguapiré) - Mato Grosso do Sul, Brasil. Dimensões: A-71cm; L-4cm. Acervo do Setor de Etnologia e Etnografia, Museu Nacional/UFRJ. Coleção Guarani Kaiowá - Tekohá em litígio, doada em 2020.";Aldeia Kurusu-Amba | Borduna | Etnologia | Jguapiré | MNSEE.003.0005 | MS | Mato Grosso do Sul | Tamangá | Tonico Benites | indígena brasileiro;Francisco Moreira da Costa;fotógrafo;Paula Aguiar;Francisco Moreira da Costa - Acervo Etnologia- MN - UFRJ;Francisco Moreira da Costa - Acervo Etnologia- MN - UFRJ;see@mn.ufrj.br;Projeto de Reconstrução do Setor de Etnologia e Etnografia do Museu Nacional/ UFRJ.;;;;2021-04-29T10:19:06.45-03:00;2022-11-05T19:12:09-03:00;2022-11-05T19:12:09-03:00;Adobe Photoshop Lightroom Classic 11.5 (Windows);Canon;Canon EOS 5D Mark IV;382037002395;EF24-105mm f/3.5-5.6 IS STM;000002643f;_N5A5024.CR2;MN 003-103.dng;JPEG;.jpg;3777;5953;vertical;0.6345;22.48;RGB;1;300.0;300.0;2;;;;;;;;4162004;4064.46;3.97;2022-11-05 22:12:12.158840895;.;C:\Users\Gustavo\Documents\Projetos Mestrado\Projeto A Queda do Céu\MN_003\MN 003-103.jpg;True;True;;;
MN 003-104.jpg;MN 003-104;MNSEE.003.0005;Coleção Guarani Kaiowá - Tekohá em litígio - 2020.;"Borduna/ Tamangá. Arma contundente feita de madeira dura usada para bordoar. Artesão Maculino Fernandes. Aldeia Kurusu-Amba (Jguapiré) - Mato Grosso do Sul, Brasil. Dimensões: A-71cm; L-4cm. Acervo do Setor de Etnologia e Etnografia, Museu Nacional/UFRJ. Coleção Guarani Kaiowá - Tekohá em litígio, doada em 2020.";Aldeia Kurusu-Amba | Borduna | Etnologia | Jguapiré | MNSEE.003.0005 | MS | Mato Grosso do Sul | Tamangá | Tonico Benites | indígena brasileiro;Francisco Moreira da Costa;fotógrafo;Paula Aguiar;Francisco Moreira da Costa - Acervo Etnologia- MN - UFRJ;Francisco Moreira da Costa - Acervo Etnologia- MN - UFRJ;see@mn.ufrj.br;Projeto de Reconstrução do Setor de Etnologia e Etnografia do Museu Nacional/ UFRJ.;;;;2021-04-29T10:19:28.95-03:00;2022-11-05T19:12:11-03:00;2022-11-05T19:12:11-03:00;Adobe Photoshop Lightroom Classic 11.5 (Windows);Canon;Canon EOS 5D Mark IV;382037002395;EF24-105mm f/3.5-5.6 IS STM;000002643f;_N5A5025.CR2;MN 003-104.dng;JPEG;.jpg;3777;5953;vertical;0.6345;22.48;RGB;1;300.0;300.0;2;;;;;;;;4377850;4275.24;4.18;2022-11-05 22:12:13.390545845;.;C:\Users\Gustavo\Documents\Projetos Mestrado\Projeto A Queda do Céu\MN_003\MN 003-104.jpg;True;True;;;
MN 003-105.jpg;MN 003-105;MNSEE.003.0005;Coleção Guarani Kaiowá - Tekohá em litígio - 2020.;"Borduna/ Tamangá. Arma contundente feita de madeira dura usada para bordoar. Artesão Maculino Fernandes. Aldeia Kurusu-Amba (Jguapiré) - Mato Grosso do Sul, Brasil. Dimensões: A-71cm; L-4cm. Acervo do Setor de Etnologia e Etnografia, Museu Nacional/UFRJ. Coleção Guarani Kaiowá - Tekohá em litígio, doada em 2020.";Aldeia Kurusu-Amba | Borduna | Etnologia | Jguapiré | MNSEE.003.0005 | MS | Mato Grosso do Sul | Tamangá | Tonico Benites | indígena brasileiro;Francisco Moreira da Costa;fotógrafo;Paula Aguiar;Francisco Moreira da Costa - Acervo Etnologia- MN - UFRJ;Francisco Moreira da Costa - Acervo Etnologia- MN - UFRJ;see@mn.ufrj.br;Projeto de Reconstrução do Setor de Etnologia e Etnografia do Museu Nacional/ UFRJ.;;;;2021-04-29T10:19:58.69-03:00;2022-11-05T19:12:14-03:00;2022-11-05T19:12:14-03:00;Adobe Photoshop Lightroom Classic 11.5 (Windows);Canon;Canon EOS 5D Mark IV;382037002395;EF24-105mm f/3.5-5.6 IS STM;000002643f;_N5A5026.CR2;MN 003-105.dng;JPEG;.jpg;3777;5953;vertical;0.6345;22.48;RGB;1;300.0;300.0;2;;;;;;;;4431184;4327.33;4.23;2022-11-05 22:12:16.044445515;.;C:\Users\Gustavo\Documents\Projetos Mestrado\Projeto A Queda do Céu\MN_003\MN 003-105.jpg;True;True;;;
MN 003-106.jpg;MN 003-106;MNSEE.003.0006;Coleção Guarani Kaiowá - Tekohá em litígio - 2020.;"Borduna/ Tamangá . Talhado em secção e em formato de flecha, feita de madeira dura usadas para bordoar. Artesão Ezequiel. Aldeia Guvyrá Cambé'y - Mato Grosso do Sul, Brasil. Dimensões: A-89cm; D-7cm. Acervo do Setor de Etnologia e Etnografia, Museu Nacional/UFRJ. Coleção Guarani Kaiowá - Tekohá em litígio, doada em 2020.";Aldeia Guvyrá Cambé'y | Borduna | Etnologia | MNSEE.003.0006 | MS | Mato Grosso do Sul | Tamangá | Tonico Benites | indígena brasileiro;Francisco Moreira da Costa;fotógrafo;Paula Aguiar;Francisco Moreira da Costa - Acervo Etnologia- MN - UFRJ;Francisco Moreira da Costa - Acervo Etnologia- MN - UFRJ;see@mn.ufrj.br;Projeto de Reconstrução do Setor de Etnologia e Etnografia do Museu Nacional/ UFRJ.;;;;2021-04-30T14:37:07.10;2022-11-05T19:12:22-03:00;2022-11-05T19:12:22-03:00;Adobe Photoshop Lightroom Classic 11.5 (Windows);NIKON CORPORATION;NIKON D800;3038633;60.0 mm f/2.8;;DSC_8990.NEF;;JPEG;.jpg;4285;7087;vertical;0.6046;30.37;RGB;1;300.0;300.0;2;;;;;;;;4160711;4063.19;3.97;2022-11-05 22:12:23.742863894;.;C:\Users\Gustavo\Documents\Projetos Mestrado\Projeto A Queda do Céu\MN_003\MN 003-106.jpg;True;True;;;
MN 003-107.jpg;MN 003-107;MNSEE.003.0006;Coleção Guarani Kaiowá - Tekohá em litígio - 2020.;"Borduna/ Tamangá . Talhado em secção e em formato de flecha, feita de madeira dura usadas para bordoar. Artesão Ezequiel. Aldeia Guvyrá Cambé'y - Mato Grosso do Sul, Brasil. Dimensões: A-89cm; D-7cm. Acervo do Setor de Etnologia e Etnografia, Museu Nacional/UFRJ. Coleção Guarani Kaiowá - Tekohá em litígio, doada em 2020.";Aldeia Guvyrá Cambé'y | Borduna | Etnologia | MNSEE.003.0006 | MS | Mato Grosso do Sul | Tamangá | Tonico Benites | indígena brasileiro;Francisco Moreira da Costa;fotógrafo;Paula Aguiar;Francisco Moreira da Costa - Acervo Etnologia- MN - UFRJ;Francisco Moreira da Costa - Acervo Etnologia- MN - UFRJ;see@mn.ufrj.br;Projeto de Reconstrução do Setor de Etnologia e Etnografia do Museu Nacional/ UFRJ.;;;;2021-04-30T14:38:42.30;2022-11-05T19:12:42-03:00;2022-11-05T19:12:42-03:00;Adobe Photoshop Lightroom Classic 11.5 (Windows);NIKON CORPORATION;NIKON D800;3038633;60.0 mm f/2.8;;DSC_8992.NEF;;JPEG;.jpg;4285;7087;vertical;0.6046;30.37;RGB;1;300.0;300.0;2;;;;;;;;3483422;3401.78;3.32;2022-11-05 22:12:44.453492403;.;C:\Users\Gustavo\Documents\Projetos Mestrado\Projeto A Queda do Céu\MN_003\MN 003-107.jpg;True;True;;;
MN 003-26.jpg;MN 003-26;MNSEE.003.0007;Coleção Guarani Kaiowá - Tekohá em litígio - 2020.;"Flecha/ Hu'y.  Foi usada na retomada de 2006 de Itay e Cambiy como arma. Artesão Ricardo (pai do Ezequiel). Aldeia Itay - Mato Grosso do Sul, Brasil. Dimensões: A-110cm; D-2cm. Acervo do Setor de Etnologia e Etnografia, Museu Nacional/UFRJ. Coleção Guarani Kaiowá - Tekohá em litígio, doada em 2020.";Aldeia Itay | Etnologia | Flecha | Hu'y | MNSEE.003.0007 | MS | Mato Grosso do Sul | Tonico Benites | indígena brasileiro;Francisco Moreira da Costa;fotógrafo;Paula Aguiar;Francisco Moreira da Costa - Acervo Etnologia- MN - UFRJ;Francisco Moreira da Costa - Acervo Etnologia- MN - UFRJ;see@mn.ufrj.br;Projeto de Reconstrução do Setor de Etnologia e Etnografia do Museu Nacional/ UFRJ.;;;;2021-04-30T14:43:57.30;2022-11-05T19:07:07-03:00;2022-11-05T19:07:07-03:00;Adobe Photoshop Lightroom Classic 11.5 (Windows);NIKON CORPORATION;NIKON D800;3038633;60.0 mm f/2.8;;DSC_8994.NEF;;JPEG;.jpg;3424;7360;vertical;0.4652;25.2;RGB;1;300.0;300.0;2;;;;;;;;3269276;3192.65;3.12;2022-11-05 22:07:08.420886040;.;C:\Users\Gustavo\Documents\Projetos Mestrado\Projeto A Queda do Céu\MN_003\MN 003-26.jpg;True;True;;;
MN 003-27.jpg;MN 003-27;MNSEE.003.0007;Coleção Guarani Kaiowá - Tekohá em litígio - 2020.;"Flecha/ Hu'y.  Foi usada na retomada de 2006 de Itay e Cambiy como arma. Artesão Ricardo (pai do Ezequiel). Aldeia Itay - Mato Grosso do Sul, Brasil. Dimensões: A-110cm; D-2cm. Acervo do Setor de Etnologia e Etnografia, Museu Nacional/UFRJ. Coleção Guarani Kaiowá - Tekohá em litígio, doada em 2020.";Aldeia Itay | Etnologia | Flecha | Hu'y | MNSEE.003.0007 | MS | Mato Grosso do Sul | Tonico Benites | indígena brasileiro;Francisco Moreira da Costa;fotógrafo;Paula Aguiar;Francisco Moreira da Costa - Acervo Etnologia- MN - UFRJ;Francisco Moreira da Costa - Acervo Etnologia- MN - UFRJ;see@mn.ufrj.br;Projeto de Reconstrução do Setor de Etnologia e Etnografia do Museu Nacional/ UFRJ.;;;;2021-04-30T14:46:02.20;2022-11-05T19:07:21-03:00;2022-11-05T19:07:21-03:00;Adobe Photoshop Lightroom Classic 11.5 (Windows);NIKON CORPORATION;NIKON D800;3038633;60.0 mm f/2.8;;DSC_8995.NEF;;JPEG;.jpg;3424;7360;vertical;0.4652;25.2;RGB;1;300.0;300.0;2;;;;;;;;2525758;2466.56;2.41;2022-11-05 22:07:24.334343910;.;C:\Users\Gustavo\Documents\Projetos Mestrado\Projeto A Queda do Céu\MN_003\MN 003-27.jpg;True;True;;;
MN 003-98.jpg;MN 003-98;MNSEE.003.0008;Coleção Guarani Kaiowá - Tekohá em litígio - 2020.;"Arco/Guyrapa. Arco feito de peroba e a corda de fibra de caraguatá. Artesão João Souza. Aldeia Kurusu-Amba (Jguapiré) - Mato Grosso do Sul, Brasil. Dimensões: A-113cm; L-8cm. Acervo do Setor de Etnologia e Etnografia, Museu Nacional/UFRJ. Coleção Guarani Kaiowá - Tekohá em litígio, doada em 2020.";Aldeia Kurusu-Amba (Jguapiré) | Arco | Etnologia | Guyrapa | MNSEE.003.0008 | MS | Mato Grosso do Sul | Tonico Benites | indígena brasileiro;Francisco Moreira da Costa;fotógrafo;Paula Aguiar;Francisco Moreira da Costa - Acervo Etnologia- MN - UFRJ;Francisco Moreira da Costa - Acervo Etnologia- MN - UFRJ;see@mn.ufrj.br;Projeto de Reconstrução do Setor de Etnologia e Etnografia do Museu Nacional/ UFRJ.;;;;2021-04-29T10:04:34.00-03:00;2022-11-05T19:11:50-03:00;2022-11-05T19:11:50-03:00;Adobe Photoshop Lightroom Classic 11.5 (Windows);Canon;Canon EOS 5D Mark IV;382037002395;EF24-105mm f/3.5-5.6 IS STM;000002643f;_N5A5019.CR2;MN 003-98.dng;JPEG;.jpg;3660;6204;vertical;0.5899;22.71;RGB;1;300.0;300.0;2;;;;;;;;3283269;3206.32;3.13;2022-11-05 22:11:52.004723310;.;C:\Users\Gustavo\Documents\Projetos Mestrado\Projeto A Queda do Céu\MN_003\MN 003-98.jpg;True;True;;;
MN 003-99.jpg;MN 003-99;MNSEE.003.0008;Coleção Guarani Kaiowá - Tekohá em litígio - 2020.;"Arco/Guyrapa. Arco feito de peroba e a corda de fibra de caraguatá. Artesão João Souza. Aldeia Kurusu-Amba (Jguapiré) - Mato Grosso do Sul, Brasil. Dimensões: A-113cm; L-8cm. Acervo do Setor de Etnologia e Etnografia, Museu Nacional/UFRJ. Coleção Guarani Kaiowá - Tekohá em litígio, doada em 2020.";Aldeia Kurusu-Amba (Jguapiré) | Arco | Etnologia | Guyrapa | MNSEE.003.0008 | MS | Mato Grosso do Sul | Tonico Benites | indígena brasileiro;Francisco Moreira da Costa;fotógrafo;Paula Aguiar;Francisco Moreira da Costa - Acervo Etnologia- MN - UFRJ;Francisco Moreira da Costa - Acervo Etnologia- MN - UFRJ;see@mn.ufrj.br;Projeto de Reconstrução do Setor de Etnologia e Etnografia do Museu Nacional/ UFRJ.;;;;2021-04-29T10:08:33.51-03:00;2022-11-05T19:11:54-03:00;2022-11-05T19:11:54-03:00;Adobe Photoshop Lightroom Classic 11.5 (Windows);Canon;Canon EOS 5D Mark IV;382037002395;EF24-105mm f/3.5-5.6 IS STM;000002643f;_N5A5020.CR2;;JPEG;.jpg;3660;6204;vertical;0.5899;22.71;RGB;1;300.0;300.0;2;;;;;;;;2368782;2313.26;2.26;2022-11-05 22:11:56.114730597;.;C:\Users\Gustavo\Documents\Projetos Mestrado\Projeto A Queda do Céu\MN_003\MN 003-99.jpg;True;True;;;
MN 003-100.jpg;MN 003-100;MNSEE.003.0009;Coleção Guarani Kaiowá - Tekohá em litígio - 2020.;"Bodoque/Guyrapa. Arco utilizado para atirar bolas de barro endurecidas ao fogo, colocadas em um invólucro de pano entre as cordas do arco. Artesão João Souza. Aldeia Kurusu-Amba (Jaguapiré) - Mato Grosso do Sul, Brasil. Dimensões: A-93cm; L-9cm. Acervo do Setor de Etnologia e Etnografia, Museu Nacional/UFRJ. Coleção Guarani Kaiowá - Tekohá em litígio, doada em 2020.";Aldeia Kurusu-Amba (Jguapiré) | Bodoque | Etnologia | Guyrapa | MNSEE.003.0009 | MS | Mato Grosso do Sul | Tonico Benites | indígena brasileiro;Francisco Moreira da Costa;fotógrafo;Paula Aguiar;Francisco Moreira da Costa - Acervo Etnologia- MN - UFRJ;Francisco Moreira da Costa - Acervo Etnologia- MN - UFRJ;see@mn.ufrj.br;Projeto de Reconstrução do Setor de Etnologia e Etnografia do Museu Nacional/ UFRJ.;;;;2021-04-29T10:10:26.34-03:00;2022-11-05T19:11:58-03:00;2022-11-05T19:11:58-03:00;Adobe Photoshop Lightroom Classic 11.5 (Windows);Canon;Canon EOS 5D Mark IV;382037002395;EF24-105mm f/3.5-5.6 IS STM;000002643f;_N5A5021.CR2;;JPEG;.jpg;3660;6204;vertical;0.5899;22.71;RGB;1;300.0;300.0;2;;;;;;;;2946960;2877.89;2.81;2022-11-05 22:11:59.862708807;.;C:\Users\Gustavo\Documents\Projetos Mestrado\Projeto A Queda do Céu\MN_003\MN 003-100.jpg;True;True;;;
MN 003-101.jpg;MN 003-101;MNSEE.003.0009;Coleção Guarani Kaiowá - Tekohá em litígio - 2020.;"Bodoque/Guyrapa. Arco utilizado para atirar bolas de barro endurecidas ao fogo, colocadas em um invólucro de pano entre as cordas do arco. Artesão João Souza. Aldeia Kurusu-Amba (Jaguapiré) - Mato Grosso do Sul, Brasil. Dimensões: A-93cm; L-9cm. Acervo do Setor de Etnologia e Etnografia, Museu Nacional/UFRJ. Coleção Guarani Kaiowá - Tekohá em litígio, doada em 2020.";Aldeia Kurusu-Amba (Jguapiré) | Bodoque | Etnologia | Guyrapa | MNSEE.003.0009 | MS | Mato Grosso do Sul | Tonico Benites | indígena brasileiro;Francisco Moreira da Costa;fotógrafo;Paula Aguiar;Francisco Moreira da Costa - Acervo Etnologia- MN - UFRJ;Francisco Moreira da Costa - Acervo Etnologia- MN - UFRJ;see@mn.ufrj.br;Projeto de Reconstrução do Setor de Etnologia e Etnografia do Museu Nacional/ UFRJ.;;;;2021-04-29T10:10:57.44-03:00;2022-11-05T19:12:02-03:00;2022-11-05T19:12:02-03:00;Adobe Photoshop Lightroom Classic 11.5 (Windows);Canon;Canon EOS 5D Mark IV;382037002395;EF24-105mm f/3.5-5.6 IS STM;000002643f;_N5A5022.CR2;;JPEG;.jpg;3660;6204;vertical;0.5899;22.71;RGB;1;300.0;300.0;2;;;;;;;;2657011;2594.74;2.53;2022-11-05 22:12:03.705437899;.;C:\Users\Gustavo\Documents\Projetos Mestrado\Projeto A Queda do Céu\MN_003\MN 003-101.jpg;True;True;;;
MN 003-76.jpg;MN 003-76;MNSEE.003.0010;Coleção Guarani Kaiowá - Tekohá em litígio - 2020.;"Arco musical/ Guirá-paï. Arco musical.  Artesão João Souza. Aldeia Kurusu-Amba (Jguapiré) - Mato Grosso do Sul, Brasil. Dimensões: A-31cm; L- 0,6 cm; L-9cm (com corda). Acervo do Setor de Etnologia e Etnografia, Museu Nacional/UFRJ. Coleção Guarani Kaiowá - Tekohá em litígio, doada em 2020.";Aldeia Jaguapiré | Arco musical | Etnologia | Guarani Kaiowá | Guirá-paï | MNSEE.003.0010 | MS | Mato Grosso do Sul | Tonico Benites | indígena brasileiro;Francisco Moreira da Costa;fotógrafo;Paula Aguiar;Francisco Moreira da Costa - Acervo Etnologia- MN - UFRJ;Francisco Moreira da Costa - Acervo Etnologia- MN - UFRJ;see@mn.ufrj.br;Projeto de Reconstrução do Setor de Etnologia e Etnografia do Museu Nacional/ UFRJ.;;;;2021-04-28T12:01:56.26-03:00;2022-11-05T19:10:31-03:00;2022-11-05T19:10:31-03:00;Adobe Photoshop Lightroom Classic 11.5 (Windows);Canon;Canon EOS 5D Mark IV;382037002395;EF24-105mm f/3.5-5.6 IS STM;000002643f;_N5A4902.CR2;MN 003-76.dng;JPEG;.jpg;5875;4233;horizontal;1.3879;24.87;RGB;1;300.0;300.0;2;;;;;;;;7358502;7186.04;7.02;2022-11-05 22:10:34.812089205;.;C:\Users\Gustavo\Documents\Projetos Mestrado\Projeto A Queda do Céu\MN_003\MN 003-76.jpg;True;True;;;
MN 003-77.jpg;MN 003-77;MNSEE.003.0010;Coleção Guarani Kaiowá - Tekohá em litígio - 2020.;"Arco musical/ Guirá-paï. Arco musical.  Artesão João Souza. Aldeia Kurusu-Amba (Jguapiré) - Mato Grosso do Sul, Brasil. Dimensões: A-31cm; L- 0,6 cm; L-9cm (com corda). Acervo do Setor de Etnologia e Etnografia, Museu Nacional/UFRJ. Coleção Guarani Kaiowá - Tekohá em litígio, doada em 2020.";Aldeia Jaguapiré | Arco musical | Etnologia | Guarani Kaiowá | Guirá-paï | MNSEE.003.0010 | MS | Mato Grosso do Sul | Tonico Benites | indígena brasileiro;Francisco Moreira da Costa;fotógrafo;Paula Aguiar;Francisco Moreira da Costa - Acervo Etnologia- MN - UFRJ;Francisco Moreira da Costa - Acervo Etnologia- MN - UFRJ;see@mn.ufrj.br;Projeto de Reconstrução do Setor de Etnologia e Etnografia do Museu Nacional/ UFRJ.;;;;2021-04-28T12:06:58.00-03:00;2022-11-05T19:10:50-03:00;2022-11-05T19:10:50-03:00;Adobe Photoshop Lightroom Classic 11.5 (Windows);Canon;Canon EOS 5D Mark IV;382037002395;EF24-105mm f/3.5-5.6 IS STM;000002643f;_N5A4903.CR2;MN 003-77.dng;JPEG;.jpg;6157;4234;horizontal;1.4542;26.07;RGB;1;300.0;300.0;2;;;;;;;;7643292;7464.15;7.29;2022-11-05 22:10:52.462906599;.;C:\Users\Gustavo\Documents\Projetos Mestrado\Projeto A Queda do Céu\MN_003\MN 003-77.jpg;True;True;;;
MN 003-41.jpg;MN 003-41;MNSEE.003.0011;Coleção Guarani Kaiowá - Tekohá em litígio - 2020.;"Maracá / Mbaraká. Instrumento musical e ritualístico. Artesã Odúlia Gomes. Aldeia Guaiviry - Mato Grosso do Sul, Brasil. Dimensões: (maracá)  A-72cm; L-12cm, (cordão) A- 35cm. Acervo do Setor de Etnologia e Etnografia, Museu Nacional/UFRJ. Coleção Guarani Kaiowá - Tekohá em litígio, doada em 2020.";Aldeia Guaiviry | Etnologia | Guarani Kaiowá | MNSEE.003.0011 | MS | Maracá | Mato Grosso do Sul | Tonico Benites | indígena brasileiro;Francisco Moreira da Costa;fotógrafo;Paula Aguiar;Francisco Moreira da Costa - Acervo Etnologia- MN - UFRJ;Francisco Moreira da Costa - Acervo Etnologia- MN - UFRJ;see@mn.ufrj.br;Projeto de Reconstrução do Setor de Etnologia e Etnografia do Museu Nacional/ UFRJ.;;;;2021-05-20T10:32:06.10;2022-11-05T19:08:05-03:00;2022-11-05T19:08:05-03:00;Adobe Photoshop Lightroom Classic 11.5 (Windows);NIKON CORPORATION;NIKON D800;3038633;60.0 mm f/2.8;;DSC_0456.NEF;MN 003-41.dng;JPEG;.jpg;3534;6925;vertical;0.5103;24.47;RGB;1;300.0;300.0;2;;;;;;;;5972037;5832.07;5.7;2022-11-05 22:08:06.590367794;.;C:\Users\Gustavo\Documents\Projetos Mestrado\Projeto A Queda do Céu\MN_003\MN 003-41.jpg;True;True;;;
MN 003-42.jpg;MN 003-42;MNSEE.003.0011;Coleção Guarani Kaiowá - Tekohá em litígio - 2020.;"Maracá / Mbaraká. Instrumento musical e ritualístico. Artesã Odúlia Gomes. Aldeia Guaiviry - Mato Grosso do Sul, Brasil. Dimensões: (maracá)  A-72cm; L-12cm, (cordão) A- 35cm. Acervo do Setor de Etnologia e Etnografia, Museu Nacional/UFRJ. Coleção Guarani Kaiowá - Tekohá em litígio, doada em 2020.";Aldeia Guaiviry | Etnologia | Guarani Kaiowá | MNSEE.003.0011 | MS | Maracá | Mato Grosso do Sul | Tonico Benites | indígena brasileiro;Francisco Moreira da Costa;fotógrafo;Paula Aguiar;Francisco Moreira da Costa - Acervo Etnologia- MN - UFRJ;Francisco Moreira da Costa - Acervo Etnologia- MN - UFRJ;see@mn.ufrj.br;Projeto de Reconstrução do Setor de Etnologia e Etnografia do Museu Nacional/ UFRJ.;;;;2021-05-20T10:34:27.40;2022-11-05T19:07:56-03:00;2022-11-05T19:07:56-03:00;Adobe Photoshop Lightroom Classic 11.5 (Windows);NIKON CORPORATION;NIKON D800;3038633;60.0 mm f/2.8;;DSC_0457.NEF;MN 003-42.dng;JPEG;.jpg;3534;6925;vertical;0.5103;24.47;RGB;1;300.0;300.0;2;;;;;;;;5855422;5718.19;5.58;2022-11-05 22:07:59.010638714;.;C:\Users\Gustavo\Documents\Projetos Mestrado\Projeto A Queda do Céu\MN_003\MN 003-42.jpg;True;True;;;
MN 003-35.jpg;MN 003-35;MNSEE.003.0013;Coleção Guarani Kaiowá - Tekohá em litígio - 2020.;"Maracá/ Mbaraká. Instrumento musical e ritualístico. Artesã Neusa Conciança, Aldeia Guyra Kabiy - Mato Grosso do Sul, Brasil. Dimensões: A-20cm; L-9cm. Acervo do Setor de Etnologia e Etnografia, Museu Nacional/UFRJ. Coleção Guarani Kaiowá - Tekohá em litígio, doada em 2020.";Aldeia Guyra Kabiy | Etnologia | Guarani Kaiowá | MNSEE.003.0013 | MS | Maracá | Mato Grosso do Sul | Tonico Benites | cabaça | indígena brasileiro;Francisco Moreira da Costa;fotógrafo;Paula Aguiar;Francisco Moreira da Costa - Acervo Etnologia- MN - UFRJ;Francisco Moreira da Costa - Acervo Etnologia- MN - UFRJ;see@mn.ufrj.br;Projeto de Reconstrução do Setor de Etnologia e Etnografia do Museu Nacional/ UFRJ.;;;;2021-05-20T10:59:55.60;2022-11-05T19:07:35-03:00;2022-11-05T19:07:35-03:00;Adobe Photoshop Lightroom Classic 11.5 (Windows);NIKON CORPORATION;NIKON D800;3038633;60.0 mm f/2.8;;DSC_0463.NEF;MN 003-35.dng;JPEG;.jpg;3809;6082;vertical;0.6263;23.17;RGB;1;300.0;300.0;2;;;;;;;;6704439;6547.3;6.39;2022-11-05 22:07:38.933310509;.;C:\Users\Gustavo\Documents\Projetos Mestrado\Projeto A Queda do Céu\MN_003\MN 003-35.jpg;True;True;;;
MN 003-36.jpg;MN 003-36;MNSEE.003.0013;Coleção Guarani Kaiowá - Tekohá em litígio - 2020.;"Maracá/ Mbaraká. Instrumento musical e ritualístico. Artesã Neusa Conciança, Aldeia Guyra Kabiy - Mato Grosso do Sul, Brasil. Dimensões: A-20cm; L-9cm. Acervo do Setor de Etnologia e Etnografia, Museu Nacional/UFRJ. Coleção Guarani Kaiowá - Tekohá em litígio, doada em 2020.";Aldeia Guyra Kabiy | Etnologia | Guarani Kaiowá | MNSEE.003.0013 | MS | Maracá | Mato Grosso do Sul | Tonico Benites | cabaça | indígena brasileiro;Francisco Moreira da Costa;fotógrafo;Paula Aguiar;Francisco Moreira da Costa - Acervo Etnologia- MN - UFRJ;Francisco Moreira da Costa - Acervo Etnologia- MN - UFRJ;see@mn.ufrj.br;Projeto de Reconstrução do Setor de Etnologia e Etnografia do Museu Nacional/ UFRJ.;;;;2021-05-20T11:03:04.40;2022-11-05T19:07:42-03:00;2022-11-05T19:07:42-03:00;Adobe Photoshop Lightroom Classic 11.5 (Windows);NIKON CORPORATION;NIKON D800;3038633;60.0 mm f/2.8;;DSC_0464.NEF;MN 003-36.dng;JPEG;.jpg;3809;6082;vertical;0.6263;23.17;RGB;1;300.0;300.0;2;;;;;;;;6766898;6608.3;6.45;2022-11-05 22:07:44.236133575;.;C:\Users\Gustavo\Documents\Projetos Mestrado\Projeto A Queda do Céu\MN_003\MN 003-36.jpg;True;True;;;
MN 003-37.jpg;MN 003-37;MNSEE.003.0013;Coleção Guarani Kaiowá - Tekohá em litígio - 2020.;"Maracá/ Mbaraká. Instrumento musical e ritualístico. Artesã Neusa Conciança, Aldeia Guyra Kabiy - Mato Grosso do Sul, Brasil. Dimensões: A-20cm; L-9cm. Acervo do Setor de Etnologia e Etnografia, Museu Nacional/UFRJ. Coleção Guarani Kaiowá - Tekohá em litígio, doada em 2020.";Aldeia Guyra Kabiy | Etnologia | Guarani Kaiowá | MNSEE.003.0013 | MS | Maracá | Mato Grosso do Sul | Tonico Benites | cabaça | indígena brasileiro;Francisco Moreira da Costa;fotógrafo;Paula Aguiar;Francisco Moreira da Costa - Acervo Etnologia- MN - UFRJ;Francisco Moreira da Costa - Acervo Etnologia- MN - UFRJ;see@mn.ufrj.br;Projeto de Reconstrução do Setor de Etnologia e Etnografia do Museu Nacional/ UFRJ.;;;;2021-05-20T11:04:03.60;2022-11-05T19:07:38-03:00;2022-11-05T19:07:38-03:00;Adobe Photoshop Lightroom Classic 11.5 (Windows);NIKON CORPORATION;NIKON D800;3038633;60.0 mm f/2.8;;DSC_0466.NEF;MN 003-37.dng;JPEG;.jpg;3809;6082;vertical;0.6263;23.17;RGB;1;300.0;300.0;2;;;;;;;;6377500;6228.03;6.08;2022-11-05 22:07:40.260761738;.;C:\Users\Gustavo\Documents\Projetos Mestrado\Projeto A Queda do Céu\MN_003\MN 003-37.jpg;True;True;;;
MN 003-28.jpg;MN 003-28;MNSEE.003.0014;Coleção Guarani Kaiowá - Tekohá em litígio - 2020.;"Maracá/ Mbaraká. Instrumento musical e ritualístico. Artesã Neusa Conciança. Aldeia Guyra Kabiy - Mato Grosso do Sul, Brasil. Dimensões: A-26cm; L-12cm. Acervo do Setor de Etnologia e Etnografia, Museu Nacional/UFRJ. Coleção Guarani Kaiowá - Tekohá em litígio, doada em 2020.";Aldeia Guyra Kabiy | Etnologia | Guarani Kaiowá | MNSEE.003.0014 | MS | Maracá | Mato Grosso do Sul | Neusa Conciança | Tonico Benites | cabaça | indígena brasileiro;Francisco Moreira da Costa;fotógrafo;Paula Aguiar;Francisco Moreira da Costa - Acervo Etnologia- MN - UFRJ;Francisco Moreira da Costa - Acervo Etnologia- MN - UFRJ;see@mn.ufrj.br;Projeto de Reconstrução do Setor de Etnologia e Etnografia do Museu Nacional/ UFRJ.;;;;2021-05-20T10:24:34.30;2022-11-05T19:07:06-03:00;2022-11-05T19:07:06-03:00;Adobe Photoshop Lightroom Classic 11.5 (Windows);NIKON CORPORATION;NIKON D800;3038633;60.0 mm f/2.8;;DSC_0453.NEF;MN 003-28.dng;JPEG;.jpg;4267;6577;vertical;0.6488;28.06;RGB;1;300.0;300.0;2;;;;;;;;6813079;6653.4;6.5;2022-11-05 22:07:08.342098236;.;C:\Users\Gustavo\Documents\Projetos Mestrado\Projeto A Queda do Céu\MN_003\MN 003-28.jpg;True;True;;;
MN 003-29.jpg;MN 003-29;MNSEE.003.0014;Coleção Guarani Kaiowá - Tekohá em litígio - 2020.;"Maracá/ Mbaraká. Instrumento musical e ritualístico. Artesã Neusa Conciança. Aldeia Guyra Kabiy - Mato Grosso do Sul, Brasil. Dimensões: A-26cm; L-12cm. Acervo do Setor de Etnologia e Etnografia, Museu Nacional/UFRJ. Coleção Guarani Kaiowá - Tekohá em litígio, doada em 2020.";Aldeia Guyra Kabiy | Etnologia | Guarani Kaiowá | MNSEE.003.0014 | MS | Maracá | Mato Grosso do Sul | Neusa Conciança | Tonico Benites | cabaça | indígena brasileiro;Francisco Moreira da Costa;fotógrafo;Paula Aguiar;Francisco Moreira da Costa - Acervo Etnologia- MN - UFRJ;Francisco Moreira da Costa - Acervo Etnologia- MN - UFRJ;see@mn.ufrj.br;Projeto de Reconstrução do Setor de Etnologia e Etnografia do Museu Nacional/ UFRJ.;;;;2021-05-20T10:27:27.30;2022-11-05T19:07:06-03:00;2022-11-05T19:07:06-03:00;Adobe Photoshop Lightroom Classic 11.5 (Windows);NIKON CORPORATION;NIKON D800;3038633;60.0 mm f/2.8;;DSC_0454.NEF;MN 003-29.dng;JPEG;.jpg;4267;6577;vertical;0.6488;28.06;RGB;1;300.0;300.0;2;;;;;;;;7069327;6903.64;6.74;2022-11-05 22:07:08.141632557;.;C:\Users\Gustavo\Documents\Projetos Mestrado\Projeto A Queda do Céu\MN_003\MN 003-29.jpg;True;True;;;
MN 003-30.jpg;MN 003-30;MNSEE.003.0014;Coleção Guarani Kaiowá - Tekohá em litígio - 2020.;"Maracá/ Mbaraká. Instrumento musical e ritualístico. Artesã Neusa Conciança. Aldeia Guyra Kabiy - Mato Grosso do Sul, Brasil. Dimensões: A-26cm; L-12cm. Acervo do Setor de Etnologia e Etnografia, Museu Nacional/UFRJ. Coleção Guarani Kaiowá - Tekohá em litígio, doada em 2020.";Aldeia Guyra Kabiy | Etnologia | Guarani Kaiowá | MNSEE.003.0014 | MS | Maracá | Mato Grosso do Sul | Neusa Conciança | Tonico Benites | cabaça | indígena brasileiro;Francisco Moreira da Costa;fotógrafo;Paula Aguiar;Francisco Moreira da Costa - Acervo Etnologia- MN - UFRJ;Francisco Moreira da Costa - Acervo Etnologia- MN - UFRJ;see@mn.ufrj.br;Projeto de Reconstrução do Setor de Etnologia e Etnografia do Museu Nacional/ UFRJ.;;;;2021-05-20T10:29:52.80;2022-11-05T19:07:18-03:00;2022-11-05T19:07:18-03:00;Adobe Photoshop Lightroom Classic 11.5 (Windows);NIKON CORPORATION;NIKON D800;3038633;60.0 mm f/2.8;;DSC_0455.NEF;MN 003-30.dng;JPEG;.jpg;4267;6577;vertical;0.6488;28.06;RGB;1;300.0;300.0;2;;;;;;;;6814513;6654.8;6.5;2022-11-05 22:07:20.278187037;.;C:\Users\Gustavo\Documents\Projetos Mestrado\Projeto A Queda do Céu\MN_003\MN 003-30.jpg;True;True;;;
MN 003-31.jpg;MN 003-31;MNSEE.003.0015;Coleção Guarani Kaiowá - Tekohá em litígio - 2020.;"Maracá/ Mbaraká. Instrumento musical e ritualístico. Artesã Neusa Conciança. Aldeia Guyra Kabiy - Mato Grosso do Sul, Brasil. Dimensões: A-29cm; L-12cm. Acervo do Setor de Etnologia e Etnografia, Museu Nacional/UFRJ. Coleção Guarani Kaiowá - Tekohá em litígio, doada em 2020.";Aldeia Guyra Kabiy | Etnologia | Guarani Kaiowá | MNSEE.003.0015 | MS | Maracá | Mato Grosso do Sul | Tonico Benites | cabaça | indígena brasileiro;Francisco Moreira da Costa;fotógrafo;Paula Aguiar;Francisco Moreira da Costa - Acervo Etnologia- MN - UFRJ;Francisco Moreira da Costa - Acervo Etnologia- MN - UFRJ;see@mn.ufrj.br;Projeto de Reconstrução do Setor de Etnologia e Etnografia do Museu Nacional/ UFRJ.;;;;2021-05-20T10:07:52.70;2022-11-05T19:07:17-03:00;2022-11-05T19:07:17-03:00;Adobe Photoshop Lightroom Classic 11.5 (Windows);NIKON CORPORATION;NIKON D800;3038633;60.0 mm f/2.8;;DSC_0450.NEF;MN 003-31.dng;JPEG;.jpg;4285;6815;vertical;0.6288;29.2;RGB;1;300.0;300.0;2;;;;;;;;7100553;6934.13;6.77;2022-11-05 22:07:19.187103748;.;C:\Users\Gustavo\Documents\Projetos Mestrado\Projeto A Queda do Céu\MN_003\MN 003-31.jpg;True;True;;;
MN 003-32.jpg;MN 003-32;MNSEE.003.0015;Coleção Guarani Kaiowá - Tekohá em litígio - 2020.;"Maracá/ Mbaraká. Instrumento musical e ritualístico. Artesã Neusa Conciança. Aldeia Guyra Kabiy - Mato Grosso do Sul, Brasil. Dimensões: A-29cm; L-12cm. Acervo do Setor de Etnologia e Etnografia, Museu Nacional/UFRJ. Coleção Guarani Kaiowá - Tekohá em litígio, doada em 2020.";Aldeia Guyra Kabiy | Etnologia | Guarani Kaiowá | MNSEE.003.0015 | MS | Maracá | Mato Grosso do Sul | Tonico Benites | cabaça | indígena brasileiro;Francisco Moreira da Costa;fotógrafo;Paula Aguiar;Francisco Moreira da Costa - Acervo Etnologia- MN - UFRJ;Francisco Moreira da Costa - Acervo Etnologia- MN - UFRJ;see@mn.ufrj.br;Projeto de Reconstrução do Setor de Etnologia e Etnografia do Museu Nacional/ UFRJ.;;;;2021-05-20T10:17:15.50;2022-11-05T19:07:28-03:00;2022-11-05T19:07:28-03:00;Adobe Photoshop Lightroom Classic 11.5 (Windows);NIKON CORPORATION;NIKON D800;3038633;60.0 mm f/2.8;;DSC_0451.NEF;MN 003-32.dng;JPEG;.jpg;4285;6815;vertical;0.6288;29.2;RGB;1;300.0;300.0;2;;;;;;;;6403835;6253.75;6.11;2022-11-05 22:07:30.225590229;.;C:\Users\Gustavo\Documents\Projetos Mestrado\Projeto A Queda do Céu\MN_003\MN 003-32.jpg;True;True;;;
MN 003-38.jpg;MN 003-38;MNSEE.003.0016;Coleção Guarani Kaiowá - Tekohá em litígio - 2020.;"Maracá/ Mbaraká. Instrumento musical e ritualístico. Artesã Germano Lima. Aldeia Guyra Kabiy - Mato Grosso do Sul, Brasil. Dimensões: A- 26cm; L- 7cm. Acervo do Setor de Etnologia e Etnografia, Museu Nacional/UFRJ. Coleção Guarani Kaiowá - Tekohá em litígio, doada em 2020.";Aldeia Guyra Kabiy | Etnologia | Guarani Kaiowá | MNSEE.003.0016 | MS | Maracá | Mato Grosso do Sul | Tonico Benites | cabaça | indígena brasileiro;Francisco Moreira da Costa;fotógrafo;Paula Aguiar;Francisco Moreira da Costa - Acervo Etnologia- MN - UFRJ;Francisco Moreira da Costa - Acervo Etnologia- MN - UFRJ;see@mn.ufrj.br;Projeto de Reconstrução do Setor de Etnologia e Etnografia do Museu Nacional/ UFRJ.;;;;2021-05-20T11:06:22.60;2022-11-05T19:07:46-03:00;2022-11-05T19:07:46-03:00;Adobe Photoshop Lightroom Classic 11.5 (Windows);NIKON CORPORATION;NIKON D800;3038633;60.0 mm f/2.8;;DSC_0468.NEF;MN 003-38.dng;JPEG;.jpg;3882;6852;vertical;0.5665;26.6;RGB;1;300.0;300.0;2;;;;;;;;10009263;9774.67;9.55;2022-11-05 22:07:48.245414734;.;C:\Users\Gustavo\Documents\Projetos Mestrado\Projeto A Queda do Céu\MN_003\MN 003-38.jpg;True;True;;;
MN 003-39.jpg;MN 003-39;MNSEE.003.0016;Coleção Guarani Kaiowá - Tekohá em litígio - 2020.;"Maracá/ Mbaraká. Instrumento musical e ritualístico. Artesã Germano Lima. Aldeia Guyra Kabiy - Mato Grosso do Sul, Brasil. Dimensões: A- 26cm; L- 7cm. Acervo do Setor de Etnologia e Etnografia, Museu Nacional/UFRJ. Coleção Guarani Kaiowá - Tekohá em litígio, doada em 2020.";Aldeia Guyra Kabiy | Etnologia | Guarani Kaiowá | MNSEE.003.0016 | MS | Maracá | Mato Grosso do Sul | Tonico Benites | cabaça | indígena brasileiro;Francisco Moreira da Costa;fotógrafo;Paula Aguiar;Francisco Moreira da Costa - Acervo Etnologia- MN - UFRJ;Francisco Moreira da Costa - Acervo Etnologia- MN - UFRJ;see@mn.ufrj.br;Projeto de Reconstrução do Setor de Etnologia e Etnografia do Museu Nacional/ UFRJ.;;;;2021-05-20T11:07:08.50;2022-11-05T19:07:49-03:00;2022-11-05T19:07:49-03:00;Adobe Photoshop Lightroom Classic 11.5 (Windows);NIKON CORPORATION;NIKON D800;3038633;60.0 mm f/2.8;;DSC_0469.NEF;MN 003-39.dng;JPEG;.jpg;3882;6852;vertical;0.5665;26.6;RGB;1;300.0;300.0;2;;;;;;;;10351515;10108.9;9.87;2022-11-05 22:07:53.760670185;.;C:\Users\Gustavo\Documents\Projetos Mestrado\Projeto A Queda do Céu\MN_003\MN 003-39.jpg;True;True;;;
MN 003-40.jpg;MN 003-40;MNSEE.003.0016;Coleção Guarani Kaiowá - Tekohá em litígio - 2020.;"Maracá/ Mbaraká. Instrumento musical e ritualístico. Artesã Germano Lima. Aldeia Guyra Kabiy - Mato Grosso do Sul, Brasil. Dimensões: A- 26cm; L- 7cm. Acervo do Setor de Etnologia e Etnografia, Museu Nacional/UFRJ. Coleção Guarani Kaiowá - Tekohá em litígio, doada em 2020.";Aldeia Guyra Kabiy | Etnologia | Guarani Kaiowá | MNSEE.003.0016 | MS | Maracá | Mato Grosso do Sul | Tonico Benites | cabaça | indígena brasileiro;Francisco Moreira da Costa;fotógrafo;Paula Aguiar;Francisco Moreira da Costa - Acervo Etnologia- MN - UFRJ;Francisco Moreira da Costa - Acervo Etnologia- MN - UFRJ;see@mn.ufrj.br;Projeto de Reconstrução do Setor de Etnologia e Etnografia do Museu Nacional/ UFRJ.;;;;2021-05-20T11:08:05.90;2022-11-05T19:07:53-03:00;2022-11-05T19:07:53-03:00;Adobe Photoshop Lightroom Classic 11.5 (Windows);NIKON CORPORATION;NIKON D800;3038633;60.0 mm f/2.8;;DSC_0471.NEF;MN 003-40.dng;JPEG;.jpg;3882;6852;vertical;0.5665;26.6;RGB;1;300.0;300.0;2;;;;;;;;10000375;9765.99;9.54;2022-11-05 22:07:55.004344702;.;C:\Users\Gustavo\Documents\Projetos Mestrado\Projeto A Queda do Céu\MN_003\MN 003-40.jpg;True;True;;;
MN 003-1.jpg;MN 003-1;MNSEE.003.0017;Coleção Guarani Kaiowá - Tekohá em litígio - 2020.;"Crânio de macaco/ Kangá ankãgue. Crânio de macaco bugilo. Utilizado para cura e proteção. Artesã Amalia Lima (morreu em 2018 aos 112 anos). Aldeia Aldeia Kambiy - Mato Grosso do Sul, Brasil. Dimensões: A-7cm; L-7cm. Acervo do Setor de Etnologia e Etnografia, Museu Nacional/UFRJ. Coleção Guarani Kaiowá - Tekohá em litígio, doada em 2020.";Aldeia Kambiy | Crânio de macaco | Etnologia | Kangá ankãgue | MNSEE.003.0017 | MS | Mato Grosso do Sul | Tonico Benites | indígena brasileiro;Francisco Moreira da Costa;fotógrafo;Paula Aguiar;Francisco Moreira da Costa - Acervo Etnologia- MN - UFRJ;Francisco Moreira da Costa - Acervo Etnologia- MN - UFRJ;see@mn.ufrj.br;Projeto de Reconstrução do Setor de Etnologia e Etnografia do Museu Nacional/ UFRJ.;;;;2021-04-29T15:10:12.64-03:00;2022-11-05T19:05:26-03:00;2022-11-05T19:05:26-03:00;Adobe Photoshop Lightroom Classic 11.5 (Windows);Canon;Canon EOS 5D Mark IV;382037002395;EF24-105mm f/3.5-5.6 IS STM;000002643f;_N5A5099.CR2;MN 003-1.dng;JPEG;.jpg;4396;4480;vertical;0.9812;19.69;RGB;1;300.0;300.0;2;;;;;;;;5097135;4977.67;4.86;2022-11-05 22:05:28.163533211;.;C:\Users\Gustavo\Documents\Projetos Mestrado\Projeto A Queda do Céu\MN_003\MN 003-1.jpg;True;True;;;
MN 003-2.jpg;MN 003-2;MNSEE.003.0017;Coleção Guarani Kaiowá - Tekohá em litígio - 2020.;"Crânio de macaco/ Kangá ankãgue. Crânio de macaco bugilo. Utilizado para cura e proteção. Artesã Amalia Lima (morreu em 2018 aos 112 anos). Aldeia Aldeia Kambiy - Mato Grosso do Sul, Brasil. Dimensões: A-7cm; L-7cm. Acervo do Setor de Etnologia e Etnografia, Museu Nacional/UFRJ. Coleção Guarani Kaiowá - Tekohá em litígio, doada em 2020.";Aldeia Kambiy | Crânio de macaco | Etnologia | Kangá ankãgue | MNSEE.003.0017 | MS | Mato Grosso do Sul | Tonico Benites | indígena brasileiro;Francisco Moreira da Costa;fotógrafo;Paula Aguiar;Francisco Moreira da Costa - Acervo Etnologia- MN - UFRJ;Francisco Moreira da Costa - Acervo Etnologia- MN - UFRJ;see@mn.ufrj.br;Projeto de Reconstrução do Setor de Etnologia e Etnografia do Museu Nacional/ UFRJ.;;;;2021-04-29T15:13:39.91-03:00;2022-11-05T19:05:26-03:00;2022-11-05T19:05:26-03:00;Adobe Photoshop Lightroom Classic 11.5 (Windows);Canon;Canon EOS 5D Mark IV;382037002395;EF24-105mm f/3.5-5.6 IS STM;000002643f;_N5A5102.CR2;MN 003-2.dng;JPEG;.jpg;4480;4396;horizontal;1.0191;19.69;RGB;1;300.0;300.0;2;;;;;;;;4820901;4707.91;4.6;2022-11-05 22:05:28.611877918;.;C:\Users\Gustavo\Documents\Projetos Mestrado\Projeto A Queda do Céu\MN_003\MN 003-2.jpg;True;True;;;
MN 003-3.jpg;MN 003-3;MNSEE.003.0017;Coleção Guarani Kaiowá - Tekohá em litígio - 2020.;"Crânio de macaco/ Kangá ankãgue. Crânio de macaco bugilo. Utilizado para cura e proteção. Artesã Amalia Lima (morreu em 2018 aos 112 anos). Aldeia Aldeia Kambiy - Mato Grosso do Sul, Brasil. Dimensões: A-7cm; L-7cm. Acervo do Setor de Etnologia e Etnografia, Museu Nacional/UFRJ. Coleção Guarani Kaiowá - Tekohá em litígio, doada em 2020.";Aldeia Kambiy | Crânio de macaco | Etnologia | Kangá ankãgue | MNSEE.003.0017 | MS | Mato Grosso do Sul | Tonico Benites | indígena brasileiro;Francisco Moreira da Costa;fotógrafo;Paula Aguiar;Francisco Moreira da Costa - Acervo Etnologia- MN - UFRJ;Francisco Moreira da Costa - Acervo Etnologia- MN - UFRJ;see@mn.ufrj.br;Projeto de Reconstrução do Setor de Etnologia e Etnografia do Museu Nacional/ UFRJ.;;;;2021-04-29T15:13:12.72-03:00;2022-11-05T19:05:25-03:00;2022-11-05T19:05:25-03:00;Adobe Photoshop Lightroom Classic 11.5 (Windows);Canon;Canon EOS 5D Mark IV;382037002395;EF24-105mm f/3.5-5.6 IS STM;000002643f;_N5A5101.CR2;MN 003-3.dng;JPEG;.jpg;4313;4798;vertical;0.8989;20.69;RGB;1;300.0;300.0;2;;;;;;;;5305695;5181.34;5.06;2022-11-05 22:05:27.328703403;.;C:\Users\Gustavo\Documents\Projetos Mestrado\Projeto A Queda do Céu\MN_003\MN 003-3.jpg;True;True;;;
MN 003-4.jpg;MN 003-4;MNSEE.003.0017;Coleção Guarani Kaiowá - Tekohá em litígio - 2020.;"Crânio de macaco/ Kangá ankãgue. Crânio de macaco bugilo. Utilizado para cura e proteção. Artesã Amalia Lima (morreu em 2018 aos 112 anos). Aldeia Aldeia Kambiy - Mato Grosso do Sul, Brasil. Dimensões: A-7cm; L-7cm. Acervo do Setor de Etnologia e Etnografia, Museu Nacional/UFRJ. Coleção Guarani Kaiowá - Tekohá em litígio, doada em 2020.";Aldeia Kambiy | Crânio de macaco | Etnologia | Kangá ankãgue | MNSEE.003.0017 | MS | Mato Grosso do Sul | Tonico Benites | indígena brasileiro;Francisco Moreira da Costa;fotógrafo;Paula Aguiar;Francisco Moreira da Costa - Acervo Etnologia- MN - UFRJ;Francisco Moreira da Costa - Acervo Etnologia- MN - UFRJ;see@mn.ufrj.br;Projeto de Reconstrução do Setor de Etnologia e Etnografia do Museu Nacional/ UFRJ.;;;;2021-04-29T15:18:10.87-03:00;2022-11-05T19:05:40-03:00;2022-11-05T19:05:40-03:00;Adobe Photoshop Lightroom Classic 11.5 (Windows);Canon;Canon EOS 5D Mark IV;382037002395;EF24-105mm f/3.5-5.6 IS STM;000002643f;_N5A5104.CR2;MN 003-4.dng;JPEG;.jpg;4572;4057;horizontal;1.1269;18.55;RGB;1;300.0;300.0;2;;;;;;;;4255267;4155.53;4.06;2022-11-05 22:05:40.931603193;.;C:\Users\Gustavo\Documents\Projetos Mestrado\Projeto A Queda do Céu\MN_003\MN 003-4.jpg;True;True;;;
MN 003-5.jpg;MN 003-5;MNSEE.003.0017;Coleção Guarani Kaiowá - Tekohá em litígio - 2020.;"Crânio de macaco/ Kangá ankãgue. Crânio de macaco bugilo. Utilizado para cura e proteção. Artesã Amalia Lima (morreu em 2018 aos 112 anos). Aldeia Aldeia Kambiy - Mato Grosso do Sul, Brasil. Dimensões: A-7cm; L-7cm. Acervo do Setor de Etnologia e Etnografia, Museu Nacional/UFRJ. Coleção Guarani Kaiowá - Tekohá em litígio, doada em 2020.";Aldeia Kambiy | Crânio de macaco | Etnologia | Kangá ankãgue | MNSEE.003.0017 | MS | Mato Grosso do Sul | Tonico Benites | indígena brasileiro;Francisco Moreira da Costa;fotógrafo;Paula Aguiar;Francisco Moreira da Costa - Acervo Etnologia- MN - UFRJ;Francisco Moreira da Costa - Acervo Etnologia- MN - UFRJ;see@mn.ufrj.br;Projeto de Reconstrução do Setor de Etnologia e Etnografia do Museu Nacional/ UFRJ.;;;;2021-04-29T15:17:26.46-03:00;2022-11-05T19:05:40-03:00;2022-11-05T19:05:40-03:00;Adobe Photoshop Lightroom Classic 11.5 (Windows);Canon;Canon EOS 5D Mark IV;382037002395;EF24-105mm f/3.5-5.6 IS STM;000002643f;_N5A5103.CR2;MN 003-5.dng;JPEG;.jpg;4572;4057;horizontal;1.1269;18.55;RGB;1;300.0;300.0;2;;;;;;;;4334251;4232.67;4.13;2022-11-05 22:05:40.816912174;.;C:\Users\Gustavo\Documents\Projetos Mestrado\Projeto A Queda do Céu\MN_003\MN 003-5.jpg;True;True;;;
MN 003-6.jpg;MN 003-6;MNSEE.003.0017;Coleção Guarani Kaiowá - Tekohá em litígio - 2020.;"Crânio de macaco/ Kangá ankãgue. Crânio de macaco bugilo. Utilizado para cura e proteção. Artesã Amalia Lima (morreu em 2018 aos 112 anos). Aldeia Aldeia Kambiy - Mato Grosso do Sul, Brasil. Dimensões: A-7cm; L-7cm. Acervo do Setor de Etnologia e Etnografia, Museu Nacional/UFRJ. Coleção Guarani Kaiowá - Tekohá em litígio, doada em 2020.";Aldeia Kambiy | Crânio de macaco | Etnologia | Kangá ankãgue | MNSEE.003.0017 | MS | Mato Grosso do Sul | Tonico Benites | indígena brasileiro;Francisco Moreira da Costa;fotógrafo;Paula Aguiar;Francisco Moreira da Costa - Acervo Etnologia- MN - UFRJ;Francisco Moreira da Costa - Acervo Etnologia- MN - UFRJ;see@mn.ufrj.br;Projeto de Reconstrução do Setor de Etnologia e Etnografia do Museu Nacional/ UFRJ.;;;;2021-04-29T15:18:27.77-03:00;2022-11-05T19:05:41-03:00;2022-11-05T19:05:41-03:00;Adobe Photoshop Lightroom Classic 11.5 (Windows);Canon;Canon EOS 5D Mark IV;382037002395;EF24-105mm f/3.5-5.6 IS STM;000002643f;_N5A5105.CR2;MN 003-6.dng;JPEG;.jpg;4396;4480;vertical;0.9812;19.69;RGB;1;300.0;300.0;2;;;;;;;;4858887;4745.01;4.63;2022-11-05 22:05:42.218168497;.;C:\Users\Gustavo\Documents\Projetos Mestrado\Projeto A Queda do Céu\MN_003\MN 003-6.jpg;True;True;;;
MN 003-7.jpg;MN 003-7;MNSEE.003.0017;Coleção Guarani Kaiowá - Tekohá em litígio - 2020.;"Crânio de macaco/ Kangá ankãgue. Crânio de macaco bugilo. Utilizado para cura e proteção. Artesã Amalia Lima (morreu em 2018 aos 112 anos). Aldeia Aldeia Kambiy - Mato Grosso do Sul, Brasil. Dimensões: A-7cm; L-7cm. Acervo do Setor de Etnologia e Etnografia, Museu Nacional/UFRJ. Coleção Guarani Kaiowá - Tekohá em litígio, doada em 2020.";Aldeia Kambiy | Crânio de macaco | Etnologia | Kangá ankãgue | MNSEE.003.0017 | MS | Mato Grosso do Sul | Tonico Benites | indígena brasileiro;Francisco Moreira da Costa;fotógrafo;Paula Aguiar;Francisco Moreira da Costa - Acervo Etnologia- MN - UFRJ;Francisco Moreira da Costa - Acervo Etnologia- MN - UFRJ;see@mn.ufrj.br;Projeto de Reconstrução do Setor de Etnologia e Etnografia do Museu Nacional/ UFRJ.;;;;2021-04-29T15:18:56.02-03:00;2022-11-05T19:05:49-03:00;2022-11-05T19:05:49-03:00;Adobe Photoshop Lightroom Classic 11.5 (Windows);Canon;Canon EOS 5D Mark IV;382037002395;EF24-105mm f/3.5-5.6 IS STM;000002643f;_N5A5106.CR2;MN 003-7.dng;JPEG;.jpg;4396;4480;vertical;0.9812;19.69;RGB;1;300.0;300.0;2;;;;;;;;6218650;6072.9;5.93;2022-11-05 22:05:49.924560785;.;C:\Users\Gustavo\Documents\Projetos Mestrado\Projeto A Queda do Céu\MN_003\MN 003-7.jpg;True;True;;;
MN 003-91.jpg;MN 003-91;MNSEE.003.0018;Coleção Guarani Kaiowá - Tekohá em litígio - 2020.;"Taquapu. É usado por mulheres nos rituais, acompanha os Mbaraka. Artesã Adelaide. Aldeia Limão Verde - Mato Grosso do Sul, Brasil. Dimensões: A-96cm; D-7cm. Acervo do Setor de Etnologia e Etnografia, Museu Nacional/UFRJ. Coleção Guarani Kaiowá - Tekohá em litígio, doada em 2020.";Aldeia Limão Verde | Etnologia | MNSEE.003.0018 | MS | Mato Grosso do Sul | Taquapu | Tonico Benites | indígena brasileiro;Francisco Moreira da Costa;fotógrafo;Paula Aguiar;Francisco Moreira da Costa - Acervo Etnologia- MN - UFRJ;Francisco Moreira da Costa - Acervo Etnologia- MN - UFRJ;see@mn.ufrj.br;Projeto de Reconstrução do Setor de Etnologia e Etnografia do Museu Nacional/ UFRJ.;;;;2021-04-29T09:38:40.00-03:00;2022-11-05T19:11:23-03:00;2022-11-05T19:11:23-03:00;Adobe Photoshop Lightroom Classic 11.5 (Windows);Canon;Canon EOS 5D Mark IV;382037002395;EF24-105mm f/3.5-5.6 IS STM;000002643f;_N5A5007.CR2;MN 003-91.dng;JPEG;.jpg;3693;6639;vertical;0.5563;24.52;RGB;1;300.0;300.0;2;;;;;;;;5016968;4899.38;4.78;2022-11-05 22:11:25.569393158;.;C:\Users\Gustavo\Documents\Projetos Mestrado\Projeto A Queda do Céu\MN_003\MN 003-91.jpg;True;True;;;
MN 003-92.jpg;MN 003-92;MNSEE.003.0018;Coleção Guarani Kaiowá - Tekohá em litígio - 2020.;"Taquapu. É usado por mulheres nos rituais, acompanha os Mbaraka. Artesã Adelaide. Aldeia Limão Verde - Mato Grosso do Sul, Brasil. Dimensões: A-96cm; D-7cm. Acervo do Setor de Etnologia e Etnografia, Museu Nacional/UFRJ. Coleção Guarani Kaiowá - Tekohá em litígio, doada em 2020.";Aldeia Limão Verde | Etnologia | MNSEE.003.0018 | MS | Mato Grosso do Sul | Taquapu | Tonico Benites | indígena brasileiro;Francisco Moreira da Costa;fotógrafo;Paula Aguiar;Francisco Moreira da Costa - Acervo Etnologia- MN - UFRJ;Francisco Moreira da Costa - Acervo Etnologia- MN - UFRJ;see@mn.ufrj.br;Projeto de Reconstrução do Setor de Etnologia e Etnografia do Museu Nacional/ UFRJ.;;;;2021-04-29T09:39:16.57-03:00;2022-11-05T19:11:30-03:00;2022-11-05T19:11:30-03:00;Adobe Photoshop Lightroom Classic 11.5 (Windows);Canon;Canon EOS 5D Mark IV;382037002395;EF24-105mm f/3.5-5.6 IS STM;000002643f;_N5A5008.CR2;MN 003-92.dng;JPEG;.jpg;3693;6639;vertical;0.5563;24.52;RGB;1;300.0;300.0;2;;;;;;;;4872140;4757.95;4.65;2022-11-05 22:11:34.129507302;.;C:\Users\Gustavo\Documents\Projetos Mestrado\Projeto A Queda do Céu\MN_003\MN 003-92.jpg;True;True;;;
MN 003-108.jpg;MN 003-108;MNSEE.003.0019;Coleção Guarani Kaiowá - Tekohá em litígio - 2020.;"Saia/ Kuña Kuakaha. Utilizada em rituais e também em atos políticos como assembléias e idas a Brasília. Artesão Adelaide (Kuña Mboyrendy). Aldeia Limão Verde  - Mato Grosso do Sul, Brasil. Dimensões: A-21cm; L-53cm. Acervo do Setor de Etnologia e Etnografia, Museu Nacional/UFRJ. Coleção Guarani Kaiowá - Tekohá em litígio, doada em 2020.";Aldeia Limão Verde | Etnologia | Kuña Kuakaha | MNSEE.003.0019 | MS | Mato Grosso do Sul | Saia | Tonico Benites | indígena brasileiro;Francisco Moreira da Costa;fotógrafo;Paula Aguiar;Francisco Moreira da Costa - Acervo Etnologia- MN - UFRJ;Francisco Moreira da Costa - Acervo Etnologia- MN - UFRJ;see@mn.ufrj.br;Projeto de Reconstrução do Setor de Etnologia e Etnografia do Museu Nacional/ UFRJ.;;;;2021-04-29T10:34:56.61-03:00;2022-11-05T19:12:38-03:00;2022-11-05T19:12:38-03:00;Adobe Photoshop Lightroom Classic 11.5 (Windows);Canon;Canon EOS 5D Mark IV;382037002395;EF24-105mm f/3.5-5.6 IS STM;000002643f;_N5A5031.CR2;;JPEG;.jpg;4396;5651;vertical;0.7779;24.84;RGB;1;300.0;300.0;2;;;;;;;;14487198;14147.65;13.82;2022-11-05 22:12:40.397337198;.;C:\Users\Gustavo\Documents\Projetos Mestrado\Projeto A Queda do Céu\MN_003\MN 003-108.jpg;True;True;;;
MN 003-109.jpg;MN 003-109;MNSEE.003.0019;Coleção Guarani Kaiowá - Tekohá em litígio - 2020.;"Saia/ Kuña Kuakaha. Utilizada em rituais e também em atos políticos como assembléias e idas a Brasília. Artesão Adelaide (Kuña Mboyrendy). Aldeia Limão Verde  - Mato Grosso do Sul, Brasil. Dimensões: A-21cm; L-53cm. Acervo do Setor de Etnologia e Etnografia, Museu Nacional/UFRJ. Coleção Guarani Kaiowá - Tekohá em litígio, doada em 2020.";Aldeia Limão Verde | Etnologia | Kuña Kuakaha | MNSEE.003.0019 | MS | Mato Grosso do Sul | Saia | Tonico Benites | indígena brasileiro;Francisco Moreira da Costa;fotógrafo;Paula Aguiar;Francisco Moreira da Costa - Acervo Etnologia- MN - UFRJ;Francisco Moreira da Costa - Acervo Etnologia- MN - UFRJ;see@mn.ufrj.br;Projeto de Reconstrução do Setor de Etnologia e Etnografia do Museu Nacional/ UFRJ.;;;;2021-04-29T10:35:35.68-03:00;2022-11-05T19:12:22-03:00;2022-11-05T19:12:22-03:00;Adobe Photoshop Lightroom Classic 11.5 (Windows);Canon;Canon EOS 5D Mark IV;382037002395;EF24-105mm f/3.5-5.6 IS STM;000002643f;_N5A5032.CR2;;JPEG;.jpg;4396;5651;vertical;0.7779;24.84;RGB;1;300.0;300.0;2;;;;;;;;14574736;14233.14;13.9;2022-11-05 22:12:23.555366278;.;C:\Users\Gustavo\Documents\Projetos Mestrado\Projeto A Queda do Céu\MN_003\MN 003-109.jpg;True;True;;;
MN 003-112.jpg;MN 003-112;MNSEE.003.0020;Coleção Guarani Kaiowá - Tekohá em litígio - 2020.;"Saia/ Kuña Kuakaha. Utilizada em rituais politicos e religiosos.  Artesã Rosicleide Villalva. Aldeia Rancho Jacará  - Mato Grosso do Sul, Brasil. Dimensões: A-53cm; L-53cm. Acervo do Setor de Etnologia e Etnografia, Museu Nacional/UFRJ. Coleção Guarani Kaiowá - Tekohá em litígio, doada em 2020.";Aldeia Rancho Jacaré | Etnologia | Kuña Kuakaha | MNSEE.003.0020 | MS | Mato Grosso do Sul | Saia | Tonico Benites | indígena brasileiro;Francisco Moreira da Costa;fotógrafo;Paula Aguiar;Francisco Moreira da Costa - Acervo Etnologia- MN - UFRJ;Francisco Moreira da Costa - Acervo Etnologia- MN - UFRJ;see@mn.ufrj.br;Projeto de Reconstrução do Setor de Etnologia e Etnografia do Museu Nacional/ UFRJ.;;;;2021-04-29T10:50:03.54-03:00;2022-11-05T19:12:31-03:00;2022-11-05T19:12:31-03:00;Adobe Photoshop Lightroom Classic 11.5 (Windows);Canon;Canon EOS 5D Mark IV;382037002395;EF24-105mm f/3.5-5.6 IS STM;000002643f;_N5A5036.CR2;;JPEG;.jpg;4480;5417;vertical;0.827;24.27;RGB;1;300.0;300.0;2;;;;;;;;7691644;7511.37;7.34;2022-11-05 22:12:33.344194412;.;C:\Users\Gustavo\Documents\Projetos Mestrado\Projeto A Queda do Céu\MN_003\MN 003-112.jpg;True;True;;;
MN 003-113.jpg;MN 003-113;MNSEE.003.0020;Coleção Guarani Kaiowá - Tekohá em litígio - 2020.;"Saia/ Kuña Kuakaha. Utilizada em rituais politicos e religiosos.  Artesã Rosicleide Villalva. Aldeia Rancho Jacará  - Mato Grosso do Sul, Brasil. Dimensões: A-53cm; L-53cm. Acervo do Setor de Etnologia e Etnografia, Museu Nacional/UFRJ. Coleção Guarani Kaiowá - Tekohá em litígio, doada em 2020.";Aldeia Rancho Jacaré | Etnologia | Kuña Kuakaha | MNSEE.003.0020 | MS | Mato Grosso do Sul | Saia | Tonico Benites | indígena brasileiro;Francisco Moreira da Costa;fotógrafo;Paula Aguiar;Francisco Moreira da Costa - Acervo Etnologia- MN - UFRJ;Francisco Moreira da Costa - Acervo Etnologia- MN - UFRJ;see@mn.ufrj.br;Projeto de Reconstrução do Setor de Etnologia e Etnografia do Museu Nacional/ UFRJ.;;;;2021-04-29T10:52:21.60-03:00;2022-11-05T19:12:44-03:00;2022-11-05T19:12:44-03:00;Adobe Photoshop Lightroom Classic 11.5 (Windows);Canon;Canon EOS 5D Mark IV;382037002395;EF24-105mm f/3.5-5.6 IS STM;000002643f;_N5A5037.CR2;;JPEG;.jpg;4480;5417;vertical;0.827;24.27;RGB;1;300.0;300.0;2;;;;;;;;7306646;7135.4;6.97;2022-11-05 22:12:45.447834730;.;C:\Users\Gustavo\Documents\Projetos Mestrado\Projeto A Queda do Céu\MN_003\MN 003-113.jpg;True;True;;;
MN 003-79.jpg;MN 003-79;MNSEE.003.0021;Coleção Guarani Kaiowá - Tekohá em litígio - 2020.;"Coroa/Jeguaká. Trançado flexivél com grafismo específico dos Guarani Kaiowá.  Artesão Germano Lima.  Aldeia Guyra Kabiy -  Mato grosso do Sul, Brasil.  Dimensões: A-16cm; D-26cm. Acervo do Setor de Etnologia e Etnografia, Museu Nacional/UFRJ. Coleção Guarani Kaiowá - Tekohá em litígio, doada em 2020.";Aldeia Guyra Kabiy | Coroa | Etnologia | Guarani Kaiowá | Jeguaká | MNSEE.003.0021 | MS | Mato Grosso do Sul | Tonico Benites | indígena brasileiro;Francisco Moreira da Costa;fotógrafo;Paula Aguiar;Francisco Moreira da Costa - Acervo Etnologia- MN - UFRJ;Francisco Moreira da Costa - Acervo Etnologia- MN - UFRJ;see@mn.ufrj.br;Projeto de Reconstrução do Setor de Etnologia e Etnografia do Museu Nacional/ UFRJ.;;;;2021-04-27T14:18:22.30-03:00;2022-11-05T19:10:35-03:00;2022-11-05T19:10:35-03:00;Adobe Photoshop Lightroom Classic 11.5 (Windows);Canon;Canon EOS 5D Mark IV;382037002395;EF24-105mm f/3.5-5.6 IS STM;000002643f;_N5A4840.CR2;MN 003-79.dng;JPEG;.jpg;5476;4093;horizontal;1.3379;22.41;RGB;1;300.0;300.0;2;;;;;;;;7724489;7543.45;7.37;2022-11-05 22:10:36.837673187;.;C:\Users\Gustavo\Documents\Projetos Mestrado\Projeto A Queda do Céu\MN_003\MN 003-79.jpg;True;True;;;
MN 003-80.jpg;MN 003-80;MNSEE.003.0021;Coleção Guarani Kaiowá - Tekohá em litígio - 2020.;"Coroa/Jeguaká. Trançado flexivél com grafismo específico dos Guarani Kaiowá.  Artesão Germano Lima.  Aldeia Guyra Kabiy -  Mato grosso do Sul, Brasil.  Dimensões: A-16cm; D-26cm. Acervo do Setor de Etnologia e Etnografia, Museu Nacional/UFRJ. Coleção Guarani Kaiowá - Tekohá em litígio, doada em 2020.";Aldeia Guyra Kabiy | Coroa | Etnologia | Guarani Kaiowá | Jeguaká | MNSEE.003.0021 | MS | Mato Grosso do Sul | Tonico Benites | indígena brasileiro;Francisco Moreira da Costa;fotógrafo;Paula Aguiar;Francisco Moreira da Costa - Acervo Etnologia- MN - UFRJ;Francisco Moreira da Costa - Acervo Etnologia- MN - UFRJ;see@mn.ufrj.br;Projeto de Reconstrução do Setor de Etnologia e Etnografia do Museu Nacional/ UFRJ.;;;;2021-04-27T14:20:49.00-03:00;2022-11-05T19:10:46-03:00;2022-11-05T19:10:46-03:00;Adobe Photoshop Lightroom Classic 11.5 (Windows);Canon;Canon EOS 5D Mark IV;382037002395;EF24-105mm f/3.5-5.6 IS STM;000002643f;_N5A4841.CR2;MN 003-80.dng;JPEG;.jpg;5476;4093;horizontal;1.3379;22.41;RGB;1;300.0;300.0;2;;;;;;;;7303931;7132.75;6.97;2022-11-05 22:10:49.007145643;.;C:\Users\Gustavo\Documents\Projetos Mestrado\Projeto A Queda do Céu\MN_003\MN 003-80.jpg;True;True;;;
MN 003-81.jpg;MN 003-81;MNSEE.003.0021;Coleção Guarani Kaiowá - Tekohá em litígio - 2020.;"Coroa/Jeguaká. Trançado flexivél com grafismo específico dos Guarani Kaiowá.  Artesão Germano Lima.  Aldeia Guyra Kabiy -  Mato grosso do Sul, Brasil.  Dimensões: A-16cm; D-26cm. Acervo do Setor de Etnologia e Etnografia, Museu Nacional/UFRJ. Coleção Guarani Kaiowá - Tekohá em litígio, doada em 2020.";Aldeia Guyra Kabiy | Coroa | Etnologia | Guarani Kaiowá | Jeguaká | MNSEE.003.0021 | MS | Mato Grosso do Sul | Tonico Benites | indígena brasileiro;Francisco Moreira da Costa;fotógrafo;Paula Aguiar;Francisco Moreira da Costa - Acervo Etnologia- MN - UFRJ;Francisco Moreira da Costa - Acervo Etnologia- MN - UFRJ;see@mn.ufrj.br;Projeto de Reconstrução do Setor de Etnologia e Etnografia do Museu Nacional/ UFRJ.;;;;2021-04-27T14:22:44.72-03:00;2022-11-05T19:10:44-03:00;2022-11-05T19:10:44-03:00;Adobe Photoshop Lightroom Classic 11.5 (Windows);Canon;Canon EOS 5D Mark IV;382037002395;EF24-105mm f/3.5-5.6 IS STM;000002643f;_N5A4842.CR2;MN 003-81.dng;JPEG;.jpg;6250;4092;horizontal;1.5274;25.57;RGB;1;300.0;300.0;2;;;;;;;;8797687;8591.49;8.39;2022-11-05 22:10:46.009162664;.;C:\Users\Gustavo\Documents\Projetos Mestrado\Projeto A Queda do Céu\MN_003\MN 003-81.jpg;True;True;;;
MN 003-82.jpg;MN 003-82;MNSEE.003.0021;Coleção Guarani Kaiowá - Tekohá em litígio - 2020.;"Coroa/Jeguaká. Trançado flexivél com grafismo específico dos Guarani Kaiowá.  Artesão Germano Lima.  Aldeia Guyra Kabiy -  Mato grosso do Sul, Brasil.  Dimensões: A-16cm; D-26cm. Acervo do Setor de Etnologia e Etnografia, Museu Nacional/UFRJ. Coleção Guarani Kaiowá - Tekohá em litígio, doada em 2020.";Aldeia Guyra Kabiy | Coroa | Etnologia | Guarani Kaiowá | Jeguaká | MNSEE.003.0021 | MS | Mato Grosso do Sul | Tonico Benites | indígena brasileiro;Francisco Moreira da Costa;fotógrafo;Paula Aguiar;Francisco Moreira da Costa - Acervo Etnologia- MN - UFRJ;Francisco Moreira da Costa - Acervo Etnologia- MN - UFRJ;see@mn.ufrj.br;Projeto de Reconstrução do Setor de Etnologia e Etnografia do Museu Nacional/ UFRJ.;;;;2021-04-27T14:23:26.14-03:00;2022-11-05T19:10:55-03:00;2022-11-05T19:10:55-03:00;Adobe Photoshop Lightroom Classic 11.5 (Windows);Canon;Canon EOS 5D Mark IV;382037002395;EF24-105mm f/3.5-5.6 IS STM;000002643f;_N5A4843.CR2;MN 003-82.dng;JPEG;.jpg;6250;4092;horizontal;1.5274;25.57;RGB;1;300.0;300.0;2;;;;;;;;8639478;8436.99;8.24;2022-11-05 22:10:56.113146305;.;C:\Users\Gustavo\Documents\Projetos Mestrado\Projeto A Queda do Céu\MN_003\MN 003-82.jpg;True;True;;;
MN 003-59.jpg;MN 003-59;MNSEE.003.0022;Coleção Guarani Kaiowá - Tekohá em litígio - 2020.;"Cocar/ Jeguaká. Adorno para a cabeça utilizado pelas mulheres para acentar a sabedoria. Artesã Amalia Lima. Aldeia Aldeia Kambiy - Mato Grosso do Sul, Brasil. Dimensões: (cocar)  A-15cm; L-26cm, (cordão) A- 20cm. Acervo do Setor de Etnologia e Etnografia, Museu Nacional/UFRJ. Coleção Guarani Kaiowá - Tekohá em litígio, doada em 2020.";Aldeia Kambiy | Cocar | Etnologia | Jeguaká | MNSEE.003.0022 | MS | Mato Grosso do Sul | Tonico Benites | indígena brasileiro;Francisco Moreira da Costa;fotógrafo;Paula Aguiar;Francisco Moreira da Costa - Acervo Etnologia- MN - UFRJ;Francisco Moreira da Costa - Acervo Etnologia- MN - UFRJ;see@mn.ufrj.br;Projeto de Reconstrução do Setor de Etnologia e Etnografia do Museu Nacional/ UFRJ.;;;;2021-04-28T16:00:53.21-03:00;2022-11-05T19:09:13-03:00;2022-11-05T19:09:13-03:00;Adobe Photoshop Lightroom Classic 11.5 (Windows);Canon;Canon EOS 5D Mark IV;382037002395;EF24-105mm f/3.5-5.6 IS STM;000002643f;_N5A4937.CR2;MN 003-59.dng;JPEG;.jpg;6274;3940;horizontal;1.5924;24.72;RGB;1;300.0;300.0;2;;;;;;;;7686236;7506.09;7.33;2022-11-05 22:09:14.782054663;.;C:\Users\Gustavo\Documents\Projetos Mestrado\Projeto A Queda do Céu\MN_003\MN 003-59.jpg;True;True;;;
MN 003-60.jpg;MN 003-60;MNSEE.003.0022;Coleção Guarani Kaiowá - Tekohá em litígio - 2020.;"Cocar/ Jeguaká. Adorno para a cabeça utilizado pelas mulheres para acentar a sabedoria. Artesã Amalia Lima. Aldeia Aldeia Kambiy - Mato Grosso do Sul, Brasil. Dimensões: (cocar)  A-15cm; L-26cm, (cordão) A- 20cm. Acervo do Setor de Etnologia e Etnografia, Museu Nacional/UFRJ. Coleção Guarani Kaiowá - Tekohá em litígio, doada em 2020.";Aldeia Kambiy | Cocar | Etnologia | Jeguaká | MNSEE.003.0022 | MS | Mato Grosso do Sul | Tonico Benites | indígena brasileiro;Francisco Moreira da Costa;fotógrafo;Paula Aguiar;Francisco Moreira da Costa - Acervo Etnologia- MN - UFRJ;Francisco Moreira da Costa - Acervo Etnologia- MN - UFRJ;see@mn.ufrj.br;Projeto de Reconstrução do Setor de Etnologia e Etnografia do Museu Nacional/ UFRJ.;;;;2021-05-20T11:43:08.10;2022-11-05T19:09:18-03:00;2022-11-05T19:09:18-03:00;Adobe Photoshop Lightroom Classic 11.5 (Windows);NIKON CORPORATION;NIKON D800;3038633;60.0 mm f/2.8;;DSC_0499.NEF;MN 003-60.dng;JPEG;.jpg;6874;4317;horizontal;1.5923;29.68;RGB;1;300.0;300.0;2;;;;;;;;11695860;11421.74;11.15;2022-11-05 22:09:20.611467838;.;C:\Users\Gustavo\Documents\Projetos Mestrado\Projeto A Queda do Céu\MN_003\MN 003-60.jpg;True;True;;;
MN 003-61.jpg;MN 003-61;MNSEE.003.0022;Coleção Guarani Kaiowá - Tekohá em litígio - 2020.;"Cocar/ Jeguaká. Adorno para a cabeça utilizado pelas mulheres para acentar a sabedoria. Artesã Amalia Lima. Aldeia Aldeia Kambiy - Mato Grosso do Sul, Brasil. Dimensões: (cocar)  A-15cm; L-26cm, (cordão) A- 20cm. Acervo do Setor de Etnologia e Etnografia, Museu Nacional/UFRJ. Coleção Guarani Kaiowá - Tekohá em litígio, doada em 2020.";Aldeia Kambiy | Cocar | Etnologia | Jeguaká | MNSEE.003.0022 | MS | Mato Grosso do Sul | Tonico Benites | indígena brasileiro;Francisco Moreira da Costa;fotógrafo;Paula Aguiar;Francisco Moreira da Costa - Acervo Etnologia- MN - UFRJ;Francisco Moreira da Costa - Acervo Etnologia- MN - UFRJ;see@mn.ufrj.br;Projeto de Reconstrução do Setor de Etnologia e Etnografia do Museu Nacional/ UFRJ.;;;;2021-05-20T11:43:21.70;2022-11-05T19:09:21-03:00;2022-11-05T19:09:21-03:00;Adobe Photoshop Lightroom Classic 11.5 (Windows);NIKON CORPORATION;NIKON D800;3038633;60.0 mm f/2.8;;DSC_0500.NEF;MN 003-61.dng;JPEG;.jpg;6874;4317;horizontal;1.5923;29.68;RGB;1;300.0;300.0;2;;;;;;;;11307400;11042.38;10.78;2022-11-05 22:09:24.022348404;.;C:\Users\Gustavo\Documents\Projetos Mestrado\Projeto A Queda do Céu\MN_003\MN 003-61.jpg;True;True;;;
MN 003-62.jpg;MN 003-62;MNSEE.003.0022;Coleção Guarani Kaiowá - Tekohá em litígio - 2020.;"Cocar/ Jeguaká. Adorno para a cabeça utilizado pelas mulheres para acentar a sabedoria. Artesã Amalia Lima. Aldeia Aldeia Kambiy - Mato Grosso do Sul, Brasil. Dimensões: (cocar)  A-15cm; L-26cm, (cordão) A- 20cm. Acervo do Setor de Etnologia e Etnografia, Museu Nacional/UFRJ. Coleção Guarani Kaiowá - Tekohá em litígio, doada em 2020.";Aldeia Kambiy | Cocar | Etnologia | Jeguaká | MNSEE.003.0022 | MS | Mato Grosso do Sul | Tonico Benites | indígena brasileiro;Francisco Moreira da Costa;fotógrafo;Paula Aguiar;Francisco Moreira da Costa - Acervo Etnologia- MN - UFRJ;Francisco Moreira da Costa - Acervo Etnologia- MN - UFRJ;see@mn.ufrj.br;Projeto de Reconstrução do Setor de Etnologia e Etnografia do Museu Nacional/ UFRJ.;;;;2021-05-20T11:44:11.20;2022-11-05T19:09:26-03:00;2022-11-05T19:09:26-03:00;Adobe Photoshop Lightroom Classic 11.5 (Windows);NIKON CORPORATION;NIKON D800;3038633;60.0 mm f/2.8;;DSC_0501.NEF;MN 003-62.dng;JPEG;.jpg;6977;4317;horizontal;1.6162;30.12;RGB;1;300.0;300.0;2;;;;;;;;12473549;12181.2;11.9;2022-11-05 22:09:27.292605877;.;C:\Users\Gustavo\Documents\Projetos Mestrado\Projeto A Queda do Céu\MN_003\MN 003-62.jpg;True;True;;;
MN 003-63.jpg;MN 003-63;MNSEE.003.0022;Coleção Guarani Kaiowá - Tekohá em litígio - 2020.;"Cocar/ Jeguaká. Adorno para a cabeça utilizado pelas mulheres para acentar a sabedoria. Artesã Amalia Lima. Aldeia Aldeia Kambiy - Mato Grosso do Sul, Brasil. Dimensões: (cocar)  A-15cm; L-26cm, (cordão) A- 20cm. Acervo do Setor de Etnologia e Etnografia, Museu Nacional/UFRJ. Coleção Guarani Kaiowá - Tekohá em litígio, doada em 2020.";Aldeia Kambiy | Cocar | Etnologia | Jeguaká | MNSEE.003.0022 | MS | Mato Grosso do Sul | Tonico Benites | indígena brasileiro;Francisco Moreira da Costa;fotógrafo;Paula Aguiar;Francisco Moreira da Costa - Acervo Etnologia- MN - UFRJ;Francisco Moreira da Costa - Acervo Etnologia- MN - UFRJ;see@mn.ufrj.br;Projeto de Reconstrução do Setor de Etnologia e Etnografia do Museu Nacional/ UFRJ.;;;;2021-05-20T11:44:27.40;2022-11-05T19:09:34-03:00;2022-11-05T19:09:34-03:00;Adobe Photoshop Lightroom Classic 11.5 (Windows);NIKON CORPORATION;NIKON D800;3038633;60.0 mm f/2.8;;DSC_0502.NEF;MN 003-63.dng;JPEG;.jpg;7015;4316;horizontal;1.6253;30.28;RGB;1;300.0;300.0;2;;;;;;;;12707622;12409.79;12.12;2022-11-05 22:09:37.374650240;.;C:\Users\Gustavo\Documents\Projetos Mestrado\Projeto A Queda do Céu\MN_003\MN 003-63.jpg;True;True;;;
MN 003-64.jpg;MN 003-64;MNSEE.003.0022;Coleção Guarani Kaiowá - Tekohá em litígio - 2020.;"Cocar/ Jeguaká. Adorno para a cabeça utilizado pelas mulheres para acentar a sabedoria. Artesã Amalia Lima. Aldeia Aldeia Kambiy - Mato Grosso do Sul, Brasil. Dimensões: (cocar)  A-15cm; L-26cm, (cordão) A- 20cm. Acervo do Setor de Etnologia e Etnografia, Museu Nacional/UFRJ. Coleção Guarani Kaiowá - Tekohá em litígio, doada em 2020.";Aldeia Kambiy | Cocar | Etnologia | Jeguaká | MNSEE.003.0022 | MS | Mato Grosso do Sul | Tonico Benites | indígena brasileiro;Francisco Moreira da Costa;fotógrafo;Paula Aguiar;Francisco Moreira da Costa - Acervo Etnologia- MN - UFRJ;Francisco Moreira da Costa - Acervo Etnologia- MN - UFRJ;see@mn.ufrj.br;Projeto de Reconstrução do Setor de Etnologia e Etnografia do Museu Nacional/ UFRJ.;;;;2021-05-20T11:45:30.50;2022-11-05T19:09:32-03:00;2022-11-05T19:09:32-03:00;Adobe Photoshop Lightroom Classic 11.5 (Windows);NIKON CORPORATION;NIKON D800;3038633;60.0 mm f/2.8;;DSC_0503.NEF;MN 003-64.dng;JPEG;.jpg;7157;4317;horizontal;1.6579;30.9;RGB;1;300.0;300.0;2;;;;;;;;11858679;11580.74;11.31;2022-11-05 22:09:34.405593157;.;C:\Users\Gustavo\Documents\Projetos Mestrado\Projeto A Queda do Céu\MN_003\MN 003-64.jpg;True;True;;;
MN 003-65.jpg;MN 003-65;MNSEE.003.0022;Coleção Guarani Kaiowá - Tekohá em litígio - 2020.;"Cocar/ Jeguaká. Adorno para a cabeça utilizado pelas mulheres para acentar a sabedoria. Artesã Amalia Lima. Aldeia Aldeia Kambiy - Mato Grosso do Sul, Brasil. Dimensões: (cocar)  A-15cm; L-26cm, (cordão) A- 20cm. Acervo do Setor de Etnologia e Etnografia, Museu Nacional/UFRJ. Coleção Guarani Kaiowá - Tekohá em litígio, doada em 2020.";Aldeia Kambiy | Cocar | Etnologia | Jeguaká | MNSEE.003.0022 | MS | Mato Grosso do Sul | Tonico Benites | indígena brasileiro;Francisco Moreira da Costa;fotógrafo;Paula Aguiar;Francisco Moreira da Costa - Acervo Etnologia- MN - UFRJ;Francisco Moreira da Costa - Acervo Etnologia- MN - UFRJ;see@mn.ufrj.br;Projeto de Reconstrução do Setor de Etnologia e Etnografia do Museu Nacional/ UFRJ.;;;;2021-05-20T11:45:58.90;2022-11-05T19:09:40-03:00;2022-11-05T19:09:40-03:00;Adobe Photoshop Lightroom Classic 11.5 (Windows);NIKON CORPORATION;NIKON D800;3038633;60.0 mm f/2.8;;DSC_0505.NEF;MN 003-65.dng;JPEG;.jpg;7157;4317;horizontal;1.6579;30.9;RGB;1;300.0;300.0;2;;;;;;;;11285184;11020.69;10.76;2022-11-05 22:09:41.787852287;.;C:\Users\Gustavo\Documents\Projetos Mestrado\Projeto A Queda do Céu\MN_003\MN 003-65.jpg;True;True;;;
MN 003-54.jpg;MN 003-54;MNSEE.003.0023;Coleção Guarani Kaiowá - Tekohá em litígio - 2020.;"Cocar/ Jeguaká. Adorno para a cabeça utilizado pelas mulheres para acentar a sabedoria. Artesã Amalia Lima (morreu em 2018 aos 112 anos). Aldeia Aldeia Kambiy - Mato Grosso do Sul, Brasil. Dimensões: (cocar)  A-15cm; L-27cm, (cordão) A- 20cm. Acervo do Setor de Etnologia e Etnografia, Museu Nacional/UFRJ. Coleção Guarani Kaiowá - Tekohá em litígio, doada em 2020.";Aldeia Kambiy | Cocar | Etnologia | Jeguaká | MNSEE.003.0023 | MS | Mato Grosso do Sul | Tonico Benites | indígena brasileiro;Francisco Moreira da Costa;fotógrafo;Paula Aguiar;Francisco Moreira da Costa - Acervo Etnologia- MN - UFRJ;Francisco Moreira da Costa - Acervo Etnologia- MN - UFRJ;see@mn.ufrj.br;Projeto de Reconstrução do Setor de Etnologia e Etnografia do Museu Nacional/ UFRJ.;;;;2021-05-20T11:38:14.80;2022-11-05T19:08:47-03:00;2022-11-05T19:08:47-03:00;Adobe Photoshop Lightroom Classic 11.5 (Windows);NIKON CORPORATION;NIKON D800;3038633;60.0 mm f/2.8;;DSC_0494.NEF;MN 003-54.dng;JPEG;.jpg;6963;4497;horizontal;1.5484;31.31;RGB;1;300.0;300.0;2;;;;;;;;13613266;13294.21;12.98;2022-11-05 22:08:49.229370356;.;C:\Users\Gustavo\Documents\Projetos Mestrado\Projeto A Queda do Céu\MN_003\MN 003-54.jpg;True;True;;;
MN 003-55.jpg;MN 003-55;MNSEE.003.0023;Coleção Guarani Kaiowá - Tekohá em litígio - 2020.;"Cocar/ Jeguaká. Adorno para a cabeça utilizado pelas mulheres para acentar a sabedoria. Artesã Amalia Lima (morreu em 2018 aos 112 anos). Aldeia Aldeia Kambiy - Mato Grosso do Sul, Brasil. Dimensões: (cocar)  A-15cm; L-27cm, (cordão) A- 20cm. Acervo do Setor de Etnologia e Etnografia, Museu Nacional/UFRJ. Coleção Guarani Kaiowá - Tekohá em litígio, doada em 2020.";Aldeia Kambiy | Cocar | Etnologia | Jeguaká | MNSEE.003.0023 | MS | Mato Grosso do Sul | Tonico Benites | indígena brasileiro;Francisco Moreira da Costa;fotógrafo;Paula Aguiar;Francisco Moreira da Costa - Acervo Etnologia- MN - UFRJ;Francisco Moreira da Costa - Acervo Etnologia- MN - UFRJ;see@mn.ufrj.br;Projeto de Reconstrução do Setor de Etnologia e Etnografia do Museu Nacional/ UFRJ.;;;;2021-05-20T11:38:37.10;2022-11-05T19:08:56-03:00;2022-11-05T19:08:56-03:00;Adobe Photoshop Lightroom Classic 11.5 (Windows);NIKON CORPORATION;NIKON D800;3038633;60.0 mm f/2.8;;DSC_0495.NEF;MN 003-55.dng;JPEG;.jpg;6963;4497;horizontal;1.5484;31.31;RGB;1;300.0;300.0;2;;;;;;;;13956674;13629.56;13.31;2022-11-05 22:08:57.818409920;.;C:\Users\Gustavo\Documents\Projetos Mestrado\Projeto A Queda do Céu\MN_003\MN 003-55.jpg;True;True;;;
MN 003-56.jpg;MN 003-56;MNSEE.003.0023;Coleção Guarani Kaiowá - Tekohá em litígio - 2020.;"Cocar/ Jeguaká. Adorno para a cabeça utilizado pelas mulheres para acentar a sabedoria. Artesã Amalia Lima (morreu em 2018 aos 112 anos). Aldeia Aldeia Kambiy - Mato Grosso do Sul, Brasil. Dimensões: (cocar)  A-15cm; L-27cm, (cordão) A- 20cm. Acervo do Setor de Etnologia e Etnografia, Museu Nacional/UFRJ. Coleção Guarani Kaiowá - Tekohá em litígio, doada em 2020.";Aldeia Kambiy | Cocar | Etnologia | Jeguaká | MNSEE.003.0023 | MS | Mato Grosso do Sul | Tonico Benites | indígena brasileiro;Francisco Moreira da Costa;fotógrafo;Paula Aguiar;Francisco Moreira da Costa - Acervo Etnologia- MN - UFRJ;Francisco Moreira da Costa - Acervo Etnologia- MN - UFRJ;see@mn.ufrj.br;Projeto de Reconstrução do Setor de Etnologia e Etnografia do Museu Nacional/ UFRJ.;;;;2021-05-20T11:39:56.80;2022-11-05T19:09:01-03:00;2022-11-05T19:09:01-03:00;Adobe Photoshop Lightroom Classic 11.5 (Windows);NIKON CORPORATION;NIKON D800;3038633;60.0 mm f/2.8;;DSC_0496.NEF;MN 003-56.dng;JPEG;.jpg;6963;4497;horizontal;1.5484;31.31;RGB;1;300.0;300.0;2;;;;;;;;13368690;13055.36;12.75;2022-11-05 22:09:03.209992170;.;C:\Users\Gustavo\Documents\Projetos Mestrado\Projeto A Queda do Céu\MN_003\MN 003-56.jpg;True;True;;;
MN 003-57.jpg;MN 003-57;MNSEE.003.0023;Coleção Guarani Kaiowá - Tekohá em litígio - 2020.;"Cocar/ Jeguaká. Adorno para a cabeça utilizado pelas mulheres para acentar a sabedoria. Artesã Amalia Lima (morreu em 2018 aos 112 anos). Aldeia Aldeia Kambiy - Mato Grosso do Sul, Brasil. Dimensões: (cocar)  A-15cm; L-27cm, (cordão) A- 20cm. Acervo do Setor de Etnologia e Etnografia, Museu Nacional/UFRJ. Coleção Guarani Kaiowá - Tekohá em litígio, doada em 2020.";Aldeia Kambiy | Cocar | Etnologia | Jeguaká | MNSEE.003.0023 | MS | Mato Grosso do Sul | Tonico Benites | indígena brasileiro;Francisco Moreira da Costa;fotógrafo;Paula Aguiar;Francisco Moreira da Costa - Acervo Etnologia- MN - UFRJ;Francisco Moreira da Costa - Acervo Etnologia- MN - UFRJ;see@mn.ufrj.br;Projeto de Reconstrução do Setor de Etnologia e Etnografia do Museu Nacional/ UFRJ.;;;;2021-05-20T11:40:49.50;2022-11-05T19:09:11-03:00;2022-11-05T19:09:11-03:00;Adobe Photoshop Lightroom Classic 11.5 (Windows);NIKON CORPORATION;NIKON D800;3038633;60.0 mm f/2.8;;DSC_0497.NEF;MN 003-57.dng;JPEG;.jpg;7091;4458;horizontal;1.5906;31.61;RGB;1;300.0;300.0;2;;;;;;;;14117452;13786.57;13.46;2022-11-05 22:09:12.849221706;.;C:\Users\Gustavo\Documents\Projetos Mestrado\Projeto A Queda do Céu\MN_003\MN 003-57.jpg;True;True;;;
MN 003-58.jpg;MN 003-58;MNSEE.003.0023;Coleção Guarani Kaiowá - Tekohá em litígio - 2020.;"Cocar/ Jeguaká. Adorno para a cabeça utilizado pelas mulheres para acentar a sabedoria. Artesã Amalia Lima (morreu em 2018 aos 112 anos). Aldeia Aldeia Kambiy - Mato Grosso do Sul, Brasil. Dimensões: (cocar)  A-15cm; L-27cm, (cordão) A- 20cm. Acervo do Setor de Etnologia e Etnografia, Museu Nacional/UFRJ. Coleção Guarani Kaiowá - Tekohá em litígio, doada em 2020.";Aldeia Kambiy | Cocar | Etnologia | Jeguaká | MNSEE.003.0023 | MS | Mato Grosso do Sul | Tonico Benites | indígena brasileiro;Francisco Moreira da Costa;fotógrafo;Paula Aguiar;Francisco Moreira da Costa - Acervo Etnologia- MN - UFRJ;Francisco Moreira da Costa - Acervo Etnologia- MN - UFRJ;see@mn.ufrj.br;Projeto de Reconstrução do Setor de Etnologia e Etnografia do Museu Nacional/ UFRJ.;;;;2021-05-20T11:41:13.80;2022-11-05T19:09:07-03:00;2022-11-05T19:09:07-03:00;Adobe Photoshop Lightroom Classic 11.5 (Windows);NIKON CORPORATION;NIKON D800;3038633;60.0 mm f/2.8;;DSC_0498.NEF;MN 003-58.dng;JPEG;.jpg;7091;4458;horizontal;1.5906;31.61;RGB;1;300.0;300.0;2;;;;;;;;13697787;13376.75;13.06;2022-11-05 22:09:08.744197130;.;C:\Users\Gustavo\Documents\Projetos Mestrado\Projeto A Queda do Céu\MN_003\MN 003-58.jpg;True;True;;;
MN 003-51.jpg;MN 003-51;MNSEE.003.0024;Coleção Guarani Kaiowá - Tekohá em litígio - 2020.;"Cocar/ Jeguaká. Adorno para a cabeça utilizado pelas mulheres para acentar a sabedoria. Artesã Lima (morreu em 2018 aos 112 anos). Aldeia Aldeia Kambiy - Mato Grosso do Sul, Brasil.  Dimensões: (cocar)  A-15cm; L-28cm, (cordão) A- 20cm. Acervo do Setor de Etnologia e Etnografia, Museu Nacional/UFRJ. Coleção Guarani Kaiowá - Tekohá em litígio, doada em 2020.";Aldeia Kambiy | Cocar | Etnologia | Jeguaká | MNSEE.003.0024 | MS | Mato Grosso do Sul | Tonico Benites | indígena brasileiro;Francisco Moreira da Costa;fotógrafo;Paula Aguiar;Francisco Moreira da Costa - Acervo Etnologia- MN - UFRJ;Francisco Moreira da Costa - Acervo Etnologia- MN - UFRJ;see@mn.ufrj.br;Projeto de Reconstrução do Setor de Etnologia e Etnografia do Museu Nacional/ UFRJ.;;;;2021-05-20T11:31:41.80;2022-11-05T19:08:40-03:00;2022-11-05T19:08:40-03:00;Adobe Photoshop Lightroom Classic 11.5 (Windows);NIKON CORPORATION;NIKON D800;3038633;60.0 mm f/2.8;;DSC_0489.NEF;MN 003-51.dng;JPEG;.jpg;6668;4356;horizontal;1.5308;29.05;RGB;1;300.0;300.0;2;;;;;;;;11874669;11596.36;11.32;2022-11-05 22:08:42.221107006;.;C:\Users\Gustavo\Documents\Projetos Mestrado\Projeto A Queda do Céu\MN_003\MN 003-51.jpg;True;True;;;
MN 003-52.jpg;MN 003-52;MNSEE.003.0024;Coleção Guarani Kaiowá - Tekohá em litígio - 2020.;"Cocar/ Jeguaká. Adorno para a cabeça utilizado pelas mulheres para acentar a sabedoria. Artesã Lima (morreu em 2018 aos 112 anos). Aldeia Aldeia Kambiy - Mato Grosso do Sul, Brasil.  Dimensões: (cocar)  A-15cm; L-28cm, (cordão) A- 20cm. Acervo do Setor de Etnologia e Etnografia, Museu Nacional/UFRJ. Coleção Guarani Kaiowá - Tekohá em litígio, doada em 2020.";Aldeia Kambiy | Cocar | Etnologia | Jeguaká | MNSEE.003.0024 | MS | Mato Grosso do Sul | Tonico Benites | indígena brasileiro;Francisco Moreira da Costa;fotógrafo;Paula Aguiar;Francisco Moreira da Costa - Acervo Etnologia- MN - UFRJ;Francisco Moreira da Costa - Acervo Etnologia- MN - UFRJ;see@mn.ufrj.br;Projeto de Reconstrução do Setor de Etnologia e Etnografia do Museu Nacional/ UFRJ.;;;;2021-05-20T11:31:55.00;2022-11-05T19:08:53-03:00;2022-11-05T19:08:53-03:00;Adobe Photoshop Lightroom Classic 11.5 (Windows);NIKON CORPORATION;NIKON D800;3038633;60.0 mm f/2.8;;DSC_0490.NEF;MN 003-52.dng;JPEG;.jpg;6668;4356;horizontal;1.5308;29.05;RGB;1;300.0;300.0;2;;;;;;;;11073736;10814.2;10.56;2022-11-05 22:08:56.724331856;.;C:\Users\Gustavo\Documents\Projetos Mestrado\Projeto A Queda do Céu\MN_003\MN 003-52.jpg;True;True;;;
MN 003-53.jpg;MN 003-53;MNSEE.003.0024;Coleção Guarani Kaiowá - Tekohá em litígio - 2020.;"Cocar/ Jeguaká. Adorno para a cabeça utilizado pelas mulheres para acentar a sabedoria. Artesã Lima (morreu em 2018 aos 112 anos). Aldeia Aldeia Kambiy - Mato Grosso do Sul, Brasil.  Dimensões: (cocar)  A-15cm; L-28cm, (cordão) A- 20cm. Acervo do Setor de Etnologia e Etnografia, Museu Nacional/UFRJ. Coleção Guarani Kaiowá - Tekohá em litígio, doada em 2020.";Aldeia Kambiy | Cocar | Etnologia | Jeguaká | MNSEE.003.0024 | MS | Mato Grosso do Sul | Tonico Benites | indígena brasileiro;Francisco Moreira da Costa;fotógrafo;Paula Aguiar;Francisco Moreira da Costa - Acervo Etnologia- MN - UFRJ;Francisco Moreira da Costa - Acervo Etnologia- MN - UFRJ;see@mn.ufrj.br;Projeto de Reconstrução do Setor de Etnologia e Etnografia do Museu Nacional/ UFRJ.;;;;2021-05-20T11:33:39.70;2022-11-05T19:10:26-03:00;2022-11-05T19:10:26-03:00;Adobe Photoshop Lightroom Classic 11.5 (Windows);NIKON CORPORATION;NIKON D800;3038633;60.0 mm f/2.8;;DSC_0493.NEF;MN 003-53.dng;JPEG;.jpg;7053;4587;horizontal;1.5376;32.35;RGB;1;300.0;300.0;2;;;;;;;;12347224;12057.84;11.78;2022-11-05 22:10:27.825767517;.;C:\Users\Gustavo\Documents\Projetos Mestrado\Projeto A Queda do Céu\MN_003\MN 003-53.jpg;True;True;;;
MN 003-43.jpg;MN 003-43;MNSEE.003.0025;Coleção Guarani Kaiowá - Tekohá em litígio - 2020.;"Cocar/ Jeguaká. Adorno para a cabeça utilizado pelas mulheres para acentar a sabedoria. Artesã Amalia Lima. Aldeia Aldeia Kambiy - Mato Grosso do Sul, Brasil. Dimensões: (cocar)  A-15cm; L-29cm, (cordão) A- 20cm. Acervo do Setor de Etnologia e Etnografia, Museu Nacional/UFRJ. Coleção Guarani Kaiowá - Tekohá em litígio, doada em 2020.";Aldeia Kambiy | Cocar | Etnologia | Jeguaká | MNSEE.003.0025 | MS | Mato Grosso do Sul | Tonico Benites | indígena brasileiro;Francisco Moreira da Costa;fotógrafo;Paula Aguiar;Francisco Moreira da Costa - Acervo Etnologia- MN - UFRJ;Francisco Moreira da Costa - Acervo Etnologia- MN - UFRJ;see@mn.ufrj.br;Projeto de Reconstrução do Setor de Etnologia e Etnografia do Museu Nacional/ UFRJ.;;;;2021-05-20T11:21:42.40;2022-11-05T19:08:05-03:00;2022-11-05T19:08:05-03:00;Adobe Photoshop Lightroom Classic 11.5 (Windows);NIKON CORPORATION;NIKON D800;3038633;60.0 mm f/2.8;;DSC_0480.NEF;MN 003-43.dng;JPEG;.jpg;6783;4844;horizontal;1.4003;32.86;RGB;1;300.0;300.0;2;;;;;;;;14608739;14266.35;13.93;2022-11-05 22:08:06.393893957;.;C:\Users\Gustavo\Documents\Projetos Mestrado\Projeto A Queda do Céu\MN_003\MN 003-43.jpg;True;True;;;
MN 003-44.jpg;MN 003-44;MNSEE.003.0025;Coleção Guarani Kaiowá - Tekohá em litígio - 2020.;"Cocar/ Jeguaká. Adorno para a cabeça utilizado pelas mulheres para acentar a sabedoria. Artesã Amalia Lima. Aldeia Aldeia Kambiy - Mato Grosso do Sul, Brasil. Dimensões: (cocar)  A-15cm; L-29cm, (cordão) A- 20cm. Acervo do Setor de Etnologia e Etnografia, Museu Nacional/UFRJ. Coleção Guarani Kaiowá - Tekohá em litígio, doada em 2020.";Aldeia Kambiy | Cocar | Etnologia | Jeguaká | MNSEE.003.0025 | MS | Mato Grosso do Sul | Tonico Benites | indígena brasileiro;Francisco Moreira da Costa;fotógrafo;Paula Aguiar;Francisco Moreira da Costa - Acervo Etnologia- MN - UFRJ;Francisco Moreira da Costa - Acervo Etnologia- MN - UFRJ;see@mn.ufrj.br;Projeto de Reconstrução do Setor de Etnologia e Etnografia do Museu Nacional/ UFRJ.;;;;2021-05-20T11:22:03.00;2022-11-05T19:08:17-03:00;2022-11-05T19:08:17-03:00;Adobe Photoshop Lightroom Classic 11.5 (Windows);NIKON CORPORATION;NIKON D800;3038633;60.0 mm f/2.8;;DSC_0481.NEF;MN 003-44.dng;JPEG;.jpg;6783;4844;horizontal;1.4003;32.86;RGB;1;300.0;300.0;2;;;;;;;;14501606;14161.72;13.83;2022-11-05 22:08:18.266151666;.;C:\Users\Gustavo\Documents\Projetos Mestrado\Projeto A Queda do Céu\MN_003\MN 003-44.jpg;True;True;;;
MN 003-45.jpg;MN 003-45;MNSEE.003.0025;Coleção Guarani Kaiowá - Tekohá em litígio - 2020.;"Cocar/ Jeguaká. Adorno para a cabeça utilizado pelas mulheres para acentar a sabedoria. Artesã Amalia Lima. Aldeia Aldeia Kambiy - Mato Grosso do Sul, Brasil. Dimensões: (cocar)  A-15cm; L-29cm, (cordão) A- 20cm. Acervo do Setor de Etnologia e Etnografia, Museu Nacional/UFRJ. Coleção Guarani Kaiowá - Tekohá em litígio, doada em 2020.";Aldeia Kambiy | Cocar | Etnologia | Jeguaká | MNSEE.003.0025 | MS | Mato Grosso do Sul | Tonico Benites | indígena brasileiro;Francisco Moreira da Costa;fotógrafo;Paula Aguiar;Francisco Moreira da Costa - Acervo Etnologia- MN - UFRJ;Francisco Moreira da Costa - Acervo Etnologia- MN - UFRJ;see@mn.ufrj.br;Projeto de Reconstrução do Setor de Etnologia e Etnografia do Museu Nacional/ UFRJ.;;;;2021-05-20T11:22:25.10;2022-11-05T19:08:10-03:00;2022-11-05T19:08:10-03:00;Adobe Photoshop Lightroom Classic 11.5 (Windows);NIKON CORPORATION;NIKON D800;3038633;60.0 mm f/2.8;;DSC_0482.NEF;MN 003-45.dng;JPEG;.jpg;6783;4844;horizontal;1.4003;32.86;RGB;1;300.0;300.0;2;;;;;;;;14901032;14551.79;14.21;2022-11-05 22:08:12.822704792;.;C:\Users\Gustavo\Documents\Projetos Mestrado\Projeto A Queda do Céu\MN_003\MN 003-45.jpg;True;True;;;
MN 003-46.jpg;MN 003-46;MNSEE.003.0025;Coleção Guarani Kaiowá - Tekohá em litígio - 2020.;"Cocar/ Jeguaká. Adorno para a cabeça utilizado pelas mulheres para acentar a sabedoria. Artesã Amalia Lima. Aldeia Aldeia Kambiy - Mato Grosso do Sul, Brasil. Dimensões: (cocar)  A-15cm; L-29cm, (cordão) A- 20cm. Acervo do Setor de Etnologia e Etnografia, Museu Nacional/UFRJ. Coleção Guarani Kaiowá - Tekohá em litígio, doada em 2020.";Aldeia Kambiy | Cocar | Etnologia | Jeguaká | MNSEE.003.0025 | MS | Mato Grosso do Sul | Tonico Benites | indígena brasileiro;Francisco Moreira da Costa;fotógrafo;Paula Aguiar;Francisco Moreira da Costa - Acervo Etnologia- MN - UFRJ;Francisco Moreira da Costa - Acervo Etnologia- MN - UFRJ;see@mn.ufrj.br;Projeto de Reconstrução do Setor de Etnologia e Etnografia do Museu Nacional/ UFRJ.;;;;2021-05-20T11:26:32.40;2022-11-05T19:08:17-03:00;2022-11-05T19:08:17-03:00;Adobe Photoshop Lightroom Classic 11.5 (Windows);NIKON CORPORATION;NIKON D800;3038633;60.0 mm f/2.8;;DSC_0483.NEF;MN 003-46.dng;JPEG;.jpg;6706;4715;horizontal;1.4223;31.62;RGB;1;300.0;300.0;2;;;;;;;;15237283;14880.16;14.53;2022-11-05 22:08:18.643144131;.;C:\Users\Gustavo\Documents\Projetos Mestrado\Projeto A Queda do Céu\MN_003\MN 003-46.jpg;True;True;;;
MN 003-47.jpg;MN 003-47;MNSEE.003.0025;Coleção Guarani Kaiowá - Tekohá em litígio - 2020.;"Cocar/ Jeguaká. Adorno para a cabeça utilizado pelas mulheres para acentar a sabedoria. Artesã Amalia Lima. Aldeia Aldeia Kambiy - Mato Grosso do Sul, Brasil. Dimensões: (cocar)  A-15cm; L-29cm, (cordão) A- 20cm. Acervo do Setor de Etnologia e Etnografia, Museu Nacional/UFRJ. Coleção Guarani Kaiowá - Tekohá em litígio, doada em 2020.";Aldeia Kambiy | Cocar | Etnologia | Jeguaká | MNSEE.003.0025 | MS | Mato Grosso do Sul | Tonico Benites | indígena brasileiro;Francisco Moreira da Costa;fotógrafo;Paula Aguiar;Francisco Moreira da Costa - Acervo Etnologia- MN - UFRJ;Francisco Moreira da Costa - Acervo Etnologia- MN - UFRJ;see@mn.ufrj.br;Projeto de Reconstrução do Setor de Etnologia e Etnografia do Museu Nacional/ UFRJ.;;;;2021-05-20T11:27:00.80;2022-11-05T19:08:30-03:00;2022-11-05T19:08:30-03:00;Adobe Photoshop Lightroom Classic 11.5 (Windows);NIKON CORPORATION;NIKON D800;3038633;60.0 mm f/2.8;;DSC_0484.NEF;MN 003-47.dng;JPEG;.jpg;6706;4715;horizontal;1.4223;31.62;RGB;1;300.0;300.0;2;;;;;;;;15222454;14865.68;14.52;2022-11-05 22:08:31.770047903;.;C:\Users\Gustavo\Documents\Projetos Mestrado\Projeto A Queda do Céu\MN_003\MN 003-47.jpg;True;True;;;
MN 003-48.jpg;MN 003-48;MNSEE.003.0025;Coleção Guarani Kaiowá - Tekohá em litígio - 2020.;"Cocar/ Jeguaká. Adorno para a cabeça utilizado pelas mulheres para acentar a sabedoria. Artesã Amalia Lima. Aldeia Aldeia Kambiy - Mato Grosso do Sul, Brasil. Dimensões: (cocar)  A-15cm; L-29cm, (cordão) A- 20cm. Acervo do Setor de Etnologia e Etnografia, Museu Nacional/UFRJ. Coleção Guarani Kaiowá - Tekohá em litígio, doada em 2020.";Aldeia Kambiy | Cocar | Etnologia | Jeguaká | MNSEE.003.0025 | MS | Mato Grosso do Sul | Tonico Benites | indígena brasileiro;Francisco Moreira da Costa;fotógrafo;Paula Aguiar;Francisco Moreira da Costa - Acervo Etnologia- MN - UFRJ;Francisco Moreira da Costa - Acervo Etnologia- MN - UFRJ;see@mn.ufrj.br;Projeto de Reconstrução do Setor de Etnologia e Etnografia do Museu Nacional/ UFRJ.;;;;2021-05-20T11:27:51.50;2022-11-05T19:08:41-03:00;2022-11-05T19:08:41-03:00;Adobe Photoshop Lightroom Classic 11.5 (Windows);NIKON CORPORATION;NIKON D800;3038633;60.0 mm f/2.8;;DSC_0485.NEF;MN 003-48.dng;JPEG;.jpg;6706;4715;horizontal;1.4223;31.62;RGB;1;300.0;300.0;2;;;;;;;;15299150;14940.58;14.59;2022-11-05 22:08:43.741044521;.;C:\Users\Gustavo\Documents\Projetos Mestrado\Projeto A Queda do Céu\MN_003\MN 003-48.jpg;True;True;;;
MN 003-49.jpg;MN 003-49;MNSEE.003.0025;Coleção Guarani Kaiowá - Tekohá em litígio - 2020.;"Cocar/ Jeguaká. Adorno para a cabeça utilizado pelas mulheres para acentar a sabedoria. Artesã Amalia Lima. Aldeia Aldeia Kambiy - Mato Grosso do Sul, Brasil. Dimensões: (cocar)  A-15cm; L-29cm, (cordão) A- 20cm. Acervo do Setor de Etnologia e Etnografia, Museu Nacional/UFRJ. Coleção Guarani Kaiowá - Tekohá em litígio, doada em 2020.";Aldeia Kambiy | Cocar | Etnologia | Jeguaká | MNSEE.003.0025 | MS | Mato Grosso do Sul | Tonico Benites | indígena brasileiro;Francisco Moreira da Costa;fotógrafo;Paula Aguiar;Francisco Moreira da Costa - Acervo Etnologia- MN - UFRJ;Francisco Moreira da Costa - Acervo Etnologia- MN - UFRJ;see@mn.ufrj.br;Projeto de Reconstrução do Setor de Etnologia e Etnografia do Museu Nacional/ UFRJ.;;;;2021-05-20T11:28:14.40;2022-11-05T19:08:33-03:00;2022-11-05T19:08:33-03:00;Adobe Photoshop Lightroom Classic 11.5 (Windows);NIKON CORPORATION;NIKON D800;3038633;60.0 mm f/2.8;;DSC_0486.NEF;MN 003-49.dng;JPEG;.jpg;6706;4715;horizontal;1.4223;31.62;RGB;1;300.0;300.0;2;;;;;;;;15435865;15074.09;14.72;2022-11-05 22:08:34.891703129;.;C:\Users\Gustavo\Documents\Projetos Mestrado\Projeto A Queda do Céu\MN_003\MN 003-49.jpg;True;True;;;
MN 003-50.jpg;MN 003-50;MNSEE.003.0025;Coleção Guarani Kaiowá - Tekohá em litígio - 2020.;"Cocar/ Jeguaká. Adorno para a cabeça utilizado pelas mulheres para acentar a sabedoria. Artesã Amalia Lima. Aldeia Aldeia Kambiy - Mato Grosso do Sul, Brasil. Dimensões: (cocar)  A-15cm; L-29cm, (cordão) A- 20cm. Acervo do Setor de Etnologia e Etnografia, Museu Nacional/UFRJ. Coleção Guarani Kaiowá - Tekohá em litígio, doada em 2020.";Aldeia Kambiy | Cocar | Etnologia | Jeguaká | MNSEE.003.0025 | MS | Mato Grosso do Sul | Tonico Benites | indígena brasileiro;Francisco Moreira da Costa;fotógrafo;Paula Aguiar;Francisco Moreira da Costa - Acervo Etnologia- MN - UFRJ;Francisco Moreira da Costa - Acervo Etnologia- MN - UFRJ;see@mn.ufrj.br;Projeto de Reconstrução do Setor de Etnologia e Etnografia do Museu Nacional/ UFRJ.;;;;2021-05-20T11:29:21.60;2022-11-05T19:08:30-03:00;2022-11-05T19:08:30-03:00;Adobe Photoshop Lightroom Classic 11.5 (Windows);NIKON CORPORATION;NIKON D800;3038633;60.0 mm f/2.8;;DSC_0487.NEF;MN 003-50.dng;JPEG;.jpg;7182;4651;horizontal;1.5442;33.4;RGB;1;300.0;300.0;2;;;;;;;;15259366;14901.72;14.55;2022-11-05 22:08:32.356479883;.;C:\Users\Gustavo\Documents\Projetos Mestrado\Projeto A Queda do Céu\MN_003\MN 003-50.jpg;True;True;;;
MN 003-10.jpg;MN 003-10;MNSEE.003.0026;Coleção Guarani Kaiowá - Tekohá em litígio - 2020.;"Apito/ Mimby jary. Instrumento religioso e musical. Tem o formato de uma mulher idosa. Artesão Família de Adulia Gomes. Aldeia Guaiviry - Mato Grosso do Sul, Brasil. Dimensões: A-15cm; L-6cm. Acervo do Setor de Etnologia e Etnografia, Museu Nacional/UFRJ. Coleção Guarani Kaiowá - Tekohá em litígio, doada em 2020.";Aldeia Guaiviry | Etnologia | MNSEE.003.0026 | MS | Mato Grosso do Sul | Mimby jary | Tonico Benites | apito | indígena brasileiro;Francisco Moreira da Costa;fotógrafo;Paula Aguiar;Francisco Moreira da Costa - Acervo Etnologia- MN - UFRJ;Francisco Moreira da Costa - Acervo Etnologia- MN - UFRJ;see@mn.ufrj.br;Projeto de Reconstrução do Setor de Etnologia e Etnografia do Museu Nacional/ UFRJ.;;;;2021-04-30T09:59:51.30;2022-11-05T19:06:03-03:00;2022-11-05T19:06:03-03:00;Adobe Photoshop Lightroom Classic 11.5 (Windows);NIKON CORPORATION;NIKON D800;3038633;60.0 mm f/2.8;;DSC_8885.NEF;MN 003-10.dng;JPEG;.jpg;6578;4227;horizontal;1.5562;27.81;RGB;1;300.0;300.0;2;;;;;;;;7062427;6896.9;6.74;2022-11-05 22:06:04.132575989;.;C:\Users\Gustavo\Documents\Projetos Mestrado\Projeto A Queda do Céu\MN_003\MN 003-10.jpg;True;True;;;
MN 003-11.jpg;MN 003-11;MNSEE.003.0026;Coleção Guarani Kaiowá - Tekohá em litígio - 2020.;"Apito/ Mimby jary. Instrumento religioso e musical. Tem o formato de uma mulher idosa. Artesão Família de Adulia Gomes. Aldeia Guaiviry - Mato Grosso do Sul, Brasil. Dimensões: A-15cm; L-6cm. Acervo do Setor de Etnologia e Etnografia, Museu Nacional/UFRJ. Coleção Guarani Kaiowá - Tekohá em litígio, doada em 2020.";Aldeia Guaiviry | Etnologia | MNSEE.003.0026 | MS | Mato Grosso do Sul | Mimby jary | Tonico Benites | apito | indígena brasileiro;Francisco Moreira da Costa;fotógrafo;Paula Aguiar;Francisco Moreira da Costa - Acervo Etnologia- MN - UFRJ;Francisco Moreira da Costa - Acervo Etnologia- MN - UFRJ;see@mn.ufrj.br;Projeto de Reconstrução do Setor de Etnologia e Etnografia do Museu Nacional/ UFRJ.;;;;2021-04-30T10:01:01.30;2022-11-05T19:06:03-03:00;2022-11-05T19:06:03-03:00;Adobe Photoshop Lightroom Classic 11.5 (Windows);NIKON CORPORATION;NIKON D800;3038633;60.0 mm f/2.8;;DSC_8888.NEF;MN 003-11.dng;JPEG;.jpg;6578;4227;horizontal;1.5562;27.81;RGB;1;300.0;300.0;2;;;;;;;;6932392;6769.91;6.61;2022-11-05 22:06:04.369940042;.;C:\Users\Gustavo\Documents\Projetos Mestrado\Projeto A Queda do Céu\MN_003\MN 003-11.jpg;True;True;;;
MN 003-12.jpg;MN 003-12;MNSEE.003.0026;Coleção Guarani Kaiowá - Tekohá em litígio - 2020.;"Apito/ Mimby jary. Instrumento religioso e musical. Tem o formato de uma mulher idosa. Artesão Família de Adulia Gomes. Aldeia Guaiviry - Mato Grosso do Sul, Brasil. Dimensões: A-15cm; L-6cm. Acervo do Setor de Etnologia e Etnografia, Museu Nacional/UFRJ. Coleção Guarani Kaiowá - Tekohá em litígio, doada em 2020.";Aldeia Guaiviry | Etnologia | MNSEE.003.0026 | MS | Mato Grosso do Sul | Mimby jary | Tonico Benites | apito | indígena brasileiro;Francisco Moreira da Costa;fotógrafo;Paula Aguiar;Francisco Moreira da Costa - Acervo Etnologia- MN - UFRJ;Francisco Moreira da Costa - Acervo Etnologia- MN - UFRJ;see@mn.ufrj.br;Projeto de Reconstrução do Setor de Etnologia e Etnografia do Museu Nacional/ UFRJ.;;;;2021-04-30T10:01:38.60;2022-11-05T19:06:10-03:00;2022-11-05T19:06:10-03:00;Adobe Photoshop Lightroom Classic 11.5 (Windows);NIKON CORPORATION;NIKON D800;3038633;60.0 mm f/2.8;;DSC_8889.NEF;MN 003-12.dng;JPEG;.jpg;3754;5935;vertical;0.6325;22.28;RGB;1;300.0;300.0;2;;;;;;;;4195723;4097.39;4.0;2022-11-05 22:06:11.560714960;.;C:\Users\Gustavo\Documents\Projetos Mestrado\Projeto A Queda do Céu\MN_003\MN 003-12.jpg;True;True;;;
MN 003-13.jpg;MN 003-13;MNSEE.003.0026;Coleção Guarani Kaiowá - Tekohá em litígio - 2020.;"Apito/ Mimby jary. Instrumento religioso e musical. Tem o formato de uma mulher idosa. Artesão Família de Adulia Gomes. Aldeia Guaiviry - Mato Grosso do Sul, Brasil. Dimensões: A-15cm; L-6cm. Acervo do Setor de Etnologia e Etnografia, Museu Nacional/UFRJ. Coleção Guarani Kaiowá - Tekohá em litígio, doada em 2020.";Aldeia Guaiviry | Etnologia | MNSEE.003.0026 | MS | Mato Grosso do Sul | Mimby jary | Tonico Benites | apito | indígena brasileiro;Francisco Moreira da Costa;fotógrafo;Paula Aguiar;Francisco Moreira da Costa - Acervo Etnologia- MN - UFRJ;Francisco Moreira da Costa - Acervo Etnologia- MN - UFRJ;see@mn.ufrj.br;Projeto de Reconstrução do Setor de Etnologia e Etnografia do Museu Nacional/ UFRJ.;;;;2021-04-30T10:04:07.80;2022-11-05T19:06:32-03:00;2022-11-05T19:06:32-03:00;Adobe Photoshop Lightroom Classic 11.5 (Windows);NIKON CORPORATION;NIKON D800;3038633;60.0 mm f/2.8;;DSC_8891.NEF;MN 003-13.dng;JPEG;.jpg;3753;6283;vertical;0.5973;23.58;RGB;1;300.0;300.0;2;;;;;;;;6054332;5912.43;5.77;2022-11-05 22:06:35.093797445;.;C:\Users\Gustavo\Documents\Projetos Mestrado\Projeto A Queda do Céu\MN_003\MN 003-13.jpg;True;True;;;
MN 003-14.jpg;MN 003-14;MNSEE.003.0026;Coleção Guarani Kaiowá - Tekohá em litígio - 2020.;"Apito/ Mimby jary. Instrumento religioso e musical. Tem o formato de uma mulher idosa. Artesão Família de Adulia Gomes. Aldeia Guaiviry - Mato Grosso do Sul, Brasil. Dimensões: A-15cm; L-6cm. Acervo do Setor de Etnologia e Etnografia, Museu Nacional/UFRJ. Coleção Guarani Kaiowá - Tekohá em litígio, doada em 2020.";Aldeia Guaiviry | Etnologia | MNSEE.003.0026 | MS | Mato Grosso do Sul | Mimby jary | Tonico Benites | apito | indígena brasileiro;Francisco Moreira da Costa;fotógrafo;Paula Aguiar;Francisco Moreira da Costa - Acervo Etnologia- MN - UFRJ;Francisco Moreira da Costa - Acervo Etnologia- MN - UFRJ;see@mn.ufrj.br;Projeto de Reconstrução do Setor de Etnologia e Etnografia do Museu Nacional/ UFRJ.;;;;2021-04-28T16:43:08.65-03:00;2022-11-05T19:06:15-03:00;2022-11-05T19:06:15-03:00;Adobe Photoshop Lightroom Classic 11.5 (Windows);Canon;Canon EOS 5D Mark IV;382037002395;EF24-105mm f/3.5-5.6 IS STM;000002643f;_N5A4979.CR2;MN 003-14.dng;JPEG;.jpg;3711;5685;vertical;0.6528;21.1;RGB;1;300.0;300.0;2;;;;;;;;6261411;6114.66;5.97;2022-11-05 22:06:16.674044132;.;C:\Users\Gustavo\Documents\Projetos Mestrado\Projeto A Queda do Céu\MN_003\MN 003-14.jpg;True;True;;;
MN 003-8.jpg;MN 003-8;MNSEE.003.0026;Coleção Guarani Kaiowá - Tekohá em litígio - 2020.;"Apito/ Mimby jary. Instrumento religioso e musical. Tem o formato de uma mulher idosa. Artesão Família de Adulia Gomes. Aldeia Guaiviry - Mato Grosso do Sul, Brasil. Dimensões: A-15cm; L-6cm. Acervo do Setor de Etnologia e Etnografia, Museu Nacional/UFRJ. Coleção Guarani Kaiowá - Tekohá em litígio, doada em 2020.";Aldeia Guaiviry | Etnologia | MNSEE.003.0026 | MS | Mato Grosso do Sul | Mimby jary | Tonico Benites | apito | indígena brasileiro;Francisco Moreira da Costa;fotógrafo;Paula Aguiar;Francisco Moreira da Costa - Acervo Etnologia- MN - UFRJ;Francisco Moreira da Costa - Acervo Etnologia- MN - UFRJ;see@mn.ufrj.br;Projeto de Reconstrução do Setor de Etnologia e Etnografia do Museu Nacional/ UFRJ.;;;;2021-04-30T10:02:52.50;2022-11-05T19:05:49-03:00;2022-11-05T19:05:49-03:00;Adobe Photoshop Lightroom Classic 11.5 (Windows);NIKON CORPORATION;NIKON D800;3038633;60.0 mm f/2.8;;DSC_8890.NEF;MN 003-8.dng;JPEG;.jpg;3754;5935;vertical;0.6325;22.28;RGB;1;300.0;300.0;2;;;;;;;;5636511;5504.41;5.38;2022-11-05 22:05:50.547894716;.;C:\Users\Gustavo\Documents\Projetos Mestrado\Projeto A Queda do Céu\MN_003\MN 003-8.jpg;True;True;;;
MN 003-9.jpg;MN 003-9;MNSEE.003.0026;Coleção Guarani Kaiowá - Tekohá em litígio - 2020.;"Apito/ Mimby jary. Instrumento religioso e musical. Tem o formato de uma mulher idosa. Artesão Família de Adulia Gomes. Aldeia Guaiviry - Mato Grosso do Sul, Brasil. Dimensões: A-15cm; L-6cm. Acervo do Setor de Etnologia e Etnografia, Museu Nacional/UFRJ. Coleção Guarani Kaiowá - Tekohá em litígio, doada em 2020.";Aldeia Guaiviry | Etnologia | MNSEE.003.0026 | MS | Mato Grosso do Sul | Mimby jary | Tonico Benites | apito | indígena brasileiro;Francisco Moreira da Costa;fotógrafo;Paula Aguiar;Francisco Moreira da Costa - Acervo Etnologia- MN - UFRJ;Francisco Moreira da Costa - Acervo Etnologia- MN - UFRJ;see@mn.ufrj.br;Projeto de Reconstrução do Setor de Etnologia e Etnografia do Museu Nacional/ UFRJ.;;;;2021-04-30T10:06:14.30;2022-11-05T19:05:55-03:00;2022-11-05T19:05:55-03:00;Adobe Photoshop Lightroom Classic 11.5 (Windows);NIKON CORPORATION;NIKON D800;3038633;60.0 mm f/2.8;;DSC_8895.NEF;MN 003-9.dng;JPEG;.jpg;3717;6485;vertical;0.5732;24.1;RGB;1;300.0;300.0;2;;;;;;;;6387527;6237.82;6.09;2022-11-05 22:05:57.453432798;.;C:\Users\Gustavo\Documents\Projetos Mestrado\Projeto A Queda do Céu\MN_003\MN 003-9.jpg;True;True;;;
MN 003-19.jpg;MN 003-19;MNSEE.003.0027;Coleção Guarani Kaiowá - Tekohá em litígio - 2020.;"Apito/ Mimby. Feito de cedro, instrumento religioso e musical. Artesão José Benito. Aldeia Kurusu-Amba (Jguapiré) - Mato Grosso do Sul, Brasil. Dimensões: A-5cm; L-8cm. Acervo do Setor de Etnologia e Etnografia, Museu Nacional/UFRJ. Coleção Guarani Kaiowá - Tekohá em litígio, doada em 2020.";Aldeia Kurusu-Amba (Jguapiré) | Etnologia | MNSEE.003.0027 | MS | Mato Grosso do Sul | Mimby | Tonico Benites | apito | indígena brasileiro;Francisco Moreira da Costa;fotógrafo;Paula Aguiar;Francisco Moreira da Costa - Acervo Etnologia- MN - UFRJ;Francisco Moreira da Costa - Acervo Etnologia- MN - UFRJ;see@mn.ufrj.br;Projeto de Reconstrução do Setor de Etnologia e Etnografia do Museu Nacional/ UFRJ.;;;;2021-04-30T10:16:42.40;2022-11-05T19:06:26-03:00;2022-11-05T19:06:26-03:00;Adobe Photoshop Lightroom Classic 11.5 (Windows);NIKON CORPORATION;NIKON D800;3038633;60.0 mm f/2.8;;DSC_8903.NEF;MN 003-19.dng;JPEG;.jpg;5935;4265;horizontal;1.3916;25.31;RGB;1;300.0;300.0;2;;;;;;;;7334910;7163.0;7.0;2022-11-05 22:06:27.715524197;.;C:\Users\Gustavo\Documents\Projetos Mestrado\Projeto A Queda do Céu\MN_003\MN 003-19.jpg;True;True;;;
MN 003-20.jpg;MN 003-20;MNSEE.003.0027;Coleção Guarani Kaiowá - Tekohá em litígio - 2020.;"Apito/ Mimby. Feito de cedro, instrumento religioso e musical. Artesão José Benito. Aldeia Kurusu-Amba (Jguapiré) - Mato Grosso do Sul, Brasil. Dimensões: A-5cm; L-8cm. Acervo do Setor de Etnologia e Etnografia, Museu Nacional/UFRJ. Coleção Guarani Kaiowá - Tekohá em litígio, doada em 2020.";Aldeia Kurusu-Amba (Jguapiré) | Etnologia | MNSEE.003.0027 | MS | Mato Grosso do Sul | Mimby | Tonico Benites | apito | indígena brasileiro;Francisco Moreira da Costa;fotógrafo;Paula Aguiar;Francisco Moreira da Costa - Acervo Etnologia- MN - UFRJ;Francisco Moreira da Costa - Acervo Etnologia- MN - UFRJ;see@mn.ufrj.br;Projeto de Reconstrução do Setor de Etnologia e Etnografia do Museu Nacional/ UFRJ.;;;;2021-04-30T10:16:59.60;2022-11-05T19:06:34-03:00;2022-11-05T19:06:34-03:00;Adobe Photoshop Lightroom Classic 11.5 (Windows);NIKON CORPORATION;NIKON D800;3038633;60.0 mm f/2.8;;DSC_8904.NEF;MN 003-20.dng;JPEG;.jpg;5935;4265;horizontal;1.3916;25.31;RGB;1;300.0;300.0;2;;;;;;;;7636957;7457.97;7.28;2022-11-05 22:06:35.516668558;.;C:\Users\Gustavo\Documents\Projetos Mestrado\Projeto A Queda do Céu\MN_003\MN 003-20.jpg;True;True;;;
MN 003-21.jpg;MN 003-21;MNSEE.003.0027;Coleção Guarani Kaiowá - Tekohá em litígio - 2020.;"Apito/ Mimby. Feito de cedro, instrumento religioso e musical. Artesão José Benito. Aldeia Kurusu-Amba (Jguapiré) - Mato Grosso do Sul, Brasil. Dimensões: A-5cm; L-8cm. Acervo do Setor de Etnologia e Etnografia, Museu Nacional/UFRJ. Coleção Guarani Kaiowá - Tekohá em litígio, doada em 2020.";Aldeia Kurusu-Amba (Jguapiré) | Etnologia | MNSEE.003.0027 | MS | Mato Grosso do Sul | Mimby | Tonico Benites | apito | indígena brasileiro;Francisco Moreira da Costa;fotógrafo;Paula Aguiar;Francisco Moreira da Costa - Acervo Etnologia- MN - UFRJ;Francisco Moreira da Costa - Acervo Etnologia- MN - UFRJ;see@mn.ufrj.br;Projeto de Reconstrução do Setor de Etnologia e Etnografia do Museu Nacional/ UFRJ.;;;;2021-04-30T10:19:03.10;2022-11-05T19:06:55-03:00;2022-11-05T19:06:55-03:00;Adobe Photoshop Lightroom Classic 11.5 (Windows);NIKON CORPORATION;NIKON D800;3038633;60.0 mm f/2.8;;DSC_8908.NEF;MN 003-21.dng;JPEG;.jpg;5935;4265;horizontal;1.3916;25.31;RGB;1;300.0;300.0;2;;;;;;;;7817163;7633.95;7.46;2022-11-05 22:06:56.161661625;.;C:\Users\Gustavo\Documents\Projetos Mestrado\Projeto A Queda do Céu\MN_003\MN 003-21.jpg;True;True;;;
MN 003-22.jpg;MN 003-22;MNSEE.003.0027;Coleção Guarani Kaiowá - Tekohá em litígio - 2020.;"Apito/ Mimby. Feito de cedro, instrumento religioso e musical. Artesão José Benito. Aldeia Kurusu-Amba (Jguapiré) - Mato Grosso do Sul, Brasil. Dimensões: A-5cm; L-8cm. Acervo do Setor de Etnologia e Etnografia, Museu Nacional/UFRJ. Coleção Guarani Kaiowá - Tekohá em litígio, doada em 2020.";Aldeia Kurusu-Amba (Jguapiré) | Etnologia | MNSEE.003.0027 | MS | Mato Grosso do Sul | Mimby | Tonico Benites | apito | indígena brasileiro;Francisco Moreira da Costa;fotógrafo;Paula Aguiar;Francisco Moreira da Costa - Acervo Etnologia- MN - UFRJ;Francisco Moreira da Costa - Acervo Etnologia- MN - UFRJ;see@mn.ufrj.br;Projeto de Reconstrução do Setor de Etnologia e Etnografia do Museu Nacional/ UFRJ.;;;;2021-04-30T10:19:19.90;2022-11-05T19:06:38-03:00;2022-11-05T19:06:38-03:00;Adobe Photoshop Lightroom Classic 11.5 (Windows);NIKON CORPORATION;NIKON D800;3038633;60.0 mm f/2.8;;DSC_8909.NEF;MN 003-22.dng;JPEG;.jpg;5935;4265;horizontal;1.3916;25.31;RGB;1;300.0;300.0;2;;;;;;;;7952075;7765.7;7.58;2022-11-05 22:06:40.452471018;.;C:\Users\Gustavo\Documents\Projetos Mestrado\Projeto A Queda do Céu\MN_003\MN 003-22.jpg;True;True;;;
MN 003-23.jpg;MN 003-23;MNSEE.003.0027;Coleção Guarani Kaiowá - Tekohá em litígio - 2020.;"Apito/ Mimby. Feito de cedro, instrumento religioso e musical. Artesão José Benito. Aldeia Kurusu-Amba (Jguapiré) - Mato Grosso do Sul, Brasil. Dimensões: A-5cm; L-8cm. Acervo do Setor de Etnologia e Etnografia, Museu Nacional/UFRJ. Coleção Guarani Kaiowá - Tekohá em litígio, doada em 2020.";Aldeia Kurusu-Amba (Jguapiré) | Etnologia | MNSEE.003.0027 | MS | Mato Grosso do Sul | Mimby | Tonico Benites | apito | indígena brasileiro;Francisco Moreira da Costa;fotógrafo;Paula Aguiar;Francisco Moreira da Costa - Acervo Etnologia- MN - UFRJ;Francisco Moreira da Costa - Acervo Etnologia- MN - UFRJ;see@mn.ufrj.br;Projeto de Reconstrução do Setor de Etnologia e Etnografia do Museu Nacional/ UFRJ.;;;;2021-04-30T10:18:50.40;2022-11-05T19:06:43-03:00;2022-11-05T19:06:43-03:00;Adobe Photoshop Lightroom Classic 11.5 (Windows);NIKON CORPORATION;NIKON D800;3038633;60.0 mm f/2.8;;DSC_8907.NEF;MN 003-23.dng;JPEG;.jpg;5935;4265;horizontal;1.3916;25.31;RGB;1;300.0;300.0;2;;;;;;;;7568691;7391.3;7.22;2022-11-05 22:06:43.947127581;.;C:\Users\Gustavo\Documents\Projetos Mestrado\Projeto A Queda do Céu\MN_003\MN 003-23.jpg;True;True;;;
MN 003-24.jpg;MN 003-24;MNSEE.003.0027;Coleção Guarani Kaiowá - Tekohá em litígio - 2020.;"Apito/ Mimby. Feito de cedro, instrumento religioso e musical. Artesão José Benito. Aldeia Kurusu-Amba (Jguapiré) - Mato Grosso do Sul, Brasil. Dimensões: A-5cm; L-8cm. Acervo do Setor de Etnologia e Etnografia, Museu Nacional/UFRJ. Coleção Guarani Kaiowá - Tekohá em litígio, doada em 2020.";Aldeia Kurusu-Amba (Jguapiré) | Etnologia | MNSEE.003.0027 | MS | Mato Grosso do Sul | Mimby | Tonico Benites | apito | indígena brasileiro;Francisco Moreira da Costa;fotógrafo;Paula Aguiar;Francisco Moreira da Costa - Acervo Etnologia- MN - UFRJ;Francisco Moreira da Costa - Acervo Etnologia- MN - UFRJ;see@mn.ufrj.br;Projeto de Reconstrução do Setor de Etnologia e Etnografia do Museu Nacional/ UFRJ.;;;;2021-04-30T10:18:20.30;2022-11-05T19:06:43-03:00;2022-11-05T19:06:43-03:00;Adobe Photoshop Lightroom Classic 11.5 (Windows);NIKON CORPORATION;NIKON D800;3038633;60.0 mm f/2.8;;DSC_8905.NEF;MN 003-24.dng;JPEG;.jpg;5935;4265;horizontal;1.3916;25.31;RGB;1;300.0;300.0;2;;;;;;;;8296742;8102.29;7.91;2022-11-05 22:06:44.386951923;.;C:\Users\Gustavo\Documents\Projetos Mestrado\Projeto A Queda do Céu\MN_003\MN 003-24.jpg;True;True;;;
MN 003-25.jpg;MN 003-25;MNSEE.003.0027;Coleção Guarani Kaiowá - Tekohá em litígio - 2020.;"Apito/ Mimby. Feito de cedro, instrumento religioso e musical. Artesão José Benito. Aldeia Kurusu-Amba (Jguapiré) - Mato Grosso do Sul, Brasil. Dimensões: A-5cm; L-8cm. Acervo do Setor de Etnologia e Etnografia, Museu Nacional/UFRJ. Coleção Guarani Kaiowá - Tekohá em litígio, doada em 2020.";Aldeia Kurusu-Amba (Jguapiré) | Etnologia | MNSEE.003.0027 | MS | Mato Grosso do Sul | Mimby | Tonico Benites | apito | indígena brasileiro;Francisco Moreira da Costa;fotógrafo;Paula Aguiar;Francisco Moreira da Costa - Acervo Etnologia- MN - UFRJ;Francisco Moreira da Costa - Acervo Etnologia- MN - UFRJ;see@mn.ufrj.br;Projeto de Reconstrução do Setor de Etnologia e Etnografia do Museu Nacional/ UFRJ.;;;;2021-04-30T10:18:33.60;2022-11-05T19:06:56-03:00;2022-11-05T19:06:56-03:00;Adobe Photoshop Lightroom Classic 11.5 (Windows);NIKON CORPORATION;NIKON D800;3038633;60.0 mm f/2.8;;DSC_8906.NEF;MN 003-25.dng;JPEG;.jpg;5935;4265;horizontal;1.3916;25.31;RGB;1;300.0;300.0;2;;;;;;;;8256779;8063.26;7.87;2022-11-05 22:06:57.034339190;.;C:\Users\Gustavo\Documents\Projetos Mestrado\Projeto A Queda do Céu\MN_003\MN 003-25.jpg;True;True;;;
MN 003-15.jpg;MN 003-15;MNSEE.003.0028;Coleção Guarani Kaiowá - Tekohá em litígio - 2020.;"Apito/ Minby-apyká. Instrumento religioso e musical. Artesão Marolino Fernandez. Aldeia Kurusu-Amba (Jguapiré) - Mato Grosso do Sul, Brasil. Dimensões: (minby-apyká)  A-12cm; L-6cm, (minby) A- 4cm; L-7cm. Acervo do Setor de Etnologia e Etnografia, Museu Nacional/UFRJ. Coleção Guarani Kaiowá - Tekohá em litígio, doada em 2020.";Aldeia Kurusu-Amba (Jguapiré) | Etnologia | MNSEE.003.0028 | MS | Mato Grosso do Sul | Mimby apyká | Tonico Benites | apito | indígena brasileiro;Francisco Moreira da Costa;fotógrafo;Paula Aguiar;Francisco Moreira da Costa - Acervo Etnologia- MN - UFRJ;Francisco Moreira da Costa - Acervo Etnologia- MN - UFRJ;see@mn.ufrj.br;Projeto de Reconstrução do Setor de Etnologia e Etnografia do Museu Nacional/ UFRJ.;;;;2021-04-30T10:09:28.80;2022-11-05T19:06:14-03:00;2022-11-05T19:06:14-03:00;Adobe Photoshop Lightroom Classic 11.5 (Windows);NIKON CORPORATION;NIKON D800;3038633;60.0 mm f/2.8;;DSC_8896.NEF;MN 003-15.dng;JPEG;.jpg;5935;4908;horizontal;1.2093;29.13;RGB;1;300.0;300.0;2;;;;;;;;10144694;9906.93;9.67;2022-11-05 22:06:15.562017918;.;C:\Users\Gustavo\Documents\Projetos Mestrado\Projeto A Queda do Céu\MN_003\MN 003-15.jpg;True;True;;;
MN 003-16.jpg;MN 003-16;MNSEE.003.0028;Coleção Guarani Kaiowá - Tekohá em litígio - 2020.;"Apito/ Minby-apyká. Instrumento religioso e musical. Artesão Marolino Fernandez. Aldeia Kurusu-Amba (Jguapiré) - Mato Grosso do Sul, Brasil. Dimensões: (minby-apyká)  A-12cm; L-6cm, (minby) A- 4cm; L-7cm. Acervo do Setor de Etnologia e Etnografia, Museu Nacional/UFRJ. Coleção Guarani Kaiowá - Tekohá em litígio, doada em 2020.";Aldeia Kurusu-Amba (Jguapiré) | Etnologia | MNSEE.003.0028 | MS | Mato Grosso do Sul | Mimby apyká | Tonico Benites | apito | indígena brasileiro;Francisco Moreira da Costa;fotógrafo;Paula Aguiar;Francisco Moreira da Costa - Acervo Etnologia- MN - UFRJ;Francisco Moreira da Costa - Acervo Etnologia- MN - UFRJ;see@mn.ufrj.br;Projeto de Reconstrução do Setor de Etnologia e Etnografia do Museu Nacional/ UFRJ.;;;;2021-04-30T10:12:44.10;2022-11-05T19:06:25-03:00;2022-11-05T19:06:25-03:00;Adobe Photoshop Lightroom Classic 11.5 (Windows);NIKON CORPORATION;NIKON D800;3038633;60.0 mm f/2.8;;DSC_8899.NEF;MN 003-16.dng;JPEG;.jpg;5935;4908;horizontal;1.2093;29.13;RGB;1;300.0;300.0;2;;;;;;;;9378324;9158.52;8.94;2022-11-05 22:06:26.372116089;.;C:\Users\Gustavo\Documents\Projetos Mestrado\Projeto A Queda do Céu\MN_003\MN 003-16.jpg;True;True;;;
MN 003-17.jpg;MN 003-17;MNSEE.003.0028;Coleção Guarani Kaiowá - Tekohá em litígio - 2020.;"Apito/ Minby-apyká. Instrumento religioso e musical. Artesão Marolino Fernandez. Aldeia Kurusu-Amba (Jguapiré) - Mato Grosso do Sul, Brasil. Dimensões: (minby-apyká)  A-12cm; L-6cm, (minby) A- 4cm; L-7cm. Acervo do Setor de Etnologia e Etnografia, Museu Nacional/UFRJ. Coleção Guarani Kaiowá - Tekohá em litígio, doada em 2020.";Aldeia Kurusu-Amba (Jguapiré) | Etnologia | MNSEE.003.0028 | MS | Mato Grosso do Sul | Mimby apyká | Tonico Benites | apito | indígena brasileiro;Francisco Moreira da Costa;fotógrafo;Paula Aguiar;Francisco Moreira da Costa - Acervo Etnologia- MN - UFRJ;Francisco Moreira da Costa - Acervo Etnologia- MN - UFRJ;see@mn.ufrj.br;Projeto de Reconstrução do Setor de Etnologia e Etnografia do Museu Nacional/ UFRJ.;;;;2021-04-30T10:14:43.60;2022-11-05T19:06:22-03:00;2022-11-05T19:06:22-03:00;Adobe Photoshop Lightroom Classic 11.5 (Windows);NIKON CORPORATION;NIKON D800;3038633;60.0 mm f/2.8;;DSC_8900.NEF;MN 003-17.dng;JPEG;.jpg;5935;4908;horizontal;1.2093;29.13;RGB;1;300.0;300.0;2;;;;;;;;9474153;9252.1;9.04;2022-11-05 22:06:24.071269035;.;C:\Users\Gustavo\Documents\Projetos Mestrado\Projeto A Queda do Céu\MN_003\MN 003-17.jpg;True;True;;;
MN 003-18.jpg;MN 003-18;MNSEE.003.0028;Coleção Guarani Kaiowá - Tekohá em litígio - 2020.;"Apito/ Minby-apyká. Instrumento religioso e musical. Artesão Marolino Fernandez. Aldeia Kurusu-Amba (Jguapiré) - Mato Grosso do Sul, Brasil. Dimensões: (minby-apyká)  A-12cm; L-6cm, (minby) A- 4cm; L-7cm. Acervo do Setor de Etnologia e Etnografia, Museu Nacional/UFRJ. Coleção Guarani Kaiowá - Tekohá em litígio, doada em 2020.";Aldeia Kurusu-Amba (Jguapiré) | Etnologia | MNSEE.003.0028 | MS | Mato Grosso do Sul | Mimby apyká | Tonico Benites | apito | indígena brasileiro;Francisco Moreira da Costa;fotógrafo;Paula Aguiar;Francisco Moreira da Costa - Acervo Etnologia- MN - UFRJ;Francisco Moreira da Costa - Acervo Etnologia- MN - UFRJ;see@mn.ufrj.br;Projeto de Reconstrução do Setor de Etnologia e Etnografia do Museu Nacional/ UFRJ.;;;;2021-04-30T10:15:06.60;2022-11-05T19:06:55-03:00;2022-11-05T19:06:55-03:00;Adobe Photoshop Lightroom Classic 11.5 (Windows);NIKON CORPORATION;NIKON D800;3038633;60.0 mm f/2.8;;DSC_8901.NEF;MN 003-18.dng;JPEG;.jpg;5935;4908;horizontal;1.2093;29.13;RGB;1;300.0;300.0;2;;;;;;;;10132939;9895.45;9.66;2022-11-05 22:06:56.345171452;.;C:\Users\Gustavo\Documents\Projetos Mestrado\Projeto A Queda do Céu\MN_003\MN 003-18.jpg;True;True;;;
MN 003-73.jpg;MN 003-73;MNSEE.003.0029;Coleção Guarani Kaiowá - Tekohá em litígio - 2020.;"Apito/ Mbo’y mimby. Feito a partir da raiz da goiaba do campo. Possui um cordão de algodão com miçangas feitas de semente, amarrado a um pequeno banco ritual (apyká). Artesã Lucia. Aldeia Amambai - Mato Groso do Sul, Brasil. Dimensões: (maracá)  A-6cm; L-4cm, (cordão) A- 41cm. Acervo do Setor de Etnologia e Etnografia, Museu Nacional/UFRJ. Coleção Guarani Kaiowá - Tekohá em litígio, doada em 2020.";Aldeia Amambai | Etnologia | MNSEE.003.0029 | MS | Mato Grosso do Sul | Mbo’y mimby | Tonico Benites | apito | indígena brasileiro;Francisco Moreira da Costa;fotógrafo;Paula Aguiar;Francisco Moreira da Costa - Acervo Etnologia- MN - UFRJ;Francisco Moreira da Costa - Acervo Etnologia- MN - UFRJ;see@mn.ufrj.br;Projeto de Reconstrução do Setor de Etnologia e Etnografia do Museu Nacional/ UFRJ.;;;;2021-05-20T13:51:47.60;2022-11-05T19:10:15-03:00;2022-11-05T19:10:15-03:00;Adobe Photoshop Lightroom Classic 11.5 (Windows);NIKON CORPORATION;NIKON D800;3038633;60.0 mm f/2.8;;DSC_0519.NEF;MN 003-73.dng;JPEG;.jpg;4468;6448;vertical;0.6929;28.81;RGB;1;300.0;300.0;2;;;;;;;;5029990;4912.1;4.8;2022-11-05 22:10:16.888011932;.;C:\Users\Gustavo\Documents\Projetos Mestrado\Projeto A Queda do Céu\MN_003\MN 003-73.jpg;True;True;;;
MN 003-74.jpg;MN 003-74;MNSEE.003.0029;Coleção Guarani Kaiowá - Tekohá em litígio - 2020.;"Apito/ Mbo’y mimby. Feito a partir da raiz da goiaba do campo. Possui um cordão de algodão com miçangas feitas de semente, amarrado a um pequeno banco ritual (apyká). Artesã Lucia. Aldeia Amambai - Mato Groso do Sul, Brasil. Dimensões: (maracá)  A-6cm; L-4cm, (cordão) A- 41cm. Acervo do Setor de Etnologia e Etnografia, Museu Nacional/UFRJ. Coleção Guarani Kaiowá - Tekohá em litígio, doada em 2020.";Aldeia Amambai | Etnologia | MNSEE.003.0029 | MS | Mato Grosso do Sul | Mbo’y mimby | Tonico Benites | apito | indígena brasileiro;Francisco Moreira da Costa;fotógrafo;Paula Aguiar;Francisco Moreira da Costa - Acervo Etnologia- MN - UFRJ;Francisco Moreira da Costa - Acervo Etnologia- MN - UFRJ;see@mn.ufrj.br;Projeto de Reconstrução do Setor de Etnologia e Etnografia do Museu Nacional/ UFRJ.;;;;2021-05-20T13:52:23.50;2022-11-05T19:10:18-03:00;2022-11-05T19:10:18-03:00;Adobe Photoshop Lightroom Classic 11.5 (Windows);NIKON CORPORATION;NIKON D800;3038633;60.0 mm f/2.8;;DSC_0521.NEF;MN 003-74.dng;JPEG;.jpg;4468;6448;vertical;0.6929;28.81;RGB;1;300.0;300.0;2;;;;;;;;4944539;4828.65;4.72;2022-11-05 22:10:20.907267809;.;C:\Users\Gustavo\Documents\Projetos Mestrado\Projeto A Queda do Céu\MN_003\MN 003-74.jpg;True;True;;;
MN 003-66.jpg;MN 003-66;MNSEE.003.0030;Coleção Guarani Kaiowá - Tekohá em litígio - 2020.;Cordão/ Jesaha. Cordão feito com sementes, cabaça e aglomerados de lã. Artesã Ausira Ornirio. Aldeira Camby - Mato Grosso do Sul, Brasil. Dimensões: A- 80cm. Acervo do Setor de Etnologia e Etnografia, Museu Nacional/UFRJ. Coleção Guarani Kaiowá - Tekohá em litígio, doada em 2020.;Aldeia Camby | Colar | Etnologia | Jesaha | MNSEE.003.0030 | MS | Mato Grosso do Sul | Tonico Benites | indígena brasileiro;Francisco Moreira da Costa;fotógrafo;Paula Aguiar;Francisco Moreira da Costa - Acervo Etnologia- MN - UFRJ;Francisco Moreira da Costa - Acervo Etnologia- MN - UFRJ;see@mn.ufrj.br;Projeto de Reconstrução do Setor de Etnologia e Etnografia do Museu Nacional/ UFRJ.;;;;2021-05-20T12:04:04.60;2022-11-05T19:09:44-03:00;2022-11-05T19:09:44-03:00;Adobe Photoshop Lightroom Classic 11.5 (Windows);NIKON CORPORATION;NIKON D800;3038633;60.0 mm f/2.8;;DSC_0507.NEF;MN 003-66.dng;JPEG;.jpg;4780;7145;vertical;0.669;34.15;RGB;1;300.0;300.0;2;;;;;;;;7098606;6932.23;6.77;2022-11-05 22:09:46.568072319;.;C:\Users\Gustavo\Documents\Projetos Mestrado\Projeto A Queda do Céu\MN_003\MN 003-66.jpg;True;True;;;
MN 003-67.jpg;MN 003-67;MNSEE.003.0030;Coleção Guarani Kaiowá - Tekohá em litígio - 2020.;Cordão/ Jesaha. Cordão feito com sementes, cabaça e aglomerados de lã. Artesã Ausira Ornirio. Aldeira Camby - Mato Grosso do Sul, Brasil. Dimensões: A- 80cm. Acervo do Setor de Etnologia e Etnografia, Museu Nacional/UFRJ. Coleção Guarani Kaiowá - Tekohá em litígio, doada em 2020.;Aldeia Camby | Colar | Etnologia | Jesaha | MNSEE.003.0030 | MS | Mato Grosso do Sul | Tonico Benites | indígena brasileiro;Francisco Moreira da Costa;fotógrafo;Paula Aguiar;Francisco Moreira da Costa - Acervo Etnologia- MN - UFRJ;Francisco Moreira da Costa - Acervo Etnologia- MN - UFRJ;see@mn.ufrj.br;Projeto de Reconstrução do Setor de Etnologia e Etnografia do Museu Nacional/ UFRJ.;;;;2021-05-20T13:38:37.80;2022-11-05T19:09:48-03:00;2022-11-05T19:09:48-03:00;Adobe Photoshop Lightroom Classic 11.5 (Windows);NIKON CORPORATION;NIKON D800;3038633;60.0 mm f/2.8;;DSC_0508.NEF;MN 003-67.dng;JPEG;.jpg;4743;6925;vertical;0.6849;32.85;RGB;1;300.0;300.0;2;;;;;;;;6961464;6798.3;6.64;2022-11-05 22:09:51.218640566;.;C:\Users\Gustavo\Documents\Projetos Mestrado\Projeto A Queda do Céu\MN_003\MN 003-67.jpg;True;True;;;
MN 003-68.jpg;MN 003-68;MNSEE.003.0030;Coleção Guarani Kaiowá - Tekohá em litígio - 2020.;Cordão/ Jesaha. Cordão feito com sementes, cabaça e aglomerados de lã. Artesã Ausira Ornirio. Aldeira Camby - Mato Grosso do Sul, Brasil. Dimensões: A- 80cm. Acervo do Setor de Etnologia e Etnografia, Museu Nacional/UFRJ. Coleção Guarani Kaiowá - Tekohá em litígio, doada em 2020.;Aldeia Camby | Colar | Etnologia | Jesaha | MNSEE.003.0030 | MS | Mato Grosso do Sul | Tonico Benites | indígena brasileiro;Francisco Moreira da Costa;fotógrafo;Paula Aguiar;Francisco Moreira da Costa - Acervo Etnologia- MN - UFRJ;Francisco Moreira da Costa - Acervo Etnologia- MN - UFRJ;see@mn.ufrj.br;Projeto de Reconstrução do Setor de Etnologia e Etnografia do Museu Nacional/ UFRJ.;;;;2021-05-20T13:39:38.50;2022-11-05T19:09:52-03:00;2022-11-05T19:09:52-03:00;Adobe Photoshop Lightroom Classic 11.5 (Windows);NIKON CORPORATION;NIKON D800;3038633;60.0 mm f/2.8;;DSC_0509.NEF;MN 003-68.dng;JPEG;.jpg;4743;6925;vertical;0.6849;32.85;RGB;1;300.0;300.0;2;;;;;;;;6956965;6793.91;6.63;2022-11-05 22:09:55.596934080;.;C:\Users\Gustavo\Documents\Projetos Mestrado\Projeto A Queda do Céu\MN_003\MN 003-68.jpg;True;True;;;
MN 003-75.jpg;MN 003-75;MNSEE.003.0031;Coleção Guarani Kaiowá - Tekohá em litígio - 2020.;Cordão/ Jesaha. Cordão feito com sementes. Artesão Ezequiel. Aldeira Camby - Mato Grosso do Sul, Brasil. Dimensões: A-80cm. Acervo do Setor de Etnologia e Etnografia, Museu Nacional/UFRJ. Coleção Guarani Kaiowá - Tekohá em litígio, doada em 2020.;Aldeia Camby | Colar | Etnologia | Jesaha | MNSEE.003.0031 | MS | Mato Grosso do Sul | Tonico Benites | indígena brasileiro;Francisco Moreira da Costa;fotógrafo;Paula Aguiar;Francisco Moreira da Costa - Acervo Etnologia- MN - UFRJ;Francisco Moreira da Costa - Acervo Etnologia- MN - UFRJ;see@mn.ufrj.br;Projeto de Reconstrução do Setor de Etnologia e Etnografia do Museu Nacional/ UFRJ.;;;;2021-05-20T13:47:19.90;2022-11-05T19:10:23-03:00;2022-11-05T19:10:23-03:00;Adobe Photoshop Lightroom Classic 11.5 (Windows);NIKON CORPORATION;NIKON D800;3038633;60.0 mm f/2.8;;DSC_0517.NEF;MN 003-75.dng;JPEG;.jpg;4615;6888;vertical;0.67;31.79;RGB;1;300.0;300.0;2;;;;;;;;7158894;6991.11;6.83;2022-11-05 22:10:27.619318485;.;C:\Users\Gustavo\Documents\Projetos Mestrado\Projeto A Queda do Céu\MN_003\MN 003-75.jpg;True;True;;;
MN 003-69.jpg;MN 003-69;MNSEE.003.0032;Coleção Guarani Kaiowá - Tekohá em litígio - 2020.;Cordão/ Jesaha. Cordão feito com sementes e aglomerados de lã. Artesã Ausira Ornirio. Aldeira Camby - Mato Grosso do Sul, Brasil. Dimensões: A-80cm. Acervo do Setor de Etnologia e Etnografia, Museu Nacional/UFRJ. Coleção Guarani Kaiowá - Tekohá em litígio, doada em 2020.;Aldeia Camby | Colar | Etnologia | Jesaha | MNSEE.003.0032 | MS | Mato Grosso do Sul | Tonico Benites | indígena brasileiro;Francisco Moreira da Costa;fotógrafo;Paula Aguiar;Francisco Moreira da Costa - Acervo Etnologia- MN - UFRJ;Francisco Moreira da Costa - Acervo Etnologia- MN - UFRJ;see@mn.ufrj.br;Projeto de Reconstrução do Setor de Etnologia e Etnografia do Museu Nacional/ UFRJ.;;;;2021-05-20T13:42:40.80;2022-11-05T19:09:57-03:00;2022-11-05T19:09:57-03:00;Adobe Photoshop Lightroom Classic 11.5 (Windows);NIKON CORPORATION;NIKON D800;3038633;60.0 mm f/2.8;;DSC_0510.NEF;MN 003-69.dng;JPEG;.jpg;4908;7108;vertical;0.6905;34.89;RGB;1;300.0;300.0;2;;;;;;;;15965991;15591.79;15.23;2022-11-05 22:10:00.006145477;.;C:\Users\Gustavo\Documents\Projetos Mestrado\Projeto A Queda do Céu\MN_003\MN 003-69.jpg;True;True;;;
MN 003-70.jpg;MN 003-70;MNSEE.003.0032;Coleção Guarani Kaiowá - Tekohá em litígio - 2020.;Cordão/ Jesaha. Cordão feito com sementes e aglomerados de lã. Artesã Ausira Ornirio. Aldeira Camby - Mato Grosso do Sul, Brasil. Dimensões: A-80cm. Acervo do Setor de Etnologia e Etnografia, Museu Nacional/UFRJ. Coleção Guarani Kaiowá - Tekohá em litígio, doada em 2020.;Aldeia Camby | Colar | Etnologia | Jesaha | MNSEE.003.0032 | MS | Mato Grosso do Sul | Tonico Benites | indígena brasileiro;Francisco Moreira da Costa;fotógrafo;Paula Aguiar;Francisco Moreira da Costa - Acervo Etnologia- MN - UFRJ;Francisco Moreira da Costa - Acervo Etnologia- MN - UFRJ;see@mn.ufrj.br;Projeto de Reconstrução do Setor de Etnologia e Etnografia do Museu Nacional/ UFRJ.;;;;2021-05-20T13:43:31.90;2022-11-05T19:10:02-03:00;2022-11-05T19:10:02-03:00;Adobe Photoshop Lightroom Classic 11.5 (Windows);NIKON CORPORATION;NIKON D800;3038633;60.0 mm f/2.8;;DSC_0511.NEF;MN 003-70.dng;JPEG;.jpg;4908;7108;vertical;0.6905;34.89;RGB;1;300.0;300.0;2;;;;;;;;16210942;15831.0;15.46;2022-11-05 22:10:05.070605516;.;C:\Users\Gustavo\Documents\Projetos Mestrado\Projeto A Queda do Céu\MN_003\MN 003-70.jpg;True;True;;;
MN 003-71.jpg;MN 003-71;MNSEE.003.0033;Coleção Guarani Kaiowá - Tekohá em litígio - 2020.;Cordão/ Jesaha. Cordão feito com sementes, cabaça e aglomerados de lã. Artesã Ausira Ornirio. Aldeira Camby - Mato Grosso do Sul, Brasil. Dimensões: A-80cm. Acervo do Setor de Etnologia e Etnografia, Museu Nacional/UFRJ. Coleção Guarani Kaiowá - Tekohá em litígio, doada em 2020.;Aldeia Camby | Colar | Etnologia | Jesaha | MNSEE.003.0033 | MS | Mato Grosso do Sul | Tonico Benites | indígena brasileiro;Francisco Moreira da Costa;fotógrafo;Paula Aguiar;Francisco Moreira da Costa - Acervo Etnologia- MN - UFRJ;Francisco Moreira da Costa - Acervo Etnologia- MN - UFRJ;see@mn.ufrj.br;Projeto de Reconstrução do Setor de Etnologia e Etnografia do Museu Nacional/ UFRJ.;;;;2021-05-20T13:45:33.30;2022-11-05T19:10:06-03:00;2022-11-05T19:10:06-03:00;Adobe Photoshop Lightroom Classic 11.5 (Windows);NIKON CORPORATION;NIKON D800;3038633;60.0 mm f/2.8;;DSC_0513.NEF;MN 003-71.dng;JPEG;.jpg;4707;6962;vertical;0.6761;32.77;RGB;1;300.0;300.0;2;;;;;;;;7230591;7061.12;6.9;2022-11-05 22:10:09.082877159;.;C:\Users\Gustavo\Documents\Projetos Mestrado\Projeto A Queda do Céu\MN_003\MN 003-71.jpg;True;True;;;
MN 003-72.jpg;MN 003-72;MNSEE.003.0033;Coleção Guarani Kaiowá - Tekohá em litígio - 2020.;Cordão/ Jesaha. Cordão feito com sementes, cabaça e aglomerados de lã. Artesã Ausira Ornirio. Aldeira Camby - Mato Grosso do Sul, Brasil. Dimensões: A-80cm. Acervo do Setor de Etnologia e Etnografia, Museu Nacional/UFRJ. Coleção Guarani Kaiowá - Tekohá em litígio, doada em 2020.;Aldeia Camby | Colar | Etnologia | Jesaha | MNSEE.003.0033 | MS | Mato Grosso do Sul | Tonico Benites | indígena brasileiro;Francisco Moreira da Costa;fotógrafo;Paula Aguiar;Francisco Moreira da Costa - Acervo Etnologia- MN - UFRJ;Francisco Moreira da Costa - Acervo Etnologia- MN - UFRJ;see@mn.ufrj.br;Projeto de Reconstrução do Setor de Etnologia e Etnografia do Museu Nacional/ UFRJ.;;;;2021-05-20T13:46:05.00;2022-11-05T19:10:10-03:00;2022-11-05T19:10:10-03:00;Adobe Photoshop Lightroom Classic 11.5 (Windows);NIKON CORPORATION;NIKON D800;3038633;60.0 mm f/2.8;;DSC_0514.NEF;MN 003-72.dng;JPEG;.jpg;4560;6962;vertical;0.655;31.75;RGB;1;300.0;300.0;2;;;;;;;;7044816;6879.7;6.72;2022-11-05 22:10:12.697215796;.;C:\Users\Gustavo\Documents\Projetos Mestrado\Projeto A Queda do Céu\MN_003\MN 003-72.jpg;True;True;;;
MN 003-78.jpg;MN 003-78;MNSEE.003.0034;Coleção Guarani Kaiowá - Tekohá em litígio - 2020.;"Arco musical/ Guirá-paï. Arco musical. Artesão João Souza. Aldeia Kurusu-Amba (Jguapiré) - Mato Grosso do Sul, Brasil. Dimensões: A-31cm; L-9cm. Acervo do Setor de Etnologia e Etnografia, Museu Nacional/UFRJ. Coleção Guarani Kaiowá - Tekohá em litígio, doada em 2020.";Aldeia Jaguapiré | Arco | Etnologia | Guarani Kaiowá | Guirá-paï | MNSEE.003.0034 | MS | Mato Grosso do Sul | Tonico Benites | indígena brasileiro;Francisco Moreira da Costa;fotógrafo;Paula Aguiar;Francisco Moreira da Costa - Acervo Etnologia- MN - UFRJ;Francisco Moreira da Costa - Acervo Etnologia- MN - UFRJ;see@mn.ufrj.br;Projeto de Reconstrução do Setor de Etnologia e Etnografia do Museu Nacional/ UFRJ.;;;;2021-04-28T12:09:05.85-03:00;2022-11-05T19:10:36-03:00;2022-11-05T19:10:36-03:00;Adobe Photoshop Lightroom Classic 11.5 (Windows);Canon;Canon EOS 5D Mark IV;382037002395;EF24-105mm f/3.5-5.6 IS STM;000002643f;_N5A4904.CR2;MN 003-78.dng;JPEG;.jpg;6157;4234;horizontal;1.4542;26.07;RGB;1;300.0;300.0;2;;;;;;;;8654507;8451.67;8.25;2022-11-05 22:10:37.537808180;.;C:\Users\Gustavo\Documents\Projetos Mestrado\Projeto A Queda do Céu\MN_003\MN 003-78.jpg;True;True;;;
MN 003-110.jpg;MN 003-110;MNSEE.003.0035;Coleção Guarani Kaiowá - Tekohá em litígio - 2020.;"Saia/ Kuña Kuakaha. Utilizada na Aty Guasu Kuña, Assembléia Geral das Mulheres. Artesã Vanderleia Rocha. Aldeia Rancho Jacará  - Mato Grosso do Sul, Brasil. Dimensões: 38x24cm. Dimensões: A-71cm; L-4cm. Acervo do Setor de Etnologia e Etnografia, Museu Nacional/UFRJ. Coleção Guarani Kaiowá - Tekohá em litígio, doada em 2020.";Aldeia Rancho Jacaré | Etnologia | Kuña Kuakaha | MNSEE.003.0035 | MS | Mato Grosso do Sul | Saia | Tonico Benites | indígena brasileiro;Francisco Moreira da Costa;fotógrafo;Paula Aguiar;Francisco Moreira da Costa - Acervo Etnologia- MN - UFRJ;Francisco Moreira da Costa - Acervo Etnologia- MN - UFRJ;see@mn.ufrj.br;Projeto de Reconstrução do Setor de Etnologia e Etnografia do Museu Nacional/ UFRJ.;;;;2021-04-29T10:41:17.00-03:00;2022-11-05T19:12:27-03:00;2022-11-05T19:12:27-03:00;Adobe Photoshop Lightroom Classic 11.5 (Windows);Canon;Canon EOS 5D Mark IV;382037002395;EF24-105mm f/3.5-5.6 IS STM;000002643f;_N5A5033.CR2;;JPEG;.jpg;5417;4480;horizontal;1.2092;24.27;RGB;1;300.0;300.0;2;;;;;;;;10551404;10304.11;10.06;2022-11-05 22:12:28.543030500;.;C:\Users\Gustavo\Documents\Projetos Mestrado\Projeto A Queda do Céu\MN_003\MN 003-110.jpg;True;True;;;
MN 003-111.jpg;MN 003-111;MNSEE.003.0035;Coleção Guarani Kaiowá - Tekohá em litígio - 2020.;"Saia/ Kuña Kuakaha. Utilizada na Aty Guasu Kuña, Assembléia Geral das Mulheres. Artesã Vanderleia Rocha. Aldeia Rancho Jacará  - Mato Grosso do Sul, Brasil. Dimensões: 38x24cm. Dimensões: A-71cm; L-4cm. Acervo do Setor de Etnologia e Etnografia, Museu Nacional/UFRJ. Coleção Guarani Kaiowá - Tekohá em litígio, doada em 2020.";Aldeia Rancho Jacaré | Etnologia | Kuña Kuakaha | MNSEE.003.0035 | MS | Mato Grosso do Sul | Saia | Tonico Benites | indígena brasileiro;Francisco Moreira da Costa;fotógrafo;Paula Aguiar;Francisco Moreira da Costa - Acervo Etnologia- MN - UFRJ;Francisco Moreira da Costa - Acervo Etnologia- MN - UFRJ;see@mn.ufrj.br;Projeto de Reconstrução do Setor de Etnologia e Etnografia do Museu Nacional/ UFRJ.;;;;2021-04-29T10:44:09.42-03:00;2022-11-05T19:12:34-03:00;2022-11-05T19:12:34-03:00;Adobe Photoshop Lightroom Classic 11.5 (Windows);Canon;Canon EOS 5D Mark IV;382037002395;EF24-105mm f/3.5-5.6 IS STM;000002643f;_N5A5035.CR2;;JPEG;.jpg;5417;4480;horizontal;1.2092;24.27;RGB;1;300.0;300.0;2;;;;;;;;11327337;11061.85;10.8;2022-11-05 22:12:35.870440483;.;C:\Users\Gustavo\Documents\Projetos Mestrado\Projeto A Queda do Céu\MN_003\MN 003-111.jpg;True;True;;;
